shape_id,shape_pt_lat,shape_pt_lon,shape_pt_sequence,shape_dist_traveled
18557,39.515325,-84.40343,0,0
18557,39.51540986731787,-84.40385553444659,1,38.02677405239086
18557,39.51558989538891,-84.40368700992585,2,62.871933763059815
18557,39.515068100279656,-84.40262173743439,3,171.9479001770411
18557,39.514381,-84.402825,4,250.70666045369933
18557,39.514372,-84.40278,5,254.72873423095984
18557,39.514094,-84.40197,6,331.4004775952443
18557,39.513873,-84.400853,7,431.1713356934598
18557,39.513654,-84.400245,8,489.2000499326251
18557,39.513654,-84.400245,9,489.2000499326251
18557,39.513612,-84.400013,10,509.81895944838044
18557,39.512895,-84.400755,11,612.4891895263265
18557,39.512132,-84.401221,12,706.7970180893826
18557,39.511586,-84.401597,13,775.9376370811603
18557,39.511586,-84.401597,14,775.9376370811603
18557,39.510739,-84.401984,15,876.3245957596962
18557,39.509976,-84.402391,16,968.5646979815866
18557,39.509976,-84.402391,17,968.5646979815866
18557,39.509528,-84.402447,18,1018.8535598292603
18557,39.508982,-84.402673,19,1082.9168079998167
18557,39.508481,-84.402982,20,1144.9536008220857
18557,39.508209,-84.403206,21,1181.0011392021854
18557,39.507396,-84.403701,22,1281.4330842319193
18557,39.506583,-84.404196,23,1381.8651690057077
18557,39.50577,-84.404691,24,1482.2973935231425
18557,39.50518,-84.40505,25,1555.173566497727
18557,39.504546,-84.405502,26,1636.0949536495302
18557,39.504546,-84.405502,27,1636.0949536495302
18557,39.504151,-84.405722,28,1684.160525143985
18557,39.504019,-84.405926,29,1707.1665303086404
18557,39.503842,-84.405776,30,1730.8234514583255
18557,39.503842,-84.405776,31,1730.8234514583255
18557,39.503108,-84.405104,32,1831.3649212744613
18557,39.502375,-84.404432,33,1931.8157430641857
18557,39.501819,-84.403948,34,2006.7430954370104
18557,39.501516,-84.403753,35,2044.571333167067
18557,39.501516,-84.403753,36,2044.571333167067
18557,39.500411,-84.402809,37,2192.6226538773317
18557,39.500411,-84.402809,38,2192.6226538773317
18557,39.499702,-84.402095,39,2293.0956814765004
18557,39.498992,-84.401381,40,2393.6573283027565
18557,39.498482,-84.400942,41,2462.148048955498
18557,39.497563,-84.400127,42,2586.727813131819
18557,39.497563,-84.400127,43,2586.727813131819
18557,39.497295,-84.400154,44,2616.762480051633
18557,39.495648,-84.40113,45,2819.249212758819
18557,39.494901,-84.401329,46,2904.4704764818625
18557,39.494901,-84.401329,47,2904.4704764818625
18557,39.494052,-84.401299,48,2999.3644723517427
18557,39.493427,-84.401345,49,3069.3089357452395
18557,39.493129,-84.401436,50,3103.523595192367
18557,39.493129,-84.401436,51,3103.523595192367
18557,39.493052,-84.401028,52,3139.8760102984866
18557,39.492997,-84.400261,53,3206.5575256591637
18557,39.492848,-84.398217,54,3384.284849410361
18557,39.492842,-84.396775,55,3509.118830514395
18557,39.492731,-84.395623,56,3609.6145538586998
18557,39.4928,-84.3952,57,3647.0360498050372
18557,39.49253,-84.3952,58,3677.2033387273764
18557,39.491848,-84.395314,59,3754.0400945138126
18557,39.491485,-84.395401,60,3795.291712558017
18557,39.491051,-84.395653,61,3848.4642645470685
18557,39.490415,-84.39563,62,3919.552834615119
18557,39.489256,-84.395738,63,4049.385727020594
18557,39.488358,-84.39578,64,4149.785681465112
18557,39.485015,-84.396002,65,4523.795236185299
18557,39.485015,-84.396002,66,4523.795236185299
18557,39.484166,-84.396077,67,4618.8764836481405
18557,39.484166,-84.396077,68,4618.8764836481405
18557,39.483268,-84.396125,69,4719.296563052763
18557,39.482371,-84.396173,70,4819.605004530083
18557,39.481305,-84.396318,71,4939.369605745708
18557,39.481305,-84.396318,72,4939.369605745708
18557,39.478851,-84.396425,73,5213.712798584992
18557,39.478734,-84.396362,74,5227.877757269272
18557,39.47863,-84.396071,75,5255.6248274049385
18557,39.478638,-84.394956,76,5352.173371551897
18557,39.478862,-84.394891,77,5377.826082290506
18557,39.478862,-84.394891,78,5377.826082290506
18557,39.479757,-84.39488,79,5477.8296747366085
18557,39.480634,-84.394847,80,5575.859228950624
18557,39.482655,-84.394666,81,5802.210355117491
18557,39.482804,-84.396071,82,5924.991636944253
18557,39.483701,-84.396018,83,6025.318960843612
18557,39.486619,-84.39578,84,6351.999354981337
18557,39.489443,-84.395616,85,6667.845930425797
18557,39.491314,-84.395369,86,6877.984778779271
18557,39.491829,-84.39516,87,6938.303668153401
18557,39.491829,-84.39516,88,6938.303668153401
18557,39.492708,-84.395074,89,7036.796750610925
18557,39.493127,-84.395014,90,7083.899188444251
18557,39.493889,-84.395018,91,7169.038708622813
18557,39.494785,-84.395467,92,7276.430168266607
18557,39.49541,-84.395991,93,7359.701096218867
18557,39.49601,-84.39649,94,7439.450944442746
18557,39.49626,-84.39668,95,7471.866136731737
18557,39.4966,-84.39689,96,7513.979940978458
18557,39.49701,-84.39704,97,7561.594073373135
18557,39.49728,-84.39709,98,7592.070176974225
18557,39.49764,-84.3971,99,7632.302418593281
18557,39.49794,-84.39708,100,7665.8662049626755
18557,39.49824,-84.39706,101,7699.429991758659
18557,39.4986,-84.39703,102,7739.736663483756
18557,39.499,-84.39701,103,7784.462328186782
18557,39.49945,-84.39698,104,7834.808010748009
18557,39.49986,-84.39694,105,7880.748127248031
18557,39.50018,-84.39689,106,7916.762848396143
18557,39.50051,-84.39677,107,7955.069054190779
18557,39.50077,-84.39664,108,7986.2222241283025
18557,39.50121,-84.39631,109,8043.079643570974
18557,39.50146,-84.39674,110,8089.6152462503205
18557,39.5016,-84.39705,111,8120.674672230089
18557,39.50167,-84.39759,112,8168.065688779077
18557,39.501822,-84.398443,113,8243.827268674891
18557,39.50174,-84.39874,114,8271.118618410876
18557,39.50177,-84.3993,115,8319.70650210446
18557,39.501864,-84.399257,116,8330.849121009993
18557,39.502011,-84.399227,117,8347.477432130572
18557,39.504139,-84.399034,118,8585.824979448336
18557,39.505301,-84.399021,119,8715.660114644113
18557,39.505558,-84.398989,120,8744.507991911552
18557,39.505881,-84.399262,121,8787.644060047853
18557,39.506181,-84.399226,122,8821.30755915307
18557,39.506181,-84.399226,123,8821.30755915307
18557,39.506659,-84.399246,124,8874.742525178186
18557,39.50849,-84.399092,125,9079.753833727864
18557,39.50849,-84.399092,126,9079.753833727864
18557,39.509387,-84.399031,127,9180.11458624841
18557,39.510398,-84.398866,128,9293.972694464392
18557,39.510398,-84.398866,129,9293.972694464392
18557,39.510513,-84.398942,130,9308.40735534828
18557,39.511565,-84.398818,131,9426.436220876423
18557,39.511565,-84.398818,132,9426.436220876423
18557,39.511865,-84.398843,133,9460.024982947205
18557,39.513109,-84.39871,134,9599.492919599974
18557,39.513411,-84.39869,135,9633.27975406091
18557,39.514473,-84.398198,136,9759.34526351469
18557,39.514694,-84.39818,137,9784.086707315306
18557,39.51486,-84.398541,138,9820.418776470457
18557,39.51511,-84.399514,139,9909.134954701807
18557,39.515389,-84.400621,140,10009.879109415047
18557,39.515688,-84.401808,141,10117.897557167886
18557,39.515731,-84.402169,142,10149.505550229565
18557,39.515789,-84.402282,143,10161.236795176736
18557,39.515171,-84.402558,144,10234.299927499804
18557,39.514409,-84.402857,145,10323.282978510095
18557,39.514511,-84.403375,146,10369.537071397666
18557,39.514642,-84.403771,147,10406.801892557323
18557,39.515042,-84.404555,148,10488.046150207434
18557,39.515762,-84.403908,149,10586.058316941982
18557,39.515322823573655,-84.40308472387314,150,10672.56681499329
18557,39.515205016267345,-84.40302404965198,151,10686.73799301235
18557,39.51506431014531,-84.40313402022159,152,10705.115154491581
18557,39.51526709240704,-84.40339419449603,153,10737.05685899433
18557,39.515325,-84.40343,154,10739.736174467593
24872,39.515325,-84.40343,0,0
24872,39.515366,-84.403808,1,33.031181809328025
24872,39.515600411854905,-84.40364168220901,2,62.916119423200115
24872,39.515101024083776,-84.40265064169886,3,165.2330033019313
24872,39.5150037160515,-84.40263848958398,4,176.15590920041683
24872,39.514354,-84.402796,5,250.01694863490715
24872,39.514094,-84.40197,6,327.177234636136
24872,39.513805,-84.400562,7,453.2337383277018
24872,39.513654,-84.400245,8,485.44015700209246
24872,39.513367,-84.399058,9,593.0546530066376
24872,39.513331,-84.39894,10,604.0302938539801
24872,39.513331,-84.39894,11,604.0302938539801
24872,39.5132,-84.3982,12,669.7233822776114
24872,39.51311,-84.39784,13,702.4615122580587
24872,39.51305,-84.39748,14,734.3301816809382
24872,39.512997,-84.397316,15,749.7091043022479
24872,39.512997,-84.397316,16,749.7091043022479
24872,39.513,-84.39636,17,832.4453959264115
24872,39.51296,-84.39569,18,890.6016296455523
24872,39.512907,-84.394528,19,991.3397758938474
24872,39.512851,-84.394378,20,1005.7505716520375
24872,39.512851,-84.394378,21,1005.7505716520375
24872,39.512896,-84.394263,22,1016.9010490906437
24872,39.512696,-84.391701,23,1239.7507680251797
24872,39.512551,-84.391698,24,1255.9538808907732
24872,39.512451,-84.39178,25,1269.1902533045372
24872,39.512451,-84.39178,26,1269.1902533045372
24872,39.512287,-84.391721,27,1288.2123209406795
24872,39.51169,-84.39175,28,1354.9630810149902
24872,39.510958,-84.391782,29,1436.7972334158553
24872,39.510713,-84.391876,30,1465.3547057311093
24872,39.510713,-84.391876,31,1465.3547057311093
24872,39.51023,-84.39184,32,1519.4107601563749
24872,39.50934,-84.3919,33,1618.9870576043552
24872,39.509339,-84.391962,34,1624.3542459209232
24872,39.509339,-84.391962,35,1624.3542459209232
24872,39.508441,-84.39196,36,1724.6890337578468
24872,39.50835,-84.39196,37,1734.8565752118689
24872,39.508353,-84.392043,38,1742.048043349286
24872,39.508353,-84.392043,39,1742.048043349286
24872,39.507455,-84.392041,40,1842.382820806877
24872,39.50722,-84.39204,41,1868.6397986272727
24872,39.506921,-84.392145,42,1903.2614690741748
24872,39.506921,-84.392145,43,1903.2614690741748
24872,39.5062,-84.3921,44,1983.9137649191423
24872,39.505626,-84.392257,45,2049.471285050532
24872,39.505626,-84.392257,46,2049.471285050532
24872,39.505424,-84.392153,47,2073.7698369904215
24872,39.505249,-84.390798,48,2192.6691199086495
24872,39.505249,-84.390798,49,2192.6691199086495
24872,39.50528,-84.38978,50,2280.8492872195
24872,39.505242,-84.389138,51,2336.5790902687895
24872,39.505142,-84.388883,52,2361.3174280614066
24872,39.505142,-84.388883,53,2361.3174280614066
24872,39.50518,-84.38813,54,2426.631124364705
24872,39.505067,-84.387209,55,2507.3416281657514
24872,39.505067,-84.387209,56,2507.3416281657514
24872,39.505042,-84.386045,57,2608.130247698428
24872,39.50504,-84.38597,58,2614.6257179120475
24872,39.504314,-84.386255,59,2699.411289602652
24872,39.504314,-84.386255,60,2699.411289602652
24872,39.503417,-84.386316,61,2799.7740803605966
24872,39.50336,-84.38632,62,2806.152221340136
24872,39.503031,-84.386432,63,2844.168952202912
24872,39.503031,-84.386432,64,2844.168952202912
24872,39.50258,-84.386428,65,2894.5613667904963
24872,39.502301,-84.386416,66,2925.751953074898
24872,39.50224,-84.38504,67,3045.051333157292
24872,39.50219,-84.38411,68,3125.7445917656
24872,39.50213,-84.38295,69,3226.376538672093
24872,39.50209,-84.38214,70,3296.6317585788784
24872,39.50206,-84.38168,71,3336.589874007658
24872,39.50205,-84.38129,72,3370.3665139253926
24872,39.501914,-84.379148,73,3556.3989052370666
24872,39.501807,-84.377713,74,3681.1865750144248
24872,39.501715,-84.37625,75,3808.2408899386164
24872,39.501553,-84.37544,76,3880.6538417824086
24872,39.500962,-84.373643,77,4049.6409170590814
24872,39.500869,-84.373324,78,4079.1446524930357
24872,39.500701,-84.372741,79,4132.988443071053
24872,39.500527,-84.372178,80,4185.45795239325
24872,39.500384,-84.371751,81,4225.725897981502
24872,39.50025,-84.371271,82,4269.891422533026
24872,39.49988,-84.36999,83,4388.235100334648
24872,39.4998,-84.36964,84,4419.823535405915
24872,39.49975,-84.36922,85,4456.607101324107
24872,39.49972,-84.36851,86,4518.158884136479
24872,39.49964,-84.367495,87,4606.475065303284
24872,39.499586,-84.367236,88,4629.692940517092
24872,39.499583,-84.36727,89,4632.655157619825
24872,39.499583,-84.36727,90,4632.655157619825
24872,39.499644,-84.367021,91,4655.261660119988
24872,39.499657,-84.366358,92,4712.672237199602
24872,39.49977,-84.36515,93,4818.001597814354
24872,39.49979,-84.36472,94,4855.291344920995
24872,39.49979,-84.36437,95,4885.588926054595
24872,39.49976,-84.3638,96,4935.044479868724
24872,39.499703,-84.363488,97,4962.793462925565
24872,39.499703,-84.363488,98,4962.793462925565
24872,39.499697,-84.362818,99,5020.795766868757
24872,39.499637,-84.362393,100,5058.191720717809
24872,39.499632,-84.361229,101,5158.955028059541
24872,39.49963,-84.36081,102,5195.22653387775
24872,39.499612,-84.36032,103,5237.691173305646
24872,39.499529,-84.35998,104,5268.549985755852
24872,39.499529,-84.35998,105,5268.549985755852
24872,39.499557,-84.35932,106,5325.76880979852
24872,39.49951,-84.35824,107,5419.407066909336
24872,39.49949,-84.35768,108,5467.935384870956
24872,39.49946,-84.35722,109,5507.896532351793
24872,39.49938,-84.35641,110,5578.582512910624
24872,39.49931,-84.35577,111,5634.534296821638
24872,39.49885,-84.35585,112,5686.398031657719
24872,39.498552,-84.355956,113,5720.93705497945
24872,39.498552,-84.355956,114,5720.93705497945
24872,39.498035,-84.355937,115,5778.728784624154
24872,39.496755,-84.35595,116,5921.757294520903
24872,39.49666,-84.35595,117,5932.372363208129
24872,39.495828,-84.356203,118,6027.883188974205
24872,39.49571,-84.35604,119,6047.19551902171
24872,39.49512,-84.35609,120,6113.262623575771
24872,39.495184,-84.356646,121,6161.924681441321
24872,39.49514,-84.35727,122,6216.168478645277
24872,39.49507,-84.35771,123,6255.054626533084
24872,39.49505,-84.35819,124,6296.668928031198
24872,39.49504,-84.35854,125,6326.9894872378445
24872,39.49503,-84.358996,126,6366.481802185028
24872,39.495079,-84.359191,127,6384.2288607166065
24872,39.495079,-84.359191,128,6384.2288607166065
24872,39.495021,-84.359752,129,6433.22577567174
24872,39.495091,-84.360173,130,6470.5020336130965
24872,39.495091,-84.360173,131,6470.5020336130965
24872,39.495271,-84.361275,132,6568.0001307287375
24872,39.49521,-84.36233,133,6659.58610214726
24872,39.49529,-84.36279,134,6700.399457269738
24872,39.49538,-84.36313,135,6731.503859926154
24872,39.49552,-84.36366,136,6779.979413925591
24872,39.4957,-84.36402,137,6817.070921680002
24872,39.495853,-84.364062,138,6834.5489230947705
24872,39.495853,-84.364062,139,6834.5489230947705
24872,39.495973,-84.364375,140,6864.781179184927
24872,39.495812,-84.364872,141,6911.4156351334095
24872,39.495812,-84.364872,142,6911.4156351334095
24872,39.495316,-84.365877,143,7014.570545190126
24872,39.49506,-84.366438,144,7070.934079687797
24872,39.494983,-84.366573,145,7085.446432287394
24872,39.495033,-84.367182,146,7138.462877062038
24872,39.495108,-84.367495,147,7166.825596952441
24872,39.495108,-84.367495,148,7166.825596952441
24872,39.495139,-84.368658,149,7267.565963451176
24872,39.49517,-84.369822,150,7368.392619282416
24872,39.49518,-84.3702,151,7401.134990461037
24872,39.495207,-84.370451,152,7423.072367767125
24872,39.495207,-84.370451,153,7423.072367767125
24872,39.495241,-84.371617,154,7524.083726293836
24872,39.49534,-84.372612,155,7610.927404790852
24872,39.49534,-84.372586,156,7613.178199289519
24872,39.495332,-84.374006,157,7736.109329158412
24872,39.495427,-84.375091,158,7830.6342615780295
24872,39.495427,-84.375091,159,7830.6342615780295
24872,39.49545,-84.376255,160,7931.432735256655
24872,39.495474,-84.377418,161,8032.147363628135
24872,39.49548,-84.37773,162,8059.164951986217
24872,39.495605,-84.377961,163,8083.556712296945
24872,39.495605,-84.377961,164,8083.556712296945
24872,39.495551,-84.379152,165,8186.835489143418
24872,39.495642,-84.380064,166,8266.43731902933
24872,39.495616,-84.380625,167,8315.088556364786
24872,39.49564,-84.3813,168,8373.583132938547
24872,39.495696,-84.381292,169,8379.878396829059
24872,39.496594,-84.38128,170,8480.220119990001
24872,39.497493,-84.381267,171,8580.674502421098
24872,39.49804,-84.38126,172,8641.795525105903
24872,39.498059,-84.381089,173,8656.749502814584
24872,39.498059,-84.381089,174,8656.749502814584
24872,39.498389,-84.381188,175,8694.60425526615
24872,39.499048,-84.381129,176,8768.413305924038
24872,39.50032,-84.381035,177,8910.770607622197
24872,39.500481,-84.380976,178,8929.47056213154
24872,39.500774,-84.381013,179,8962.364670480296
24872,39.502131,-84.38095,180,9114.08460938689
24872,39.50217,-84.38128,181,9142.979647224665
24872,39.502166,-84.381781,182,9186.348120185818
24872,39.50224,-84.38244,183,9243.986687536586
24872,39.50227,-84.3829,184,9283.944651641576
24872,39.502335,-84.384061,185,9384.70149313383
24872,39.50236,-84.38451,186,9423.66656659042
24872,39.502414,-84.385203,187,9483.954280612505
24872,39.502447,-84.38574,188,9530.582131257775
24872,39.502487,-84.386391,189,9587.108500045406
24872,39.502523,-84.387062,190,9645.328098081864
24872,39.502577,-84.387247,191,9662.440284453833
24872,39.502537,-84.387419,192,9677.98460923343
24872,39.502597,-84.38837,193,9760.573666169512
24872,39.502621,-84.388853,194,9802.466949479585
24872,39.50263,-84.38945,195,9854.151627956911
24872,39.502695,-84.390611,196,9954.906912022454
24872,39.5027,-84.3907,197,9962.630743483656
24872,39.50276,-84.39171,198,10050.310180985753
24872,39.50281,-84.39215,199,10088.802832438056
24872,39.50293,-84.39247,200,10119.575512968824
24872,39.50309,-84.39283,201,10155.499831548443
24872,39.5033,-84.39316,202,10192.46490101167
24872,39.50366,-84.39359,203,10247.266006655396
24872,39.50398,-84.39383,204,10288.616604962803
24872,39.50441,-84.39401,205,10339.123896385578
24872,39.50484,-84.39408,206,10387.548698617222
24872,39.50521,-84.39407,207,10428.898178139014
24872,39.50552,-84.39406,208,10463.545558998067
24872,39.50626,-84.39405,209,10546.230929431706
24872,39.50689,-84.39404,210,10616.626695485535
24872,39.507018,-84.393947,211,10633.03783394453
24872,39.507018,-84.393947,212,10633.03783394453
24872,39.507439,-84.394009,213,10680.38162931846
24872,39.508813,-84.393835,214,10834.63675105037
24872,39.509367,-84.393743,215,10897.045706100105
24872,39.509367,-84.393743,216,10897.045706100105
24872,39.510012,-84.39359,217,10970.318616952114
24872,39.51103,-84.393164,218,11089.88700826941
24872,39.511395,-84.392953,219,11134.570685737486
24872,39.512217,-84.392484,220,11234.983164237898
24872,39.51304,-84.392015,221,11335.497724663495
24872,39.514309,-84.391213,222,11493.361560093346
24872,39.514522,-84.392031,223,11568.046561065921
24872,39.514621,-84.392247,224,11589.767212779318
24872,39.514782,-84.393061,225,11662.4728696269
24872,39.514859,-84.393223,226,11678.921889549387
24872,39.514859,-84.393223,227,11678.921889549387
24872,39.514911,-84.39367,228,11718.039863905942
24872,39.515186,-84.394677,229,11810.444963850727
24872,39.515186,-84.394677,230,11810.444963850727
24872,39.515464,-84.395725,231,11906.311207579147
24872,39.515455,-84.395685,232,11909.91592918249
24872,39.515455,-84.395685,233,11909.91592918249
24872,39.515714,-84.3968,234,12010.654306804718
24872,39.515952,-84.3977,235,12092.954611649966
24872,39.51603,-84.397928,236,12114.524595745766
24872,39.51603,-84.397928,237,12114.524595745766
24872,39.516208,-84.398784,238,12191.225573910668
24872,39.516304,-84.399086,239,12219.475843084798
24872,39.516304,-84.399086,240,12219.475843084798
24872,39.516571,-84.400195,241,12319.976987793092
24872,39.51674,-84.400527,242,12354.357201996085
24872,39.516945,-84.400696,243,12381.53273038224
24872,39.516945,-84.400696,244,12381.53273038224
24872,39.51706,-84.401235,245,12429.914050603698
24872,39.517218,-84.401494,246,12458.44460381551
24872,39.516565,-84.402054,247,12546.032053330691
24872,39.516565,-84.402054,248,12546.032053330691
24872,39.516068,-84.402193,249,12602.849497935342
24872,39.515156,-84.402572,250,12709.895183131655
24872,39.514655,-84.402751,251,12767.975469355355
24872,39.514393,-84.402856,252,12798.626454473915
24872,39.514515,-84.403405,253,12848.054091385091
24872,39.514647,-84.403794,254,12884.807270474977
24872,39.515036,-84.40455,255,12963.352488438066
24872,39.51576610378344,-84.40389697668648,256,13062.589219475652
24872,39.515296,-84.403042,257,13153.326240465247
24872,39.515055,-84.403155,258,13181.973737434815
24872,39.51529131141418,-84.40340572023773,259,13216.148084174234
24872,39.515325,-84.40343,260,13216.733472405773
24873,39.515325,-84.40343,0,0
24873,39.515376906473755,-84.40382776455688,1,34.90753280345718
24873,39.51557970872148,-84.40364784557724,2,62.40034289714916
24873,39.515055914066984,-84.40251264550781,3,176.75090730421906
24873,39.514667,-84.400927,4,320.68915378026674
24873,39.514343,-84.39952,5,447.71988198345264
24873,39.514525,-84.399352,6,472.7176196501473
24873,39.51497,-84.39925,7,523.2149396629923
24873,39.514802,-84.398573,8,584.7365676441439
24873,39.51469,-84.39818,9,620.9763177951259
24873,39.514557,-84.397847,10,653.4003066683548
24873,39.51445,-84.3972,11,710.6547531511878
24873,39.51433,-84.39672,12,754.3049558095813
24873,39.51423,-84.39632,13,790.6802023834584
24873,39.513928,-84.395422,14,875.4043622731185
24873,39.513703,-84.394188,15,985.1171803650465
24873,39.513581,-84.393963,16,1008.8863832183196
24873,39.51349,-84.39331,17,1066.3065104000545
24873,39.51336,-84.39278,18,1114.419453373083
24873,39.5138,-84.39247,19,1170.4251346684375
24873,39.5145,-84.39198,20,1259.3933894087254
24873,39.51487,-84.39175,21,1305.276257165284
24873,39.51523,-84.39155,22,1349.065393423655
24873,39.51541,-84.391383,23,1373.8312917400938
24873,39.515791,-84.391256,24,1417.7968375430485
24873,39.51625,-84.391047,25,1472.1775092800026
24873,39.516908,-84.390975,26,1545.9603153500386
24873,39.517747,-84.390973,27,1639.703097551186
24873,39.51779,-84.39097,28,1644.514555795453
24873,39.518088,-84.390954,29,1677.839282275005
24873,39.518663,-84.390857,30,1742.630884484934
24873,39.51898,-84.39087,31,1778.0675962240464
24873,39.51929,-84.39085,32,1812.7475404910037
24873,39.51972,-84.39075,33,1861.5651517567528
24873,39.52015,-84.39062,34,1910.9091393900096
24873,39.520748,-84.390492,35,1978.6364316926959
24873,39.52146,-84.3905,36,2058.192234105881
24873,39.522019,-84.390401,37,2121.234896251393
24873,39.52277,-84.39038,38,2205.164898740104
24873,39.523405,-84.3903,39,2276.451297497054
24873,39.52393,-84.39028,40,2335.135846314036
24873,39.52414,-84.38954,41,2403.3320304379235
24873,39.524361,-84.388508,42,2495.982521657377
24873,39.524361,-84.388508,43,2495.982521657377
24873,39.524676,-84.387418,44,2596.6532906863968
24873,39.524992,-84.386327,45,2697.443985847562
24873,39.524998,-84.386233,46,2705.605373646823
24873,39.524998,-84.386233,47,2705.605373646823
24873,39.525267,-84.385416,48,2782.4241075222944
24873,39.525312,-84.385187,49,2802.8673424568706
24873,39.525312,-84.385187,50,2802.8673424568706
24873,39.525623,-84.384094,51,2903.6256570255323
24873,39.52583,-84.383057,52,2996.289396991777
24873,39.526173,-84.381815,53,3110.3875086610333
24873,39.52614,-84.381614,54,3128.16639021859
24873,39.52614,-84.381614,55,3128.16639021859
24873,39.52696,-84.379676,56,3319.2560018159743
24873,39.527348,-84.378723,57,3412.418809058826
24873,39.527919,-84.377807,58,3514.16585599809
24873,39.52858,-84.37693,59,3620.0578447772386
24873,39.529065,-84.376277,60,3698.346410585988
24873,39.529311,-84.375961,61,3737.1163293453233
24873,39.530186,-84.374903,62,3871.051825961878
24873,39.530981,-84.37382,63,4000.1694184043845
24873,39.53162,-84.373001,64,4100.763974356732
24873,39.53173,-84.37286,65,4118.081545696477
24873,39.531681,-84.372702,66,4132.807809822227
24873,39.53155,-84.36966,67,4396.419235326712
24873,39.53152,-84.36894,68,4458.806588924309
24873,39.53158,-84.36851,69,4496.611098110686
24873,39.531662,-84.368338,70,4514.0875133026975
24873,39.531881,-84.368023,71,4550.715608898809
24873,39.532207,-84.3675,72,4608.806566251209
24873,39.532201,-84.367413,73,4616.363892449385
24873,39.532259,-84.367432,74,4623.049807151374
24873,39.53275,-84.36667,75,4708.820962071836
24873,39.533326,-84.365776,76,4809.445841884758
24873,39.533869,-84.364872,77,4908.435067460292
24873,39.534476,-84.364017,78,5008.796723857144
24873,39.534564,-84.363735,79,5035.102421308063
24873,39.535198,-84.362908,80,5135.790886893623
24873,39.535383,-84.362447,81,5180.7149754303655
24873,39.536037,-84.361639,82,5281.844379597927
24873,39.536252,-84.361213,83,5325.839527333478
24873,39.536802,-84.360462,84,5415.274220000412
24873,39.53687,-84.36036,85,5426.919373897046
24873,39.537071,-84.359969,86,5467.524658899067
24873,39.537533,-84.359365,87,5540.979762474243
24873,39.537774,-84.358969,88,5584.556859056016
24873,39.53811,-84.35848,89,5641.120121402113
24873,39.538639,-84.357592,90,5738.054364987325
24873,39.53886,-84.3573,91,5773.381395391048
24873,39.539187,-84.356804,92,5829.741604643405
24873,39.539462,-84.356419,93,5875.058916516594
24873,39.540371,-84.357159,94,5995.1214524815205
24873,39.540703,-84.357281,95,6033.6905056488185
24873,39.54078,-84.35744,96,6049.915320987561
24873,39.54069,-84.35785,97,6086.784030634935
24873,39.5405,-84.35839,98,6138.09921164528
24873,39.54012,-84.35912,99,6214.200900276611
24873,39.539591,-84.360062,100,6314.876596826785
24873,39.53945,-84.3605,101,6355.914901024487
24873,39.539044,-84.361188,102,6430.7542351502925
24873,39.5389,-84.361653,103,6474.082341190673
24873,39.53858,-84.36205,104,6523.662273315784
24873,39.53838,-84.36244,105,6564.132951658576
24873,39.538122,-84.363043,106,6623.73743700422
24873,39.537714,-84.363772,107,6701.55907761584
24873,39.537352,-84.36462,108,6785.336861876313
24873,39.536918,-84.365311,109,6862.315319831204
24873,39.53675,-84.36563,110,6895.693274568434
24873,39.536426,-84.366358,111,6968.34131051168
24873,39.536248,-84.366499,112,6991.673422204245
24873,39.536671,-84.367043,113,7058.3749372337015
24873,39.535918,-84.367729,114,7161.339006269659
24873,39.535488,-84.368353,115,7233.610136640776
24873,39.534665,-84.369811,116,7389.715722628908
24873,39.5343,-84.370525,117,7463.739162499895
24873,39.534081,-84.37101,118,7512.315084102323
24873,39.534601,-84.371504,119,7584.444419428225
24873,39.534422,-84.371844,120,7620.016403164951
24873,39.534345,-84.372318,121,7661.919624439521
24873,39.53411,-84.37274,122,7706.892409031341
24873,39.53382,-84.37333,123,7767.355227885772
24873,39.533546,-84.374034,124,7835.526953415576
24873,39.53334,-84.37431,125,7868.693763199028
24873,39.53311,-84.37477,126,7916.069373392883
24873,39.532979,-84.375038,127,7943.490467279265
24873,39.532042,-84.375922,128,8073.147736051585
24873,39.531461,-84.376586,129,8159.836239058042
24873,39.53123,-84.37684,130,8193.735592713818
24873,39.531213,-84.376945,131,8203.016986176446
24873,39.531137,-84.376931,132,8211.594715418058
24873,39.53065,-84.3774,133,8279.474200547818
24873,39.5304,-84.37765,134,8314.803753035583
24873,39.530235,-84.378153,135,8362.069263173209
24873,39.53015,-84.37883,136,8421.411199213733
24873,39.530133,-84.380279,137,8546.799301581405
24873,39.529944,-84.381427,138,8648.34913941085
24873,39.52987,-84.38223,139,8718.318388481659
24873,39.52981,-84.38288,140,8774.95731875923
24873,39.529827,-84.383406,141,8820.508680144667
24873,39.529682,-84.384559,142,8921.578033492311
24873,39.52963,-84.38524,143,8980.786764605427
24873,39.529351,-84.386255,144,9073.977451387262
24873,39.529032,-84.386811,145,9133.850126121608
24873,39.528761,-84.38788,146,9231.17519917899
24873,39.528763,-84.388068,147,9247.44341487812
24873,39.528671,-84.388382,148,9276.491816516122
24873,39.528648,-84.390257,149,9438.746253007115
24873,39.528713,-84.390627,150,9471.573815278836
24873,39.528654,-84.39084,151,9491.14706125058
24873,39.527928,-84.390699,152,9573.176359648607
24873,39.527667,-84.390755,153,9602.738062563456
24873,39.52699,-84.39058,154,9679.880914357509
24873,39.526438,-84.390632,155,9741.720558598881
24873,39.526271,-84.390496,156,9763.78056157669
24873,39.526311,-84.391036,157,9810.718737594589
24873,39.526186,-84.391731,158,9872.455930920536
24873,39.525949,-84.392233,159,9923.328049137868
24873,39.52568,-84.39251,160,9961.770481551283
24873,39.525013,-84.392956,161,10045.694488668772
24873,39.524655,-84.393111,162,10087.882851054603
24873,39.524008,-84.393596,163,10171.471457164873
24873,39.523651,-84.393985,164,10223.663998558888
24873,39.523108,-84.394643,165,10306.866637119894
24873,39.522744,-84.395158,166,10367.198737683826
24873,39.522514,-84.395354,167,10397.98895769392
24873,39.52208,-84.39588,168,10464.495149674975
24873,39.521426,-84.396679,169,10565.092118400598
24873,39.521133,-84.397273,170,10626.032561361122
24873,39.521133,-84.397273,171,10626.032561361122
24873,39.520789,-84.397402,172,10666.055973863258
24873,39.51989,-84.398647,173,10813.35195475688
24873,39.519353,-84.399271,174,10894.071470043531
24873,39.518402,-84.400396,175,11038.181445445238
24873,39.518292,-84.400604,176,11059.97673248825
24873,39.518147,-84.400645,177,11076.561494410174
24873,39.51762,-84.401114,178,11148.075400841986
24873,39.517115,-84.401553,179,11216.096266570352
24873,39.516879,-84.401759,180,11247.925101755256
24873,39.516565,-84.402054,181,11291.313325787765
24873,39.515703,-84.402318,182,11390.296727450686
24873,39.514394,-84.402847,183,11543.54794855727
24873,39.514509,-84.403371,184,11590.680534164507
24873,39.514649,-84.403785,185,11629.774108231002
24873,39.515036,-84.404536,186,11707.83527625094
24873,39.51576,-84.403898,187,11805.77341163559
24873,39.51535247758876,-84.40311167724609,188,11887.649502181606
24873,39.51527565755709,-84.40302141349696,189,11899.254962720948
24873,39.515128743954854,-84.40306701105021,190,11916.137155239261
24873,39.51507287532034,-84.40321185033702,191,11930.139857371832
24873,39.51529221118295,-84.40339960496806,192,11959.54328125901
25068,39.515325,-84.40343,0,0
25068,39.51519,-84.40277,1,59.07437306291894
25068,39.515092,-84.40257,2,79.55505116524519
25068,39.51439,-84.402851,3,161.67234942561055
25068,39.51415,-84.40194,4,244.94681689543276
25068,39.514094,-84.40197,5,251.72093290715273
25068,39.514094,-84.40197,6,251.72093290715273
25068,39.513854,-84.400848,7,352.4553076247262
25068,39.51372,-84.40022,8,408.8281973361517
25068,39.513654,-84.400245,9,416.51320047191
25068,39.513654,-84.400245,10,416.51320047191
25068,39.513421,-84.39912,11,517.2938679721643
25068,39.51338,-84.39892,12,535.1983550197401
25068,39.513331,-84.39894,13,540.9402158286543
25068,39.513331,-84.39894,14,540.9402158286543
25068,39.5132,-84.3982,15,606.6333042522857
25068,39.51311,-84.39784,16,639.371434232733
25068,39.51305,-84.39748,17,671.2401036556124
25068,39.512997,-84.397316,18,686.6190262769221
25068,39.512997,-84.397316,19,686.6190262769221
25068,39.513,-84.39636,20,769.3553179010858
25068,39.51296,-84.39569,21,827.5115516202266
25068,39.512907,-84.394528,22,928.2496978685217
25068,39.512851,-84.394378,23,942.6604936267117
25068,39.5129,-84.39411,24,966.4916905610824
25068,39.512703,-84.39169,25,1177.0823759807176
25068,39.512642,-84.390607,26,1271.0577733509049
25068,39.512655,-84.390347,27,1293.6062607616404
25068,39.512592,-84.390256,28,1304.169098664238
25068,39.512592,-84.390256,29,1304.169098664238
25068,39.512692,-84.390183,30,1317.0047369305653
25068,39.51265,-84.38951,31,1375.4381839411517
25068,39.51262,-84.38908,32,1412.8031890948732
25068,39.512305,-84.388904,33,1451.1533616243214
25068,39.512305,-84.388904,34,1451.1533616243214
25068,39.51128,-84.388019,35,1588.9305290767256
25068,39.510477,-84.387392,36,1693.7853426600473
25068,39.510477,-84.387392,37,1693.7853426600473
25068,39.51003,-84.38707,38,1750.9787118588256
25068,39.508126,-84.386346,39,1972.7533525762026
25068,39.507886,-84.386303,40,1999.8261153578107
25068,39.507886,-84.386303,41,1999.8261153578107
25068,39.507045,-84.385892,42,2100.3009457744115
25068,39.50672,-84.38577,43,2138.118076480015
25068,39.50647,-84.38561,44,2169.2955978993627
25068,39.50626,-84.38534,45,2202.4117504139963
25068,39.50606,-84.38502,46,2237.999661804099
25068,39.50593,-84.38468,47,2270.817486491427
25068,39.5057,-84.38398,48,2336.630217840717
25068,39.50555,-84.38355,49,2377.448209333058
25068,39.505253,-84.382925,50,2440.9122649645415
25068,39.505253,-84.382925,51,2440.9122649645415
25068,39.50497,-84.38206,52,2522.1860539675135
25068,39.50486,-84.38171,53,2554.8788116920364
25068,39.504712,-84.380882,54,2628.4301961193355
25068,39.504685,-84.38051,55,2660.7701017649674
25068,39.504685,-84.38051,56,2660.7701017649674
25068,39.504587,-84.378461,57,2838.461857880173
25068,39.504502,-84.377597,58,2913.847502776485
25068,39.504457,-84.377299,59,2940.126937223673
25068,39.504457,-84.377299,60,2940.126937223673
25068,39.50446,-84.376135,61,3040.879835830844
25068,39.50446,-84.37601,62,3051.6994707746726
25068,39.50442,-84.3752,63,3121.9530861172807
25068,39.50429,-84.374339,64,3197.8813431766744
25068,39.50429,-84.374339,65,3197.8813431766744
25068,39.504305,-84.373175,66,3298.6483265693714
25068,39.50423,-84.372584,67,3350.485810746021
25068,39.50423,-84.372584,68,3350.485810746021
25068,39.504237,-84.37142,69,3451.2422616956296
25068,39.504158,-84.370977,70,3490.5903647658597
25068,39.504163,-84.37098,71,3491.206439485042
25068,39.504166,-84.369813,72,3592.2204401525073
25068,39.504086,-84.368729,73,3686.4745947542865
25068,39.504086,-84.368729,74,3686.4745947542865
25068,39.504058,-84.367565,75,3787.2774178758955
25068,39.504029,-84.366402,76,3887.9974824205265
25068,39.50401,-84.365754,77,3944.127870483035
25068,39.503939,-84.365625,78,3957.8252676173925
25068,39.503939,-84.365625,79,3957.8252676173925
25068,39.503913,-84.364916,80,4019.26447549559
25068,39.503899,-84.363505,81,4141.409787579003
25068,39.50388,-84.36258,82,4221.505526877183
25068,39.50383,-84.36142,83,4322.070145080178
25068,39.50381,-84.36095,84,4362.814631808728
25068,39.503692,-84.360244,85,4425.332206046673
25068,39.503716,-84.359446,86,4494.459308424785
25068,39.50368,-84.35797,87,4622.285760867327
25068,39.50365,-84.35733,88,4677.785856821754
25068,39.503566,-84.356956,89,4711.492724155475
25068,39.503529,-84.355793,90,4812.24791086273
25068,39.50351,-84.35521,91,4862.757643710739
25068,39.50348,-84.35436,92,4936.410972110672
25068,39.50342,-84.35335,93,5024.094633299832
25068,39.50337,-84.35266,94,5084.082834952775
25068,39.50333,-84.35202,95,5139.662327040662
25068,39.5033,-84.35156,96,5179.621616266818
25068,39.50326,-84.35106,97,5223.1327480512355
25068,39.50296,-84.35113,98,5257.197510516272
25068,39.502636,-84.351256,99,5295.0080165970885
25068,39.502636,-84.351256,100,5295.0080165970885
25068,39.502242,-84.35123,101,5339.0904274873
25068,39.501397,-84.351243,102,5433.5160631544395
25068,39.5005,-84.35117,103,5533.944404894572
25068,39.500388,-84.351232,104,5547.561418302196
25068,39.500388,-84.351232,105,5547.561418302196
25068,39.499173,-84.350937,106,5685.704492304822
25068,39.499506,-84.348819,107,5872.791074782849
25068,39.499661,-84.347746,108,5967.278352146915
25068,39.499634,-84.347435,109,5994.3692046131555
25068,39.499263,-84.347433,110,6035.824754944498
25068,39.499001,-84.34746,111,6065.193542890879
25068,39.498868,-84.347622,112,6085.627108210735
25068,39.498554,-84.347652,113,6120.8091448648365
25068,39.497888,-84.347952,114,6199.628796485859
25068,39.49746,-84.34653,115,6331.694077066823
25068,39.49733,-84.3461,116,6371.6530065600955
25068,39.497191,-84.345794,117,6402.361015323343
25068,39.497191,-84.345794,118,6402.361015323343
25068,39.496961,-84.344669,119,6503.086740026925
25068,39.49678,-84.34378,120,6582.661421389623
25068,39.49675,-84.34338,121,6617.45176635355
25068,39.49667,-84.34296,122,6654.894451543346
25068,39.49657,-84.34262,123,6686.378350461813
25068,39.496441,-84.342496,124,6704.3509428339585
25068,39.496441,-84.342496,125,6704.3509428339585
25068,39.496338,-84.342174,126,6734.509529979565
25068,39.495566,-84.341009,127,6867.225334690545
25068,39.495566,-84.341009,128,6867.225334690545
25068,39.495357,-84.340497,129,6917.326669486156
25068,39.494635,-84.339018,130,7068.66627516189
25068,39.49457,-84.33888,131,7082.648076006949
25068,39.4944,-84.338611,132,7112.701410145996
25068,39.4944,-84.338611,133,7112.701410145996
25068,39.49416,-84.338095,134,7164.805564427559
25068,39.493901,-84.337602,135,7216.373946325576
25068,39.493901,-84.337602,136,7216.373946325576
25068,39.493675,-84.336824,137,7288.308371679782
25068,39.49481,-84.33657,138,7417.026653812781
25068,39.495216,-84.336451,139,7463.548568975873
25068,39.49534,-84.336359,140,7479.530550617767
25068,39.49568,-84.33631,141,7517.758596126666
25068,39.49609,-84.3362,142,7564.551704445233
25068,39.49643,-84.33615,143,7602.789457247571
25068,39.49677,-84.33606,144,7641.57214180509
25068,39.496947,-84.33589,145,7666.225207436412
25068,39.496947,-84.33589,146,7666.225207436412
25068,39.497388,-84.33582,147,7715.874253097179
25068,39.498217,-84.335223,148,7821.950021084732
25068,39.498217,-84.335223,149,7821.950021084732
25068,39.499105,-84.335049,150,7922.313053371374
25068,39.499993,-84.334875,151,8022.676081717917
25068,39.50007,-84.33486,152,8031.377593526878
25068,39.50085,-84.33472,153,8119.374369514403
25068,39.50076,-84.33421,154,8164.654629389748
25068,39.50074,-84.33382,155,8198.489827470235
25068,39.50079,-84.33289,156,8279.191269982719
25068,39.500804,-84.332473,157,8315.323835884457
25068,39.50069,-84.332449,158,8328.230703340721
25068,39.500569,-84.332387,159,8342.777779813254
25068,39.500606,-84.33177,160,8396.34997197971
25068,39.500654,-84.33112,161,8452.874203907382
25068,39.500618,-84.33101,162,8463.21150730577
25068,39.500704,-84.33083,163,8481.518735808782
25068,39.501304,-84.330874,164,8548.672025925805
25068,39.501354,-84.330134,165,8612.974949899857
25068,39.501198,-84.329573,166,8664.572988311444
25068,39.500932,-84.329114,167,8714.194749238133
25068,39.5006,-84.32883,168,8758.700185953718
25068,39.50029,-84.32869,169,8795.399271617067
25068,39.499931,-84.328733,170,8835.687114188495
25068,39.4998,-84.32867,171,8851.308348070148
25068,39.49944,-84.32868,172,8891.54490912955
25068,39.49891,-84.32872,173,8950.869503866163
25068,39.49859,-84.32869,174,8986.721248276484
25068,39.498353,-84.328753,175,9013.759957354843
25068,39.49782,-84.3284,176,9080.701245136592
25068,39.49742,-84.32829,177,9126.40141176201
25068,39.49711,-84.3283,178,9161.052380612653
25068,39.49671,-84.328565,179,9211.293273522913
25068,39.49641,-84.32851,180,9245.152463779825
25068,39.49611,-84.32861,181,9279.775039513339
25068,39.495571,-84.328845,182,9343.34756535419
25068,39.494993,-84.329166,183,9413.659755361605
25068,39.49459,-84.32948,184,9466.261110480931
25068,39.494477,-84.329547,185,9480.156601038232
25068,39.494465,-84.329628,186,9487.296302488478
25068,39.494358,-84.329612,187,9499.332693145965
25068,39.494236,-84.329688,188,9514.47006398623
25068,39.4934,-84.3301,189,9614.464830905725
25068,39.49283,-84.33038,190,9682.6150970852
25068,39.492457,-84.330494,191,9725.447561082268
25068,39.49212,-84.330502,192,9763.111002473262
25068,39.492061,-84.330971,193,9804.248187947765
25068,39.49211,-84.331366,194,9838.882336002427
25068,39.49206,-84.33185,195,9881.157246985906
25068,39.492047,-84.332013,196,9895.34413947615
25068,39.491601,-84.332153,197,9946.633804883126
25068,39.491534,-84.332005,198,9961.474371648388
25068,39.491392,-84.33158,199,10001.546027972907
25068,39.49125,-84.331191,200,10038.776140619417
25068,39.491104,-84.330742,201,10080.935067168653
25068,39.491063,-84.330487,202,10103.483328455748
25068,39.491063,-84.330487,203,10103.483328455748
25068,39.491134,-84.330268,204,10124.037269923432
25068,39.490962,-84.330159,205,10145.44885938603
25068,39.490627,-84.330094,206,10183.303141201352
25068,39.48955,-84.33047,207,10307.974787725469
25068,39.48917,-84.33053,208,10350.75337364564
25068,39.48881,-84.3305,209,10391.064288438276
25068,39.48811,-84.3303,210,10471.17765234743
25068,39.48777,-84.3302,211,10510.144102500346
25068,39.48741,-84.33011,212,10551.119090582139
25068,39.48706,-84.33002,213,10590.997631196193
25068,39.48659,-84.3299,214,10644.534382747577
25068,39.48667,-84.32931,215,10696.396264119468
25068,39.48666,-84.329092,216,10715.305022540786
25068,39.486601,-84.329067,217,10722.244090881888
25068,39.486749,-84.328648,218,10762.115154976715
25068,39.486808,-84.328198,219,10801.63259337649
25068,39.486803,-84.327807,220,10835.492259984574
25068,39.486919,-84.327437,221,10870.051922206188
25068,39.487206,-84.326998,222,10919.784569086441
25068,39.487618,-84.326527,223,10981.287740941229
25068,39.48807,-84.32711,224,11052.696035850619
25068,39.488322,-84.32742,225,11091.598243279108
25068,39.488322,-84.32742,226,11091.598243279108
25068,39.48858,-84.327854,227,11138.960714112549
25068,39.488936,-84.328316,228,11195.375208816109
25068,39.488241,-84.329228,229,11306.12969565246
25068,39.487944,-84.329275,230,11339.565721834404
25068,39.48779,-84.33007,231,11410.518608766992
25068,39.488666,-84.330328,232,11510.921302778232
25068,39.48881,-84.33037,233,11527.417964922104
25068,39.48879,-84.33087,234,11570.767089980378
25068,39.48875,-84.33123,235,11602.255786694397
25068,39.48863,-84.33173,236,11647.576367434966
25068,39.48836,-84.33234,237,11708.401907769863
25068,39.48819,-84.33268,238,11743.43713952883
25068,39.48798,-84.33323,239,11796.525703004518
25068,39.48789,-84.33374,240,11841.814081714161
25068,39.48793,-84.33425,241,11886.19735988232
25068,39.488033,-84.334633,242,11921.29932996675
25068,39.488033,-84.334633,243,11921.29932996675
25068,39.48819,-84.335464,244,11995.35786679986
25068,39.48819,-84.335464,245,11995.35786679986
25068,39.488377,-84.336489,246,12086.532068362776
25068,39.488377,-84.336489,247,12086.532068362776
25068,39.488729,-84.338236,248,12242.82174286316
25068,39.48852,-84.338429,249,12271.53821775434
25068,39.48816,-84.338485,250,12312.056011250932
25068,39.486797,-84.339089,251,12473.086919476864
25068,39.48622,-84.33931,252,12540.340845062188
25068,39.48593,-84.33943,253,12574.370602862573
25068,39.4856,-84.33955,254,12612.680865279226
25068,39.48497,-84.33971,255,12684.427598155244
25068,39.48464,-84.3398,256,12722.116393640346
25068,39.48429,-84.33991,257,12762.36864051213
25068,39.484424,-84.340538,258,12818.769274276214
25068,39.484467,-84.340692,259,12832.942942519352
25068,39.484467,-84.340692,260,12832.942942519352
25068,39.484696,-84.342248,261,12970.080403017137
25068,39.48473,-84.34347,262,13075.957200756824
25068,39.484739,-84.343986,263,13120.647038545625
25068,39.484739,-84.343986,264,13120.647038545625
25068,39.484651,-84.345193,265,13225.618166154814
25068,39.484731,-84.346341,266,13325.420102111442
25068,39.48477,-84.34742,267,13418.947793891697
25068,39.484839,-84.347901,268,13461.30313639901
25068,39.484839,-84.347901,269,13461.30313639901
25068,39.484871,-84.348088,270,13477.884748241617
25068,39.485607,-84.34811,271,13560.146693085762
25068,39.486603,-84.348348,272,13673.330419607251
25068,39.48715,-84.34862,273,13738.831775486771
25068,39.48748,-84.34881,274,13779.208783426922
25068,39.48779,-84.34903,275,13818.739657908407
25068,39.488032,-84.349133,276,13847.21303511685
25068,39.488032,-84.349133,277,13847.21303511685
25068,39.488825,-84.34999,278,13962.786071181825
25068,39.489388,-84.350848,279,14060.13009145682
25068,39.48972,-84.351343,280,14116.812515884887
25068,39.48972,-84.351343,281,14116.812515884887
25068,39.490135,-84.352307,282,14212.291213036478
25068,39.490669,-84.353402,283,14324.308456562434
25068,39.49014,-84.35403,284,14404.621030539485
25068,39.48988,-84.35429,285,14441.373249017377
25068,39.48962,-84.35465,286,14483.981582566506
25068,39.48935,-84.35519,287,14539.623120628159
25068,39.48923,-84.3556,288,14577.568504157807
25068,39.48915,-84.35597,289,14610.826565779244
25068,39.48911,-84.35641,290,14649.182648996612
25068,39.48911,-84.3568,291,14682.94846929124
25068,39.48908,-84.35722,292,14719.465825164642
25068,39.4891,-84.35765,293,14756.761781164416
25068,39.489545,-84.357593,294,14806.729172819983
25068,39.489633,-84.357511,295,14818.857130193066
25068,39.489633,-84.357511,296,14818.857130193066
25068,39.489851,-84.357587,297,14844.088923511046
25068,39.491429,-84.357465,298,15020.726473863568
25068,39.491545,-84.357414,299,15034.419418865109
25068,39.491545,-84.357414,300,15034.419418865109
25068,39.492308,-84.357363,301,15119.789256286414
25068,39.492745,-84.357299,302,15168.931829008116
25068,39.493019,-84.356993,303,15209.418276156319
25068,39.49305,-84.356755,304,15230.312028875376
25068,39.49305,-84.356755,305,15230.312028875376
25068,39.493189,-84.356252,306,15276.545617634587
25068,39.493181,-84.356027,307,15296.04525980236
25068,39.492282,-84.355636,308,15402.047578466694
25068,39.491765,-84.355287,309,15467.240541098967
25068,39.491765,-84.355287,310,15467.240541098967
25068,39.491086,-84.354513,311,15568.46603512111
25068,39.490635,-84.353644,312,15659.019468795464
25068,39.490775,-84.353591,313,15675.321882960463
25068,39.491521,-84.35467,314,15800.521401881051
25068,39.491753,-84.354846,315,15830.591133419019
25068,39.491753,-84.354846,316,15830.591133419019
25068,39.492527,-84.355455,317,15931.880419464384
25068,39.493639,-84.355849,318,16060.729659718243
25068,39.494708,-84.355845,319,16180.177645779884
25068,39.494973,-84.355812,320,16209.925606630912
25068,39.496134,-84.355763,321,16339.722292809216
25068,39.497922,-84.355658,322,16539.715805895077
25068,39.498941,-84.355543,323,16654.01082612125
25068,39.498941,-84.355543,324,16654.01082612125
25068,39.500612,-84.355327,325,16841.65835298329
25068,39.501508,-84.355301,326,16941.800595171353
25068,39.502371,-84.355179,327,17038.806773642864
25068,39.503593,-84.35519,328,17175.353540821583
25068,39.5037,-84.356182,329,17262.05027437709
25068,39.5037,-84.356182,330,17262.05027437709
25068,39.503727,-84.357346,331,17362.852017399986
25068,39.503754,-84.358509,332,17463.56701504025
25068,39.503781,-84.359673,333,17564.368310600545
25068,39.503845,-84.360046,334,17597.437691970557
25068,39.503845,-84.360046,335,17597.437691970557
25068,39.503878,-84.361209,336,17698.174396933435
25068,39.503911,-84.362373,337,17798.99737139974
25068,39.504007,-84.363549,338,17901.354941278627
25068,39.504007,-84.363549,339,17901.354941278627
25068,39.504024,-84.364893,340,18017.706076547303
25068,39.504091,-84.365697,341,18087.70105192931
25068,39.504119,-84.367274,342,18224.240171199628
25068,39.504234,-84.36881,343,18357.813559421033
25068,39.504267,-84.369973,344,18458.54831020267
25068,39.504327,-84.371047,345,18551.75306593193
25068,39.504327,-84.371111,346,18557.29277309767
25068,39.504398,-84.372518,347,18679.33767856586
25068,39.504397,-84.372447,348,18685.484287037645
25068,39.504452,-84.374362,349,18851.355753106054
25068,39.504563,-84.376686,350,19052.896416559935
25068,39.504636,-84.378642,351,19222.397663266387
25068,39.504804,-84.380474,352,19382.07594485078
25068,39.504804,-84.380474,353,19382.07594485078
25068,39.504822,-84.380996,354,19427.30291861967
25068,39.50493,-84.381731,355,19492.05579887094
25068,39.505322,-84.382742,356,19589.912555678548
25068,39.50546,-84.383138,357,19627.496834119174
25068,39.50546,-84.383138,358,19627.496834119174
25068,39.505901,-84.384445,359,19750.88886805168
25068,39.506266,-84.385218,360,19829.244660114742
25068,39.506473,-84.385487,361,19862.062709254074
25068,39.506473,-84.385487,362,19862.062709254074
25068,39.50732,-84.385875,363,19962.481811148056
25068,39.507791,-84.38611,364,20018.901559330683
25068,39.507791,-84.38611,365,20018.901559330683
25068,39.509701,-84.386764,366,20239.689195134873
25068,39.509701,-84.386764,367,20239.689195134873
25068,39.510533,-84.387204,368,20340.14791269649
25068,39.511448,-84.387997,369,20463.283202524926
25068,39.512569,-84.388997,370,20615.526754503982
25068,39.512789,-84.389014,371,20640.15172611614
25068,39.512789,-84.389014,372,20640.15172611614
25068,39.513152,-84.38903,373,20680.73397367223
25068,39.51393,-84.388991,374,20767.726758788456
25068,39.514009,-84.389207,375,20788.399309787277
25068,39.514009,-84.389207,376,20788.399309787277
25068,39.514044,-84.390031,377,20859.81806148428
25068,39.51432,-84.391144,378,20960.95631886347
25068,39.514514,-84.392005,379,21038.558113715535
25068,39.514577,-84.39223,380,21059.2633594615
25068,39.514621,-84.392247,381,21064.394949383535
25068,39.5146,-84.392288,382,21068.648805538065
25068,39.514804,-84.393213,383,21151.881831939638
25068,39.514859,-84.393223,384,21158.087674607414
25068,39.514859,-84.393223,385,21158.087674607414
25068,39.514853,-84.393415,386,21174.717192955544
25068,39.515128,-84.394567,387,21279.040340280557
25068,39.515186,-84.394677,388,21290.55627148745
25068,39.515215,-84.394905,389,21310.551902198386
25068,39.515364,-84.395613,390,21374.044249048347
25068,39.515455,-84.395685,391,21385.969102387964
25068,39.515455,-84.395685,392,21385.969102387964
25068,39.515455,-84.395972,393,21410.80624737198
25068,39.515948,-84.397893,394,21585.93781205219
25068,39.51603,-84.397928,395,21595.5873758827
25068,39.516047,-84.398223,396,21621.187101506144
25068,39.517628,-84.397466,397,21809.58858567149
25068,39.518941,-84.396984,398,21962.104884324737
25068,39.51897,-84.39745,399,22002.560617759194
25068,39.51903,-84.39787,400,22039.51876736334
25068,39.51911,-84.39825,401,22073.595515273548
25068,39.51922,-84.39863,402,22108.700742013873
25068,39.519241,-84.3987,403,22115.196767158377
25068,39.51926,-84.39877,404,22121.615460516827
25068,39.51943,-84.39918,405,22161.859309558695
25068,39.51881,-84.39989,406,22254.45292626833
25068,39.51851,-84.400223,407,22298.655962887424
25068,39.518292,-84.400604,408,22339.64753178409
25068,39.517931,-84.400825,409,22384.286241024518
25068,39.517693,-84.401007,410,22415.192060868165
25068,39.51719,-84.40146,411,22483.713508655666
25068,39.51689,-84.4017,412,22523.145324866415
25068,39.516565,-84.402054,413,22570.65364042717
25068,39.515768,-84.402258,414,22661.43507929349
25068,39.514399,-84.402865,415,22823.16132714849
25068,39.51451,-84.40339,416,22870.257522264605
25068,39.51464,-84.40378,417,22907.001083273928
25068,39.51504,-84.40457,418,22988.679461791566
25068,39.515776,-84.403903,419,23089.148413065577
25068,39.51578,-84.4039,420,23089.665264540115
25068,39.51536282359392,-84.40345749206543,421,23149.989567678927
25071,39.500618,-84.33101,0,0
25071,39.500657528846155,-84.33084652513122,1,14.825002108605384
25071,39.501272951129586,-84.33088093545832,2,83.65798269114511
25071,39.501328,-84.330761,3,95.72587235505924
25071,39.501347,-84.330493,4,119.02282186421675
25071,39.501345,-84.330144,5,149.23560842153788
25071,39.501307,-84.329932,6,168.07269464628584
25071,39.501235,-84.329699,7,189.78826513983483
25071,39.501121,-84.329463,8,213.86428075781237
25071,39.500943,-84.329194,9,244.48924344499915
25071,39.50079,-84.329007,10,268.0339013381721
25071,39.500502,-84.328814,11,304.2942636356368
25071,39.50027,-84.32873,12,331.21904471174435
25071,39.500045,-84.32869,13,356.59841130170173
25071,39.499865,-84.32869,14,376.7120342409631
25071,39.499579,-84.328701,15,408.68453036343453
25071,39.499325,-84.328749,16,437.36965557434314
25071,39.499052,-84.328763,17,467.8993808527798
25071,39.498841,-84.328779,18,491.51766558703275
25071,39.498569,-84.328728,19,522.2305843522437
25071,39.498379,-84.328661,20,544.2396821501741
25071,39.498081,-84.328556,21,578.7573073200509
25071,39.497951,-84.32847,22,595.0806018117892
25071,39.497754,-84.328422,23,617.4826341310114
25071,39.497514,-84.328376,24,644.5948735987115
25071,39.497334,-84.328363,25,664.7399700072003
25071,39.497096,-84.328384,26,691.3967325755625
25071,39.496787,-84.328505,27,727.4791825514379
25071,39.49651,-84.328596,28,759.4186818041819
25071,39.496171,-84.328706,29,798.4780500460212
25071,39.495765,-84.32884,30,845.3052022998205
25071,39.495552,-84.32894,31,870.6319602090292
25071,39.495312,-84.329055,32,899.2385581534476
25071,39.495076,-84.329219,33,929.1890401508952
25071,39.494499,-84.329534,34,999.1946512178988
25071,39.494218,-84.329708,35,1034.020843679385
25071,39.49382,-84.329856,36,1080.3032731549856
25071,39.493688,-84.329928,37,1096.3163419337423
25071,39.493564,-84.329955,38,1110.3681652704188
25071,39.493454,-84.329965,39,1122.6902541452566
25071,39.493299,-84.32996,40,1140.0156954222011
25071,39.493164,-84.329901,41,1155.942256928087
25071,39.493009,-84.329448,42,1198.8161229621173
25071,39.492935,-84.32904,43,1235.094833022351
25071,39.492748,-84.328219,44,1309.183263652543
25071,39.492668,-84.327816,45,1345.2013332396787
25071,39.492597,-84.327197,46,1399.377531151386
25071,39.492529,-84.32643,47,1466.216744788427
25071,39.49251,-84.326094,48,1495.3846195453143
25071,39.492498,-84.325754,49,1524.851984395282
25071,39.492494,-84.325545,50,1542.9525125063115
25071,39.492465,-84.325362,51,1559.1244732721852
25071,39.492403,-84.32515,52,1578.7432343696069
25071,39.492291,-84.325075,53,1592.8427183935844
25071,39.491974,-84.324949,54,1629.9070262172534
25071,39.491498,-84.324874,55,1683.491617136087
25071,39.490817,-84.324842,56,1759.6390546702946
25071,39.490438,-84.32481,57,1802.0802044375
25071,39.489693,-84.324799,58,1885.3342346361508
25071,39.48867,-84.324751,59,1999.7229200166225
25071,39.488182,-84.324718,60,2054.3283496124373
25071,39.486373,-84.324912,61,2257.1682836826894
25071,39.485288,-84.324981,62,2378.556611797625
25071,39.484371,-84.325062,63,2481.264733875932
25071,39.4831,-84.325153,64,2623.5085421947538
25071,39.481496,-84.325266,65,2803.011229324585
25071,39.48012,-84.325421,66,2957.354304714469
25071,39.47588,-84.325722,67,3431.860941108579
25071,39.472004,-84.326006,68,3865.6742869758573
25071,39.46977,-84.326167,69,4115.697027951553
25071,39.46649,-84.326457,70,4483.073215520954
25071,39.464183,-84.326629,71,4741.294020142554
25071,39.462976,-84.326725,72,4876.423666270782
25071,39.461559,-84.326811,73,5034.938336482064
25071,39.460136,-84.32694,74,5194.340433896752
25071,39.458822,-84.327106,75,5341.872806855873
25071,39.457703,-84.327326,76,5468.356769044691
25071,39.456953,-84.327466,77,5553.036679643215
25071,39.455612,-84.32783,78,5706.16510483341
25071,39.454059,-84.328335,79,5885.130328485498
25071,39.452735,-84.328835,80,6039.287485268393
25071,39.451587,-84.329356,81,6175.276075795196
25071,39.450504,-84.329903,82,6305.239991721033
25071,39.44924,-84.330563,83,6457.616400707598
25071,39.447963,-84.331303,84,6614.050731859729
25071,39.447172,-84.331802,85,6712.444418265829
25071,39.445983,-84.332509,86,6858.744878871392
25071,39.444396,-84.333486,87,7055.244608730667
25071,39.434699,-84.339346,88,8251.857951247199
25071,39.432706,-84.340537,89,8497.30716318471
25071,39.43229,-84.340794,90,8548.850364960757
25071,39.42945,-84.342467,91,8897.73892177327
25071,39.426279,-84.344382,92,9289.002531118465
25071,39.423718,-84.345949,93,9605.754278228753
25071,39.420557,-84.347791,94,9993.361890281414
25071,39.417116,-84.349943,95,10420.704549345252
25071,39.414155,-84.351692,96,10784.63667719933
25071,39.412643,-84.352636,97,10972.355313228367
25071,39.410931,-84.353694,98,11184.496177373157
25071,39.408435,-84.355204,99,11492.57932238619
25071,39.405134,-84.357199,100,11899.95261007031
25071,39.402546,-84.358731,101,12218.165901527555
25071,39.40009,-84.36019,102,12520.336267320452
25071,39.399392,-84.360614,103,12606.55629432227
25071,39.39778,-84.361424,104,12799.880212073818
25071,39.396189,-84.362186,105,12989.530872771657
25071,39.395626,-84.362293,106,13053.1189305516
25071,39.393867,-84.362856,107,13255.63389875174
25071,39.391933,-84.363371,108,13476.2970253874
25071,39.390731,-84.363597,109,13612.026151549559
25071,39.389295,-84.363806,110,13773.499762611855
25071,39.386044,-84.364155,111,14138.013189843157
25071,39.3834,-84.36446,112,14434.625596082415
25071,39.382591,-84.364519,113,14525.164984156629
25071,39.379709,-84.365054,114,14850.51360193082
25071,39.378906,-84.365188,115,14940.987136335632
25071,39.377088,-84.365381,116,15144.811942864822
25071,39.376238,-84.365483,117,15240.198746711327
25071,39.375698,-84.365692,118,15303.199668280939
25071,39.375035,-84.366239,119,15391.166669392647
25071,39.374701,-84.366615,120,15440.724688155491
25071,39.374349,-84.367312,121,15512.839299345493
25071,39.374121,-84.367897,122,15569.60879492714
25071,39.373945,-84.368546,123,15629.228059133378
25071,39.37388,-84.369007,124,15669.861264011653
25071,39.373827,-84.369469,125,15710.362137502596
25071,39.373833,-84.371909,126,15921.964562008967
25071,39.373904,-84.373503,127,16060.426160079129
25071,39.374103,-84.378663,128,16508.458174863452
25071,39.374203,-84.380766,129,16691.172782462072
25071,39.374449,-84.387575,130,17282.28462865095
25071,39.374502,-84.389356,131,17436.84400495575
25071,39.374531,-84.390547,132,17540.176412639976
25071,39.374648,-84.391593,133,17631.82074862304
25071,39.374789,-84.392537,134,17715.18453933492
25071,39.375153,-84.394194,135,17864.51995586428
25071,39.375446,-84.395058,136,17946.28317272094
25071,39.376267,-84.397451,137,18173.16507455835
25071,39.376642,-84.398631,138,18283.734620581316
25071,39.376906,-84.399532,139,18367.246862477572
25071,39.377141,-84.400567,140,18460.75763231481
25071,39.377358,-84.401613,141,18554.644473152595
25071,39.37761,-84.402794,142,18660.852582072916
25071,39.378126,-84.404805,143,18844.514324986805
25071,39.378448,-84.406624,144,19006.293572334525
25071,39.378659,-84.408174,145,19142.74744292325
25071,39.379076,-84.410357,146,19337.685558120505
25071,39.379281,-84.411484,147,19438.0556685858
25071,39.37948,-84.412734,148,19548.699227410332
25071,39.379645,-84.414053,149,19664.54446487905
25071,39.37975,-84.415282,150,19771.753031750108
25071,39.379826,-84.417095,151,19929.184164649923
25071,39.379909,-84.419166,152,20108.995384438953
25071,39.380108,-84.423071,153,20448.316419090213
25071,39.380307,-84.427502,154,20833.15544944068
25071,39.380407,-84.429712,155,21025.10071078533
25071,39.380659,-84.434625,156,21452.012272300635
25071,39.380747,-84.436884,157,21648.12411808809
25071,39.380993,-84.441972,158,22090.127824441715
25071,39.381092,-84.443951,159,22262.069178715094
25071,39.381321,-84.449117,160,22710.703413905387
25071,39.381573,-84.453867,161,23123.49597964528
25071,39.381655,-84.455573,162,23271.690793094844
25071,39.381761,-84.456721,163,23371.92486039834
25071,39.382048,-84.458341,164,23515.992142851588
25071,39.382294,-84.459597,165,23628.301207473676
25071,39.382453,-84.460755,166,23730.25799463912
25071,39.382482,-84.461367,167,23783.41646212931
25071,39.382558,-84.463132,168,23936.67476209825
25071,39.382541,-84.464478,169,24053.386118653703
25071,39.382423,-84.465857,170,24173.66752736014
25071,39.38233,-84.467016,171,24274.686407878813
25071,39.382289,-84.467895,172,24351.031568819235
25071,39.382265,-84.468523,173,24405.543917711362
25071,39.382306,-84.470229,174,24553.521395659245
25071,39.382464,-84.473147,175,24807.11956062221
25071,39.382722,-84.478168,176,25243.376579611577
25071,39.382781,-84.479971,177,25399.828339299365
25071,39.382878,-84.481406,178,25524.707676564278
25071,39.382983,-84.482983,179,25661.928509691406
25071,39.38313,-84.484179,180,25766.908153606335
25071,39.383318,-84.485338,181,25869.55876247707
25071,39.383763,-84.487457,182,26059.871089976266
25071,39.384625,-84.491469,183,26420.767288938347
25071,39.384913,-84.492907,184,26549.51478844108
25071,39.385112,-84.494082,185,26653.774658421276
25071,39.385247,-84.495294,186,26759.920797435556
25071,39.385376,-84.49678,187,26889.546420084876
25071,39.38547,-84.497928,188,26989.619219012755
25071,39.385703,-84.501045,189,27261.08172454277
25071,39.385849,-84.502053,190,27349.973507068367
25071,39.386201,-84.503244,191,27460.454561338873
25071,39.386441,-84.503711,192,27509.0110272051
25071,39.386793,-84.504499,193,27587.83056461745
25071,39.386981,-84.505191,194,27651.388356265546
25071,39.387022,-84.505884,195,27711.636859406444
25071,39.387016,-84.506079,196,27728.554109859906
25071,39.386981,-84.506195,197,27739.343194882418
25071,39.386884,-84.506256,198,27751.400621317
25071,39.386559,-84.50631,199,27788.0074335649
25071,39.38456,-84.506481,200,28011.810412090173
25071,39.383056,-84.506668,201,28180.604905101052
25071,39.381508,-84.506837,202,28354.153922062713
25071,39.379921,-84.506953,203,28531.72512587703
25071,39.379112,-84.507034,204,28622.372164556087
25071,39.378921,-84.507034,205,28643.70906328685
25071,39.378815,-84.507138,206,28658.592490906434
25071,39.378795,-84.507347,207,28676.849417787525
25071,39.378815,-84.508308,208,28760.1952437915
25071,39.378942,-84.511371,209,29026.12594131831
25071,39.379072,-84.514276,210,29278.396564351417
25071,39.379157,-84.516078,211,29434.910485859175
25071,39.379181,-84.516757,212,29493.83771839729
25071,39.379192,-84.516958,213,29511.306759666226
25071,39.379234,-84.517041,214,29519.896948992933
25071,39.37928,-84.51713,215,29529.167357911145
25071,39.379371,-84.51721,216,29541.473531001084
25071,39.379427,-84.517288,217,29550.68558241595
25071,39.379445,-84.517382,218,29559.07931726588
25071,39.379421,-84.517489,219,29568.735343977012
25071,39.379371,-84.517575,220,29578.05125332241
25071,39.379304,-84.517629,221,29586.87934676163
25071,39.379236,-84.517626,222,29594.480056099634
25071,39.379137,-84.517602,223,29605.73334244099
25071,39.379061,-84.517553,224,29615.226769035366
25071,39.378961,-84.517548,225,29626.40614544591
25071,39.378797,-84.517551,226,29644.728381183548
25071,39.378266,-84.517575,227,29704.08270880789
25071,39.376532,-84.517717,228,29898.178117468146
25071,39.376016,-84.517752,229,29955.90012166644
25071,39.375681,-84.517798,230,29993.534769388796
25071,39.375467,-84.517875,231,30018.355280784162
25071,39.375271,-84.518001,232,30042.824303055673
25071,39.375171,-84.518082,233,30056.019336300982
25071,39.375051,-84.518127,234,30069.980708941494
25071,39.374943,-84.518144,235,30082.135044108112
25071,39.374825,-84.518101,236,30095.833839873594
25071,39.37464,-84.517975,237,30119.209798124204
25071,39.374364,-84.517891,238,30150.890140164298
25071,39.374153,-84.517889,239,30174.461512744077
25071,39.373874,-84.517881,240,30205.636220772332
25071,39.373657,-84.517814,241,30230.56352931902
25071,39.373405,-84.517669,242,30261.39404609309
25071,39.373244,-84.517527,243,30283.189672635202
25071,39.373094,-84.517312,244,30308.254985229825
25071,39.373012,-84.517146,245,30325.315438359205
25071,39.372939,-84.516958,246,30343.541714325573
25071,39.37291,-84.516797,247,30357.871915600117
25071,39.372877,-84.516658,248,30370.474872846306
25071,39.372851,-84.516599,249,30376.35740363006
25071,39.372801,-84.516556,250,30383.07287476366
25071,39.372707,-84.516556,251,30393.57360320424
25071,39.372605,-84.516574,252,30405.07439415011
25071,39.372476,-84.516604,253,30419.71783674856
25071,39.372335,-84.516626,254,30435.584007674315
25072,39.372335,-84.516626,0,0
25072,39.372503,-84.516531,1,20.495268257906726
25072,39.372667,-84.516483,2,39.28245071258462
25072,39.37279,-84.516451,3,53.30009047857783
25072,39.37289,-84.516526,4,66.22590917789495
25072,39.372954,-84.516918,5,100.95739429168106
25072,39.373078,-84.517266,6,134.1578194346904
25072,39.373253,-84.517497,7,162.14543192299243
25072,39.373424,-84.517685,8,187.25704256528718
25072,39.373723,-84.517819,9,222.62114790324284
25072,39.373975,-84.517862,10,251.017780064947
25072,39.374192,-84.517856,11,275.2643551028193
25072,39.374338,-84.517846,12,291.596992865643
25072,39.374643,-84.517942,13,326.67035208454473
25072,39.374796,-84.518055,14,346.37077904243597
25072,39.374913,-84.518141,15,361.41807965789167
25072,39.37506,-84.518114,16,378.00540424410275
25072,39.37513,-84.518041,17,388.06547858268334
25072,39.375339,-84.51784,18,417.19944760471776
25072,39.375495,-84.517749,19,436.3289385187149
25072,39.37575,-84.517677,20,465.49085847713087
25072,39.376028,-84.517663,21,496.5698603848778
25072,39.376456,-84.51762,22,544.5267291750707
25072,39.377439,-84.517518,23,654.6928602575001
25072,39.378567,-84.517459,24,780.8051848381706
25072,39.378796,-84.517433,25,806.4858254901436
25072,39.378934,-84.517403,26,822.1196273138105
25072,39.379031,-84.517352,27,833.8228286532075
25072,39.379092,-84.517261,28,844.2475807142357
25072,39.379136,-84.517057,29,862.6037601544433
25072,39.379145,-84.516842,30,881.2703692041957
25072,39.379095,-84.515665,31,983.4637674391709
25072,39.37906,-84.51471,32,1066.350457026962
25072,39.37899,-84.513053,33,1210.2183531132985
25072,39.378949,-84.512175,34,1286.4752961419065
25072,39.378919,-84.51139,35,1354.6144090072355
25072,39.378861,-84.51058,36,1425.1368669452345
25072,39.378855,-84.510158,37,1461.7289933260465
25072,39.378835,-84.509604,38,1509.810920652477
25072,39.378808,-84.509145,39,1549.7189099427267
25072,39.378741,-84.508756,40,1584.2645780330395
25072,39.378694,-84.507617,41,1683.152083368773
25072,39.378659,-84.507131,42,1725.467982861364
25072,39.378395,-84.506892,43,1761.511239379272
25072,39.377932,-84.506879,44,1813.2459604651906
25072,39.377266,-84.506839,45,1887.72662997569
25072,39.376589,-84.506798,46,1963.4388435568737
25072,39.376231,-84.506769,47,2003.5105402542147
25072,39.375879,-84.506726,48,2043.009346817754
25072,39.375809,-84.506629,49,2054.4931339341247
25072,39.375847,-84.506493,50,2067.0253265858914
25072,39.375917,-84.506431,51,2076.5145314067154
25072,39.37609,-84.506509,52,2096.989688598271
25072,39.376255,-84.506608,53,2117.322613255744
25072,39.376944,-84.506664,54,2194.4448759079073
25072,39.377416,-84.506694,55,2247.2368521656736
25072,39.379163,-84.506718,56,2442.408056749903
25072,39.380527,-84.50667,57,2594.839450736291
25072,39.380943,-84.506648,58,2641.3505876786307
25072,39.382276,-84.506525,59,2790.643432909377
25072,39.38329,-84.506423,60,2904.263611524575
25072,39.38456,-84.506254,61,3046.8918285464224
25072,39.384865,-84.5062,62,3081.2839602987624
25072,39.384938,-84.506106,63,3092.8124723478404
25072,39.384962,-84.505868,64,3113.6180677577836
25072,39.384938,-84.50561,65,3136.1441161785024
25072,39.384932,-84.505243,66,3167.966294960598
25072,39.384973,-84.504916,67,3196.6814664916715
25072,39.385035,-84.504545,68,3229.5806752150284
25072,39.385102,-84.504277,69,3253.989386109967
25072,39.385179,-84.503931,70,3285.1930377450317
25072,39.385293,-84.503408,71,3332.2863157041006
25072,39.385363,-84.503005,72,3368.086665846484
25072,39.385398,-84.502689,73,3395.758168474618
25072,39.385451,-84.50215,74,3442.8574271983566
25072,39.385419,-84.500791,75,3560.7228201110443
25072,39.385352,-84.499587,76,3665.365406707722
25072,39.385264,-84.498404,77,3768.3898915663985
25072,39.38514,-84.496741,78,3913.2200442528438
25072,39.38507,-84.495528,79,4018.666268474873
25072,39.384888,-84.49423,80,4133.013371272739
25072,39.384619,-84.49261,81,4276.632799834764
25072,39.384296,-84.49114,82,4409.080242587578
25072,39.38385,-84.489011,83,4600.256164388605
25072,39.383569,-84.487772,84,4712.162641775703
25072,39.383282,-84.486366,85,4838.200757241362
25072,39.383088,-84.485245,86,4937.772581807133
25072,39.382906,-84.484113,87,5037.995295395993
25072,39.382754,-84.482927,88,5142.208650952633
25072,39.382678,-84.482008,89,5222.332991447605
25072,39.382578,-84.480221,90,5377.660761078057
25072,39.382426,-84.477142,91,5645.138374082551
25072,39.382179,-84.471617,92,6124.93443063358
25072,39.382115,-84.470373,93,6233.023267041539
25072,39.382062,-84.469037,94,6349.003135957277
25072,39.382033,-84.468372,95,6406.748437419193
25072,39.382062,-84.467492,96,6483.111757522235
25072,39.382144,-84.46665,97,6556.684385039251
25072,39.382203,-84.465759,98,6634.213399105908
25072,39.38232,-84.46442,99,6751.036219061117
25072,39.382355,-84.463416,100,6838.169337028482
25072,39.382332,-84.462671,101,6902.81092504423
25072,39.382302,-84.46185,102,6974.069497092387
25072,39.382267,-84.461099,103,7039.297706718591
25072,39.382161,-84.460225,104,7115.992538028429
25072,39.381962,-84.459007,105,7223.907423556914
25072,39.381745,-84.458004,106,7314.183512750829
25072,39.381616,-84.457247,107,7381.379275222505
25072,39.381446,-84.456073,108,7484.922454128858
25072,39.381341,-84.454517,109,7620.338094746122
25072,39.381282,-84.452865,110,7763.720088789953
25072,39.380961,-84.446567,111,8310.945602921645
25072,39.38065,-84.439738,112,8904.060852331453
25072,39.38028,-84.431661,113,9605.593752441046
25072,39.379911,-84.423576,114,10307.825127685177
25072,39.379584,-84.417134,115,10867.589592050308
25072,39.37946,-84.41474,116,11075.631719801837
25072,39.379313,-84.41349,117,11185.255269492487
25072,39.379055,-84.411559,118,11355.15444324551
25072,39.378809,-84.410358,119,11462.859135857585
25072,39.378304,-84.407898,120,11683.503630026242
25072,39.378228,-84.40689,121,11771.32012730183
25072,39.377207,-84.402078,122,12203.892880176852
25072,39.376609,-84.399358,123,12449.035695526465
25072,39.376023,-84.397566,124,12617.65924610179
25072,39.37553,-84.396075,125,12758.19726969095
25072,39.375266,-84.395408,126,12823.12433976906
25072,39.374967,-84.394432,127,12914.1148683372
25072,39.374726,-84.393461,128,13002.518242075814
25072,39.374562,-84.392544,129,13084.122370878726
25072,39.374363,-84.39124,130,13199.36810569136
25072,39.374257,-84.390065,131,13301.948399543919
25072,39.374152,-84.387716,132,13505.988694995869
25072,39.374069,-84.385007,133,13741.094470813412
25072,39.373864,-84.378344,134,14319.36498016713
25072,39.373706,-84.374065,135,14690.864587002005
25072,39.373583,-84.37008,136,15036.724581307031
25072,39.373512,-84.368277,137,15193.286247132612
25072,39.37341,-84.36423,138,15544.438980740988
25072,39.373322,-84.363452,139,15612.622501077854
25072,39.373064,-84.363029,140,15659.278487757787
25072,39.372853,-84.362803,141,15689.93781010031
25072,39.372513,-84.362696,142,15729.0451771691
25072,39.372237,-84.362717,143,15759.938242694283
25072,39.371891,-84.362862,144,15800.592882271974
25072,39.371674,-84.363114,145,15833.235545681518
25072,39.371563,-84.36335,146,15857.167474019203
25072,39.371475,-84.363672,147,15886.773699108715
25072,39.37148,-84.364016,148,15916.612589610126
25072,39.371545,-84.364386,149,15949.51275386826
25072,39.371645,-84.364616,150,15972.37599615322
25072,39.371797,-84.364836,151,15997.919760813595
25072,39.371979,-84.365008,152,16023.140027518828
25072,39.372208,-84.365105,153,16050.075004422953
25072,39.372518,-84.36518,154,16085.318654442852
25072,39.3729,-84.365142,155,16128.128949887545
25072,39.373832,-84.365094,156,16232.350344273844
25072,39.37541,-84.365019,157,16408.790155763832
25072,39.378477,-84.364718,158,16752.47812688756
25072,39.381477,-84.364363,159,17089.097813933637
25072,39.384884,-84.36402,160,17470.943899026657
25072,39.387587,-84.363693,161,17774.295565009066
25072,39.390436,-84.363365,162,18093.900726328302
25072,39.392007,-84.363049,163,18271.564104241977
25072,39.39488,-84.362303,164,18599.034108648983
25072,39.397181,-84.36142,165,18867.294969013365
25072,39.398635,-84.360739,166,19040.154790444038
25072,39.400635,-84.359631,167,19283.397459938966
25072,39.401902,-84.358848,168,19440.399788120532
25072,39.404175,-84.357469,169,19721.105244394937
25072,39.405553,-84.356648,170,19890.731441995875
25072,39.40839,-84.354944,171,20240.454805159745
25072,39.409199,-84.354482,172,20339.32416593475
25072,39.411942,-84.35282,173,20677.98914429185
25072,39.412622,-84.352406,174,20762.018512523682
25072,39.415488,-84.350674,175,21115.7009291543
25072,39.418327,-84.348944,176,21466.578158411987
25072,39.420811,-84.347404,177,21774.560781429882
25072,39.422159,-84.346648,178,21938.81825474508
25072,39.424896,-84.344942,179,22278.51137542526
25072,39.425986,-84.344271,180,22413.47689139176
25072,39.428641,-84.342658,181,22741.42707772672
25072,39.429672,-84.342009,182,22869.625811585498
25072,39.431309,-84.341041,183,23070.860657396886
25072,39.432329,-84.340413,184,23197.160677247113
25072,39.434467,-84.339165,185,23459.397810761577
25072,39.435803,-84.33836,186,23624.175371980542
25072,39.43902,-84.336416,187,24021.153498148997
25072,39.440279,-84.3356,188,24178.6025002747
25072,39.441849,-84.334688,189,24371.010644065922
25072,39.444455,-84.333151,190,24691.213192117997
25072,39.445574,-84.332448,191,24830.297136578498
25072,39.446927,-84.331617,192,24997.75069125527
25072,39.448456,-84.330737,193,25184.842254936484
25072,39.44913,-84.330297,194,25269.253529039655
25072,39.450794,-84.329444,195,25469.33886069366
25072,39.451702,-84.329004,196,25577.724699858318
25072,39.452985,-84.328425,197,25729.61131753462
25072,39.45432,-84.327937,198,25884.661917997455
25072,39.45541,-84.327588,199,26010.157404212037
25072,39.456757,-84.327266,200,26163.237508767394
25072,39.458192,-84.326982,201,26325.464503432864
25072,39.459486,-84.326762,202,26471.310037588366
25072,39.460634,-84.326676,203,26599.806898196108
25072,39.461888,-84.326521,204,26740.57412310574
25072,39.465312,-84.326252,205,27123.890460532213
25072,39.468393,-84.326039,206,27468.664240672162
25072,39.471567,-84.325771,207,27824.094975490094
25072,39.474189,-84.325545,208,28117.7380421607
25072,39.478522,-84.325191,209,28602.890014479093
25072,39.481611,-84.324949,210,28948.699828811546
25072,39.485304,-84.32468,211,29362.023883508573
25072,39.487222,-84.324417,212,29577.55360256703
25072,39.488025,-84.324218,213,29668.92273379246
25072,39.488497,-84.324014,214,29724.544596397653
25072,39.489044,-84.323693,215,29791.690433909756
25072,39.489532,-84.323247,216,29858.50965631811
25072,39.489938,-84.322813,217,29917.418610964134
25072,39.490368,-84.322341,218,29980.496923322746
25072,39.490938,-84.321726,219,30063.516391526406
25072,39.491443,-84.321516,220,30122.803754811368
25072,39.491932,-84.321447,221,30177.77199777038
25072,39.492449,-84.321382,222,30235.816925778552
25072,39.492598,-84.321377,223,30252.472357882845
25072,39.492739,-84.32142,224,30268.662078655565
25072,39.492789,-84.321586,225,30284.082043004288
25072,39.49271,-84.322214,226,30339.16573943931
25072,39.492669,-84.323067,227,30413.159731187043
25072,39.492677,-84.323743,228,30471.69401063621
25072,39.492714,-84.324934,229,30574.89235470366
25072,39.492793,-84.326017,230,30669.071708793643
25072,39.4929,-84.327267,231,30777.953195740698
25072,39.493004,-84.328163,232,30856.39285038408
25072,39.493145,-84.328646,233,30901.079681507108
25072,39.493343,-84.329584,234,30985.249393446884
25072,39.49341,-84.329751,235,31001.531188035246
25072,39.493509,-84.329821,236,31014.144945173415
25072,39.493617,-84.329799,237,31026.362482514825
25072,39.494192,-84.329563,238,31093.784728246566
25072,39.495045,-84.329091,239,31197.49112094666
25072,39.495732,-84.32874,240,31280.053742654276
25072,39.496287,-84.32853,241,31344.680699342156
25072,39.496754,-84.328369,242,31398.693809547472
25072,39.497146,-84.328235,243,31444.006983928808
25072,39.497442,-84.328246,244,31477.09645137939
25072,39.497816,-84.328358,245,31519.998169907627
25072,39.49834405830555,-84.32855388095093,246,31581.39305168128
25072,39.49867200813596,-84.32864794575502,247,31618.932823326908
25072,39.49901192813883,-84.32860782670593,248,31657.0747454075
25072,39.49959309224159,-84.32855962300111,249,31722.149337120474
25072,39.50014218543892,-84.32854587696838,250,31783.51785305131
25072,39.50050232849678,-84.32864948675537,251,31824.748517656066
25072,39.500736128113935,-84.32883234918215,252,31855.295598677745
25072,39.501052366463384,-84.32915109521484,253,31900.129761120945
25072,39.50127797861367,-84.32958368913268,254,31945.273561260583
25072,39.50140858254755,-84.3300324020996,255,31986.768498427522
25072,39.501399816068954,-84.33045600461577,256,32023.451645885994
25072,39.50136903591725,-84.33089459853363,257,32061.574927598354
25072,39.50116864180408,-84.3314346206932,258,32113.409427845738
25072,39.50090780266986,-84.33207340658888,259,32175.918625677747
25072,39.50082708699911,-84.33245964468702,260,32210.5494381765
25072,39.500512668371506,-84.33244532638932,261,32245.704963247208
25072,39.5005617691921,-84.33205157672118,262,32280.22982200233
25072,39.50059928803845,-84.3314640932541,263,32331.259592027272
25072,39.500618,-84.33101,264,32370.625115997867
27105,39.515325,-84.40343,0,0
27105,39.51538089199469,-84.4038101571997,1,33.486111271230634
27105,39.51564574913362,-84.40363849582275,2,66.59785073624417
27105,39.515798,-84.403911,3,95.6752204186055
27105,39.515046,-84.404578,4,197.61251948816056
27105,39.515457,-84.405301,5,275.22354891067255
27105,39.515832,-84.406014,6,349.80667930900495
27105,39.515194,-84.406559,7,435.2799385610267
27105,39.51457,-84.40706,8,517.3803178761896
27105,39.514362,-84.407229,9,544.8389389994204
27105,39.514268,-84.407347,10,559.4875724430965
27105,39.514268,-84.407347,11,559.4875724430965
27105,39.513518,-84.407988,12,659.9816193635313
27105,39.512768,-84.408629,13,760.475900651133
27105,39.512018,-84.40927,14,860.9704163109772
27105,39.51189,-84.40938,15,878.1503498288426
27105,39.51122,-84.40998,16,969.2548121683462
27105,39.511168,-84.410067,17,978.7650836891265
27105,39.511168,-84.410067,18,978.7650836891265
27105,39.51041,-84.410692,19,1079.2545203775294
27105,39.51011,-84.41094,20,1119.0558997079527
27105,39.510104,-84.410985,21,1123.007710271949
27105,39.509349,-84.411617,22,1223.5434430402804
27105,39.50919,-84.41175,23,1244.7113464851773
27105,39.509227,-84.411821,24,1252.1172726114394
27105,39.509227,-84.411821,25,1252.1172726114394
27105,39.508448,-84.412401,26,1352.5911103526398
27105,39.50841,-84.41243,27,1357.5231472343144
27105,39.507667,-84.413084,28,1457.997325234305
27105,39.50758,-84.41316,29,1469.7340062001206
27105,39.507621,-84.413239,30,1477.963991777034
27105,39.507621,-84.413239,31,1477.963991777034
27105,39.507202,-84.413522,32,1530.7981574804473
27105,39.506574,-84.414048,33,1614.4378794018874
27105,39.505431,-84.415067,34,1769.63657036468
27105,39.503818,-84.416428,35,1984.9358186869556
27105,39.502042,-84.41725,36,2195.7322894915906
27105,39.501054,-84.417688,37,2312.4470675208436
27105,39.500092,-84.417744,38,2420.037442615526
27105,39.499217,-84.417688,39,2517.918444833956
27105,39.497832,-84.418087,40,2676.4673014257287
27105,39.49668,-84.418329,41,2806.869916737378
27105,39.494201,-84.418618,42,3084.9677176670443
27105,39.492363,-84.418806,43,3290.965057444627
27105,39.491477,-84.418897,44,3390.2677560761144
27105,39.489847,-84.419071,45,3573.003914569346
27105,39.489104,-84.419154,46,3656.3271175011723
27105,39.487235,-84.41931,47,3865.580242745675
27105,39.48677,-84.419433,48,3918.6131197178956
27105,39.48677,-84.419433,49,3918.6131197178956
27105,39.485478,-84.419527,50,4063.1929424385626
27105,39.48503,-84.419557,51,4113.313740893622
27105,39.48444,-84.4196,52,4179.3373930676535
27105,39.483988,-84.419719,53,4230.877958781448
27105,39.483866,-84.419677,54,4244.985267809285
27105,39.482337,-84.419929,55,4417.202572504407
27105,39.481623,-84.419926,56,4496.975652194024
27105,39.481527,-84.420034,57,4511.205046357676
27105,39.481527,-84.420034,58,4511.205046357676
27105,39.481444,-84.419964,59,4522.2831695323275
27105,39.480411,-84.420082,60,4638.147843542017
27105,39.480324,-84.420157,61,4649.837544228039
27105,39.480324,-84.420157,62,4649.837544228039
27105,39.480243,-84.420119,63,4659.466889083152
27105,39.478769,-84.420235,64,4824.457540107717
27105,39.478787,-84.420508,65,4848.180196786338
27105,39.47927,-84.420467,66,4902.260645000071
27105,39.47929,-84.420369,67,4911.035048611621
27105,39.47929,-84.420369,68,4911.035048611621
27105,39.479327,-84.420153,69,4930.188344255775
27105,39.481006,-84.419952,70,5118.582477340245
27105,39.482336,-84.419745,71,5268.255497656227
27105,39.484001,-84.419578,72,5454.841081514828
27105,39.485322,-84.419444,73,5602.887003636373
27105,39.486469,-84.419375,74,5731.176441714641
27105,39.487656,-84.41916,75,5865.09563098993
27105,39.489093,-84.419037,76,6025.999395164374
27105,39.490289,-84.418945,77,6159.861494659533
27105,39.491287,-84.418806,78,6272.012013788036
27105,39.492392,-84.418688,79,6395.891768792367
27105,39.494256,-84.418492,80,6604.840178523902
27105,39.494159,-84.417522,81,6689.504040770577
27105,39.494098,-84.41666,82,6764.433249418332
27105,39.493983,-84.415016,83,6907.324613198895
27105,39.493948,-84.413491,84,7039.394303338014
27105,39.494061,-84.413382,85,7055.155854794295
27105,39.494212,-84.413427,86,7072.470590989447
27105,39.494959,-84.413343,87,7156.247206682604
27105,39.495857,-84.413303,88,7256.638257068176
27105,39.496052,-84.413162,89,7281.611006742975
27105,39.496052,-84.413162,90,7281.611006742975
27105,39.496285,-84.413245,91,7308.616778842517
27105,39.496958,-84.413193,92,7383.944022089167
27105,39.497683,-84.413061,93,7465.748401077925
27105,39.497683,-84.413061,94,7465.748401077925
27105,39.497997,-84.413063,95,7500.831284446982
27105,39.498842,-84.412964,96,7595.629202035508
27105,39.498842,-84.412964,97,7595.629202035508
27105,39.499641,-84.412894,98,7685.10493481549
27105,39.499641,-84.412894,99,7685.10493481549
27105,39.500538,-84.412829,100,7785.482391164512
27105,39.50058,-84.412798,101,7790.887947278022
27105,39.50058,-84.412798,102,7790.887947278022
27105,39.500941,-84.412802,103,7831.223099003579
27105,39.501417,-84.412769,104,7884.48209048638
27105,39.501619,-84.412706,105,7907.700491897408
27105,39.501619,-84.412706,106,7907.700491897408
27105,39.501712,-84.412524,107,7926.57182076213
27105,39.501662,-84.411466,108,8018.317988563514
27105,39.501719,-84.411097,109,8050.885810141095
27105,39.50293,-84.410921,110,8187.043192751086
27105,39.503215,-84.410723,111,8223.204550976428
27105,39.503677,-84.410385,112,8282.536799574014
27105,39.504395,-84.409771,113,8378.763647514157
27105,39.50475,-84.41019,114,8432.507229561226
27105,39.5053,-84.41024,115,8494.1098494818
27105,39.50534,-84.40987,116,8526.444207574685
27105,39.50537,-84.40982,117,8531.918027754618
27105,39.505568,-84.409429,118,8572.34871856908
27105,39.5061,-84.40895,119,8644.818012787464
27105,39.506298,-84.40875,120,8672.907707739683
27105,39.506867,-84.408592,121,8737.935249776196
27105,39.50681,-84.408195,122,8772.880690063976
27105,39.50681,-84.408195,123,8772.880690063976
27105,39.506887,-84.407777,124,8810.067329648598
27105,39.507683,-84.407726,125,8899.112661147132
27105,39.508469,-84.40761,126,8987.503258973042
27105,39.508469,-84.40761,127,8987.503258973042
27105,39.509366,-84.407559,128,9087.820870467694
27105,39.509699,-84.407498,129,9125.399154060695
27105,39.509699,-84.407498,130,9125.399154060695
27105,39.511106,-84.407412,131,9282.777270391827
27105,39.511106,-84.407412,132,9282.777270391827
27105,39.511839,-84.407378,133,9364.727120417274
27105,39.512182,-84.406992,134,9415.565962144938
27105,39.51219,-84.406891,135,9424.352405699454
27105,39.51219,-84.406891,136,9424.352405699454
27105,39.512339,-84.406848,137,9441.410829550234
27105,39.513237,-84.406075,138,9562.000366472555
27105,39.51339,-84.405946,139,9582.417385908078
27105,39.513775,-84.405628,140,9633.483063187226
27105,39.514193,-84.405285,141,9688.820707929308
27105,39.514305,-84.405108,142,9708.600086823933
27105,39.514446,-84.405065,143,9724.787402668322
27105,39.515056,-84.404556,144,9805.937706740338
27105,39.515806,-84.405903,145,9949.499862538485
27105,39.516224,-84.405531,146,10006.222723249022
27105,39.516382,-84.405384,147,10027.981877226117
27105,39.516382,-84.405384,148,10027.981877226117
27105,39.517115,-84.404676,149,10130.261007198696
27105,39.517892,-84.404122,150,10229.43234738807
27105,39.51836,-84.40373,151,10291.761118875509
27105,39.51846,-84.403576,152,10309.151633479347
27105,39.51846,-84.403576,153,10309.151633479347
27105,39.519253,-84.402927,154,10414.052965555331
27105,39.520256,-84.402047,155,10549.54210971075
27105,39.520256,-84.402047,156,10549.54210971075
27105,39.520425,-84.401869,157,10573.909961316816
27105,39.520429,-84.401792,158,10580.588012952896
27105,39.520328,-84.401487,159,10609.292038552841
27105,39.51999,-84.400714,160,10686.106987440677
27105,39.519875,-84.400717,161,10698.958521230674
27105,39.519875,-84.400717,162,10698.958521230674
27105,39.519907,-84.40055,163,10713.845473185656
27105,39.519304,-84.399373,164,10835.963649754882
27105,39.518648,-84.400116,165,10933.462853035704
27105,39.518351,-84.40044,166,10976.905613521614
27105,39.518292,-84.400604,167,10992.553835549017
27105,39.518164,-84.400642,168,11007.228422754284
27105,39.517293,-84.401397,169,11124.442845874879
27105,39.516695,-84.401885,170,11203.484331752543
27105,39.515086,-84.402601,171,11393.635557914095
27105,39.514412,-84.402861,172,11472.230739132045
27105,39.514502,-84.403326,173,11513.709572541458
27105,39.514643,-84.403774,174,11555.55824801442
27105,39.515042,-84.404536,175,11635.15681758463
27105,39.515759,-84.403897,176,11732.499109640292
27105,39.51526047409762,-84.40304535945509,177,11824.880091636918
27105,39.51510672240821,-84.40310473622878,178,11842.810703252275
27105,39.515110860825104,-84.403324677368,179,11861.850027402703
27105,39.51530433153979,-84.40340380253394,180,11884.5249865519
27145,39.500618,-84.33101,0,0
27145,39.500658,-84.330847,1,14.801578680753902
27145,39.501273,-84.330881,2,83.58588758033025
27145,39.501328,-84.330761,3,95.65580295163305
27145,39.501347,-84.330493,4,118.95275246079058
27145,39.501345,-84.330144,5,149.1655390181117
27145,39.501307,-84.329932,6,168.00262524285966
27145,39.501235,-84.329699,7,189.7181957364087
27145,39.501121,-84.329463,8,213.79421135438622
27145,39.500943,-84.329194,9,244.419174041573
27145,39.50079,-84.329007,10,267.96383193474594
27145,39.500502,-84.328814,11,304.22419423221066
27145,39.50027,-84.32873,12,331.1489753083182
27145,39.500045,-84.32869,13,356.5283418982756
27145,39.499865,-84.32869,14,376.64196483753693
27145,39.499579,-84.328701,15,408.6144609600084
27145,39.499325,-84.328749,16,437.299586170917
27145,39.499052,-84.328763,17,467.82931144935367
27145,39.498841,-84.328779,18,491.4475961836066
27145,39.498569,-84.328728,19,522.1605149488175
27145,39.498379,-84.328661,20,544.1696127467479
27145,39.498081,-84.328556,21,578.6872379166248
27145,39.497951,-84.32847,22,595.010532408363
27145,39.497754,-84.328422,23,617.4125647275853
27145,39.497514,-84.328376,24,644.5248041952854
27145,39.497334,-84.328363,25,664.6699006037742
27145,39.497096,-84.328384,26,691.3266631721364
27145,39.496787,-84.328505,27,727.4091131480118
27145,39.49651,-84.328596,28,759.3486124007558
27145,39.496171,-84.328706,29,798.407980642595
27145,39.495765,-84.32884,30,845.2351328963944
27145,39.495552,-84.32894,31,870.5618908056031
27145,39.495312,-84.329055,32,899.1684887500214
27145,39.495076,-84.329219,33,929.118970747469
27145,39.494499,-84.329534,34,999.1245818144727
27145,39.494218,-84.329708,35,1033.950774275959
27145,39.49382,-84.329856,36,1080.2332037515596
27145,39.493688,-84.329928,37,1096.2462725303162
27145,39.493564,-84.329955,38,1110.2980958669928
27145,39.493454,-84.329965,39,1122.6201847418306
27145,39.493299,-84.32996,40,1139.945626018775
27145,39.493164,-84.329901,41,1155.872187524661
27145,39.493009,-84.329448,42,1198.7460535586913
27145,39.492935,-84.32904,43,1235.024763618925
27145,39.492748,-84.328219,44,1309.113194249117
27145,39.492668,-84.327816,45,1345.1312638362526
27145,39.492597,-84.327197,46,1399.30746174796
27145,39.492529,-84.32643,47,1466.146675385001
27145,39.49251,-84.326094,48,1495.3145501418883
27145,39.492498,-84.325754,49,1524.781914991856
27145,39.492494,-84.325545,50,1542.8824431028854
27145,39.492465,-84.325362,51,1559.0544038687592
27145,39.492403,-84.32515,52,1578.6731649661808
27145,39.492291,-84.325075,53,1592.7726489901584
27145,39.491974,-84.324949,54,1629.8369568138273
27145,39.491498,-84.324874,55,1683.4215477326609
27145,39.490817,-84.324842,56,1759.5689852668686
27145,39.490438,-84.32481,57,1802.010135034074
27145,39.489693,-84.324799,58,1885.2641652327247
27145,39.48867,-84.324751,59,1999.6528506131965
27145,39.488182,-84.324718,60,2054.258280209011
27145,39.486373,-84.324912,61,2257.098214279263
27145,39.485288,-84.324981,62,2378.4865423941988
27145,39.484371,-84.325062,63,2481.194664472506
27145,39.4831,-84.325153,64,2623.4384727913275
27145,39.481496,-84.325266,65,2802.941159921159
27145,39.48012,-84.325421,66,2957.2842353110427
27145,39.47588,-84.325722,67,3431.7908717051528
27145,39.472004,-84.326006,68,3865.604217572431
27145,39.46977,-84.326167,69,4115.626958548126
27145,39.46649,-84.326457,70,4483.003146117528
27145,39.464183,-84.326629,71,4741.223950739127
27145,39.462976,-84.326725,72,4876.353596867355
27145,39.461559,-84.326811,73,5034.8682670786375
27145,39.460136,-84.32694,74,5194.270364493325
27145,39.458822,-84.327106,75,5341.802737452446
27145,39.457703,-84.327326,76,5468.286699641265
27145,39.456953,-84.327466,77,5552.96661023979
27145,39.455612,-84.32783,78,5706.095035429984
27145,39.454059,-84.328335,79,5885.060259082072
27145,39.452735,-84.328835,80,6039.217415864967
27145,39.451587,-84.329356,81,6175.206006391771
27145,39.450504,-84.329903,82,6305.169922317607
27145,39.44924,-84.330563,83,6457.546331304172
27145,39.447963,-84.331303,84,6613.980662456303
27145,39.447172,-84.331802,85,6712.374348862403
27145,39.445983,-84.332509,86,6858.674809467966
27145,39.444396,-84.333486,87,7055.174539327241
27145,39.434699,-84.339346,88,8251.787881843773
27145,39.432706,-84.340537,89,8497.237093781285
27145,39.43229,-84.340794,90,8548.780295557332
27145,39.42945,-84.342467,91,8897.668852369847
27145,39.426279,-84.344382,92,9288.932461715041
27145,39.423718,-84.345949,93,9605.684208825329
27145,39.420557,-84.347791,94,9993.29182087799
27145,39.417116,-84.349943,95,10420.634479941828
27145,39.414155,-84.351692,96,10784.566607795907
27145,39.412643,-84.352636,97,10972.285243824943
27145,39.410931,-84.353694,98,11184.426107969733
27145,39.408435,-84.355204,99,11492.509252982765
27145,39.405134,-84.357199,100,11899.882540666886
27145,39.402546,-84.358731,101,12218.09583212413
27145,39.40009,-84.36019,102,12520.266197917028
27145,39.399392,-84.360614,103,12606.486224918846
27145,39.39778,-84.361424,104,12799.810142670394
27145,39.396189,-84.362186,105,12989.460803368233
27145,39.395626,-84.362293,106,13053.048861148176
27145,39.393867,-84.362856,107,13255.563829348315
27145,39.391933,-84.363371,108,13476.226955983975
27145,39.390731,-84.363597,109,13611.956082146135
27145,39.389295,-84.363806,110,13773.42969320843
27145,39.386044,-84.364155,111,14137.943120439733
27145,39.3834,-84.36446,112,14434.55552667899
27145,39.382591,-84.364519,113,14525.094914753205
27145,39.379709,-84.365054,114,14850.443532527395
27145,39.378906,-84.365188,115,14940.917066932208
27145,39.377088,-84.365381,116,15144.741873461398
27145,39.376238,-84.365483,117,15240.128677307903
27145,39.375698,-84.365692,118,15303.129598877515
27145,39.375035,-84.366239,119,15391.096599989223
27145,39.374701,-84.366615,120,15440.654618752067
27145,39.374349,-84.367312,121,15512.769229942069
27145,39.374121,-84.367897,122,15569.538725523716
27145,39.373945,-84.368546,123,15629.157989729954
27145,39.37388,-84.369007,124,15669.79119460823
27145,39.373827,-84.369469,125,15710.292068099172
27145,39.373833,-84.371909,126,15921.894492605543
27145,39.373904,-84.373503,127,16060.356090675705
27145,39.374103,-84.378663,128,16508.388105460028
27145,39.374203,-84.380766,129,16691.102713058648
27145,39.374449,-84.387575,130,17282.214559247524
27145,39.374502,-84.389356,131,17436.773935552326
27145,39.374531,-84.390547,132,17540.10634323655
27145,39.374648,-84.391593,133,17631.750679219615
27145,39.374789,-84.392537,134,17715.114469931497
27145,39.375153,-84.394194,135,17864.449886460858
27145,39.375446,-84.395058,136,17946.213103317517
27145,39.376267,-84.397451,137,18173.095005154926
27145,39.376642,-84.398631,138,18283.66455117789
27145,39.376906,-84.399532,139,18367.176793074148
27145,39.377141,-84.400567,140,18460.687562911386
27145,39.377358,-84.401613,141,18554.57440374917
27145,39.37761,-84.402794,142,18660.78251266949
27145,39.378126,-84.404805,143,18844.44425558338
27145,39.378448,-84.406624,144,19006.2235029311
27145,39.378659,-84.408174,145,19142.677373519826
27145,39.379076,-84.410357,146,19337.61548871708
27145,39.379281,-84.411484,147,19437.985599182375
27145,39.37948,-84.412734,148,19548.62915800691
27145,39.379645,-84.414053,149,19664.474395475627
27145,39.37975,-84.415282,150,19771.682962346684
27145,39.379826,-84.417095,151,19929.1140952465
27145,39.379909,-84.419166,152,20108.92531503553
27145,39.380108,-84.423071,153,20448.24634968679
27145,39.380307,-84.427502,154,20833.085380037257
27145,39.380407,-84.429712,155,21025.030641381905
27145,39.380659,-84.434625,156,21451.94220289721
27145,39.380747,-84.436884,157,21648.054048684666
27145,39.380993,-84.441972,158,22090.05775503829
27145,39.381092,-84.443951,159,22261.99910931167
27145,39.381321,-84.449117,160,22710.633344501963
27145,39.381573,-84.453867,161,23123.425910241855
27145,39.381655,-84.455573,162,23271.62072369142
27145,39.381761,-84.456721,163,23371.854790994916
27145,39.382048,-84.458341,164,23515.922073448164
27145,39.382294,-84.459597,165,23628.231138070252
27145,39.382453,-84.460755,166,23730.187925235696
27145,39.382482,-84.461367,167,23783.346392725885
27145,39.382558,-84.463132,168,23936.604692694826
27145,39.382541,-84.464478,169,24053.31604925028
27145,39.382423,-84.465857,170,24173.597457956716
27145,39.38233,-84.467016,171,24274.61633847539
27145,39.382289,-84.467895,172,24350.96149941581
27145,39.382265,-84.468523,173,24405.473848307938
27145,39.382306,-84.470229,174,24553.45132625582
27145,39.382464,-84.473147,175,24807.049491218786
27145,39.382722,-84.478168,176,25243.306510208153
27145,39.382781,-84.479971,177,25399.75826989594
27145,39.382878,-84.481406,178,25524.637607160854
27145,39.382983,-84.482983,179,25661.858440287982
27145,39.38313,-84.484179,180,25766.83808420291
27145,39.383318,-84.485338,181,25869.488693073647
27145,39.383763,-84.487457,182,26059.801020572842
27145,39.384625,-84.491469,183,26420.697219534923
27145,39.384913,-84.492907,184,26549.444719037656
27145,39.385112,-84.494082,185,26653.704589017852
27145,39.385247,-84.495294,186,26759.850728032132
27145,39.385376,-84.49678,187,26889.476350681452
27145,39.38547,-84.497928,188,26989.54914960933
27145,39.385703,-84.501045,189,27261.011655139348
27145,39.385849,-84.502053,190,27349.903437664943
27145,39.386201,-84.503244,191,27460.38449193545
27145,39.386441,-84.503711,192,27508.940957801675
27145,39.386793,-84.504499,193,27587.760495214025
27145,39.386981,-84.505191,194,27651.318286862122
27145,39.387022,-84.505884,195,27711.56679000302
27145,39.387016,-84.506079,196,27728.484040456482
27145,39.386981,-84.506195,197,27739.273125478994
27145,39.386884,-84.506256,198,27751.330551913576
27145,39.386559,-84.50631,199,27787.937364161477
27145,39.38456,-84.506481,200,28011.74034268675
27145,39.383056,-84.506668,201,28180.53483569763
27145,39.381508,-84.506837,202,28354.08385265929
27145,39.379921,-84.506953,203,28531.655056473606
27145,39.379112,-84.507034,204,28622.302095152663
27145,39.378921,-84.507034,205,28643.638993883425
27145,39.378815,-84.507138,206,28658.52242150301
27145,39.378795,-84.507347,207,28676.7793483841
27145,39.378815,-84.508308,208,28760.125174388075
27145,39.378942,-84.511371,209,29026.055871914887
27145,39.379072,-84.514276,210,29278.326494947993
27145,39.379157,-84.516078,211,29434.84041645575
27145,39.379181,-84.516757,212,29493.767648993868
27145,39.379192,-84.516958,213,29511.236690262802
27145,39.379234,-84.517041,214,29519.82687958951
27145,39.37928,-84.51713,215,29529.09728850772
27145,39.379371,-84.51721,216,29541.40346159766
27145,39.379427,-84.517288,217,29550.615513012526
27145,39.379445,-84.517382,218,29559.009247862457
27145,39.379421,-84.517489,219,29568.66527457359
27145,39.379371,-84.517575,220,29577.981183918986
27145,39.379304,-84.517629,221,29586.809277358207
27145,39.379236,-84.517626,222,29594.40998669621
27145,39.379137,-84.517602,223,29605.663273037568
27145,39.379061,-84.517553,224,29615.15669963194
27145,39.378961,-84.517548,225,29626.336076042488
27145,39.378797,-84.517551,226,29644.658311780124
27145,39.378266,-84.517575,227,29704.012639404467
27145,39.376532,-84.517717,228,29898.10804806472
27145,39.376016,-84.517752,229,29955.830052263016
27145,39.375681,-84.517798,230,29993.464699985372
27145,39.375467,-84.517875,231,30018.28521138074
27145,39.375271,-84.518001,232,30042.75423365225
27145,39.375171,-84.518082,233,30055.949266897558
27145,39.375051,-84.518127,234,30069.91063953807
27145,39.374943,-84.518144,235,30082.06497470469
27145,39.374825,-84.518101,236,30095.76377047017
27145,39.37464,-84.517975,237,30119.13972872078
27145,39.374364,-84.517891,238,30150.820070760874
27145,39.374153,-84.517889,239,30174.391443340653
27145,39.373874,-84.517881,240,30205.56615136891
27145,39.373657,-84.517814,241,30230.493459915597
27145,39.373405,-84.517669,242,30261.323976689666
27145,39.373244,-84.517527,243,30283.11960323178
27145,39.373094,-84.517312,244,30308.1849158264
27145,39.373012,-84.517146,245,30325.24536895578
27145,39.372939,-84.516958,246,30343.47164492215
27145,39.37291,-84.516797,247,30357.801846196693
27145,39.372877,-84.516658,248,30370.40480344288
27145,39.372851,-84.516599,249,30376.287334226636
27145,39.372801,-84.516556,250,30383.002805360236
27145,39.372707,-84.516556,251,30393.503533800817
27145,39.372605,-84.516574,252,30405.004324746686
27145,39.372476,-84.516604,253,30419.647767345137
27145,39.372335,-84.516626,254,30435.51393827089
27146,39.372335,-84.516626,0,0
27146,39.372503,-84.516531,1,20.495268257906726
27146,39.372667,-84.516483,2,39.28245071258462
27146,39.37279,-84.516451,3,53.30009047857783
27146,39.37289,-84.516526,4,66.22590917789495
27146,39.372954,-84.516918,5,100.95739429168106
27146,39.373078,-84.517266,6,134.1578194346904
27146,39.373253,-84.517497,7,162.14543192299243
27146,39.373424,-84.517685,8,187.25704256528718
27146,39.373723,-84.517819,9,222.62114790324284
27146,39.373975,-84.517862,10,251.017780064947
27146,39.374192,-84.517856,11,275.2643551028193
27146,39.374338,-84.517846,12,291.596992865643
27146,39.374643,-84.517942,13,326.67035208454473
27146,39.374796,-84.518055,14,346.37077904243597
27146,39.374913,-84.518141,15,361.41807965789167
27146,39.37506,-84.518114,16,378.00540424410275
27146,39.37513,-84.518041,17,388.06547858268334
27146,39.375339,-84.51784,18,417.19944760471776
27146,39.375495,-84.517749,19,436.3289385187149
27146,39.37575,-84.517677,20,465.49085847713087
27146,39.376028,-84.517663,21,496.5698603848778
27146,39.376456,-84.51762,22,544.5267291750707
27146,39.377439,-84.517518,23,654.6928602575001
27146,39.378567,-84.517459,24,780.8051848381706
27146,39.378796,-84.517433,25,806.4858254901436
27146,39.378934,-84.517403,26,822.1196273138105
27146,39.379031,-84.517352,27,833.8228286532075
27146,39.379092,-84.517261,28,844.2475807142357
27146,39.379136,-84.517057,29,862.6037601544433
27146,39.379145,-84.516842,30,881.2703692041957
27146,39.379095,-84.515665,31,983.4637674391709
27146,39.37906,-84.51471,32,1066.350457026962
27146,39.37899,-84.513053,33,1210.2183531132985
27146,39.378949,-84.512175,34,1286.4752961419065
27146,39.378919,-84.51139,35,1354.6144090072355
27146,39.378861,-84.51058,36,1425.1368669452345
27146,39.378855,-84.510158,37,1461.7289933260465
27146,39.378835,-84.509604,38,1509.810920652477
27146,39.378808,-84.509145,39,1549.7189099427267
27146,39.378741,-84.508756,40,1584.2645780330395
27146,39.378694,-84.507617,41,1683.152083368773
27146,39.378659,-84.507131,42,1725.467982861364
27146,39.378395,-84.506892,43,1761.511239379272
27146,39.377932,-84.506879,44,1813.2459604651906
27146,39.377266,-84.506839,45,1887.72662997569
27146,39.376589,-84.506798,46,1963.4388435568737
27146,39.376231,-84.506769,47,2003.5105402542147
27146,39.375879,-84.506726,48,2043.009346817754
27146,39.375809,-84.506629,49,2054.4931339341247
27146,39.375847,-84.506493,50,2067.0253265858914
27146,39.375917,-84.506431,51,2076.5145314067154
27146,39.37609,-84.506509,52,2096.989688598271
27146,39.376255,-84.506608,53,2117.322613255744
27146,39.376944,-84.506664,54,2194.4448759079073
27146,39.377416,-84.506694,55,2247.2368521656736
27146,39.379163,-84.506718,56,2442.408056749903
27146,39.380527,-84.50667,57,2594.839450736291
27146,39.380943,-84.506648,58,2641.3505876786307
27146,39.382276,-84.506525,59,2790.643432909377
27146,39.38329,-84.506423,60,2904.263611524575
27146,39.38456,-84.506254,61,3046.8918285464224
27146,39.384865,-84.5062,62,3081.2839602987624
27146,39.384938,-84.506106,63,3092.8124723478404
27146,39.384962,-84.505868,64,3113.6180677577836
27146,39.384938,-84.50561,65,3136.1441161785024
27146,39.384932,-84.505243,66,3167.966294960598
27146,39.384973,-84.504916,67,3196.6814664916715
27146,39.385035,-84.504545,68,3229.5806752150284
27146,39.385102,-84.504277,69,3253.989386109967
27146,39.385179,-84.503931,70,3285.1930377450317
27146,39.385293,-84.503408,71,3332.2863157041006
27146,39.385363,-84.503005,72,3368.086665846484
27146,39.385398,-84.502689,73,3395.758168474618
27146,39.385451,-84.50215,74,3442.8574271983566
27146,39.385419,-84.500791,75,3560.7228201110443
27146,39.385352,-84.499587,76,3665.365406707722
27146,39.385264,-84.498404,77,3768.3898915663985
27146,39.38514,-84.496741,78,3913.2200442528438
27146,39.38507,-84.495528,79,4018.666268474873
27146,39.384888,-84.49423,80,4133.013371272739
27146,39.384619,-84.49261,81,4276.632799834764
27146,39.384296,-84.49114,82,4409.080242587578
27146,39.38385,-84.489011,83,4600.256164388605
27146,39.383569,-84.487772,84,4712.162641775703
27146,39.383282,-84.486366,85,4838.200757241362
27146,39.383088,-84.485245,86,4937.772581807133
27146,39.382906,-84.484113,87,5037.995295395993
27146,39.382754,-84.482927,88,5142.208650952633
27146,39.382678,-84.482008,89,5222.332991447605
27146,39.382578,-84.480221,90,5377.660761078057
27146,39.382426,-84.477142,91,5645.138374082551
27146,39.382179,-84.471617,92,6124.93443063358
27146,39.382115,-84.470373,93,6233.023267041539
27146,39.382062,-84.469037,94,6349.003135957277
27146,39.382033,-84.468372,95,6406.748437419193
27146,39.382062,-84.467492,96,6483.111757522235
27146,39.382144,-84.46665,97,6556.684385039251
27146,39.382203,-84.465759,98,6634.213399105908
27146,39.38232,-84.46442,99,6751.036219061117
27146,39.382355,-84.463416,100,6838.169337028482
27146,39.382332,-84.462671,101,6902.81092504423
27146,39.382302,-84.46185,102,6974.069497092387
27146,39.382267,-84.461099,103,7039.297706718591
27146,39.382161,-84.460225,104,7115.992538028429
27146,39.381962,-84.459007,105,7223.907423556914
27146,39.381745,-84.458004,106,7314.183512750829
27146,39.381616,-84.457247,107,7381.379275222505
27146,39.381446,-84.456073,108,7484.922454128858
27146,39.381341,-84.454517,109,7620.338094746122
27146,39.381282,-84.452865,110,7763.720088789953
27146,39.380961,-84.446567,111,8310.945602921645
27146,39.38065,-84.439738,112,8904.060852331453
27146,39.38028,-84.431661,113,9605.593752441046
27146,39.379911,-84.423576,114,10307.825127685177
27146,39.379584,-84.417134,115,10867.589592050308
27146,39.37946,-84.41474,116,11075.631719801837
27146,39.379313,-84.41349,117,11185.255269492487
27146,39.379055,-84.411559,118,11355.15444324551
27146,39.378809,-84.410358,119,11462.859135857585
27146,39.378304,-84.407898,120,11683.503630026242
27146,39.378228,-84.40689,121,11771.32012730183
27146,39.377207,-84.402078,122,12203.892880176852
27146,39.376609,-84.399358,123,12449.035695526465
27146,39.376023,-84.397566,124,12617.65924610179
27146,39.37553,-84.396075,125,12758.19726969095
27146,39.375266,-84.395408,126,12823.12433976906
27146,39.374967,-84.394432,127,12914.1148683372
27146,39.374726,-84.393461,128,13002.518242075814
27146,39.374562,-84.392544,129,13084.122370878726
27146,39.374363,-84.39124,130,13199.36810569136
27146,39.374257,-84.390065,131,13301.948399543919
27146,39.374152,-84.387716,132,13505.988694995869
27146,39.374069,-84.385007,133,13741.094470813412
27146,39.373864,-84.378344,134,14319.36498016713
27146,39.373706,-84.374065,135,14690.864587002005
27146,39.373583,-84.37008,136,15036.724581307031
27146,39.373512,-84.368277,137,15193.286247132612
27146,39.37341,-84.36423,138,15544.438980740988
27146,39.373322,-84.363452,139,15612.622501077854
27146,39.373064,-84.363029,140,15659.278487757787
27146,39.372853,-84.362803,141,15689.93781010031
27146,39.372513,-84.362696,142,15729.0451771691
27146,39.372237,-84.362717,143,15759.938242694283
27146,39.371891,-84.362862,144,15800.592882271974
27146,39.371674,-84.363114,145,15833.235545681518
27146,39.371563,-84.36335,146,15857.167474019203
27146,39.371475,-84.363672,147,15886.773699108715
27146,39.37148,-84.364016,148,15916.612589610126
27146,39.371545,-84.364386,149,15949.51275386826
27146,39.371645,-84.364616,150,15972.37599615322
27146,39.371797,-84.364836,151,15997.919760813595
27146,39.371979,-84.365008,152,16023.140027518828
27146,39.372208,-84.365105,153,16050.075004422953
27146,39.372518,-84.36518,154,16085.318654442852
27146,39.3729,-84.365142,155,16128.128949887545
27146,39.373832,-84.365094,156,16232.350344273844
27146,39.37541,-84.365019,157,16408.790155763832
27146,39.378477,-84.364718,158,16752.47812688756
27146,39.381477,-84.364363,159,17089.097813933637
27146,39.384884,-84.36402,160,17470.943899026657
27146,39.387587,-84.363693,161,17774.295565009066
27146,39.390436,-84.363365,162,18093.900726328302
27146,39.392007,-84.363049,163,18271.564104241977
27146,39.39488,-84.362303,164,18599.034108648983
27146,39.397181,-84.36142,165,18867.294969013365
27146,39.398635,-84.360739,166,19040.154790444038
27146,39.400635,-84.359631,167,19283.397459938966
27146,39.401902,-84.358848,168,19440.399788120532
27146,39.404175,-84.357469,169,19721.105244394937
27146,39.405553,-84.356648,170,19890.731441995875
27146,39.40839,-84.354944,171,20240.454805159745
27146,39.409199,-84.354482,172,20339.32416593475
27146,39.411942,-84.35282,173,20677.98914429185
27146,39.412622,-84.352406,174,20762.018512523682
27146,39.415488,-84.350674,175,21115.7009291543
27146,39.418327,-84.348944,176,21466.578158411987
27146,39.420811,-84.347404,177,21774.560781429882
27146,39.422159,-84.346648,178,21938.81825474508
27146,39.424896,-84.344942,179,22278.51137542526
27146,39.425986,-84.344271,180,22413.47689139176
27146,39.428641,-84.342658,181,22741.42707772672
27146,39.429672,-84.342009,182,22869.625811585498
27146,39.431309,-84.341041,183,23070.860657396886
27146,39.432329,-84.340413,184,23197.160677247113
27146,39.434467,-84.339165,185,23459.397810761577
27146,39.435803,-84.33836,186,23624.175371980542
27146,39.43902,-84.336416,187,24021.153498148997
27146,39.440279,-84.3356,188,24178.6025002747
27146,39.441849,-84.334688,189,24371.010644065922
27146,39.444455,-84.333151,190,24691.213192117997
27146,39.445574,-84.332448,191,24830.297136578498
27146,39.446927,-84.331617,192,24997.75069125527
27146,39.448456,-84.330737,193,25184.842254936484
27146,39.44913,-84.330297,194,25269.253529039655
27146,39.450794,-84.329444,195,25469.33886069366
27146,39.451702,-84.329004,196,25577.724699858318
27146,39.452985,-84.328425,197,25729.61131753462
27146,39.45432,-84.327937,198,25884.661917997455
27146,39.45541,-84.327588,199,26010.157404212037
27146,39.456757,-84.327266,200,26163.237508767394
27146,39.458192,-84.326982,201,26325.464503432864
27146,39.459486,-84.326762,202,26471.310037588366
27146,39.460634,-84.326676,203,26599.806898196108
27146,39.461888,-84.326521,204,26740.57412310574
27146,39.465312,-84.326252,205,27123.890460532213
27146,39.468393,-84.326039,206,27468.664240672162
27146,39.471567,-84.325771,207,27824.094975490094
27146,39.474189,-84.325545,208,28117.7380421607
27146,39.478522,-84.325191,209,28602.890014479093
27146,39.481611,-84.324949,210,28948.699828811546
27146,39.485304,-84.32468,211,29362.023883508573
27146,39.487222,-84.324417,212,29577.55360256703
27146,39.488025,-84.324218,213,29668.92273379246
27146,39.488497,-84.324014,214,29724.544596397653
27146,39.489044,-84.323693,215,29791.690433909756
27146,39.489532,-84.323247,216,29858.50965631811
27146,39.489938,-84.322813,217,29917.418610964134
27146,39.490368,-84.322341,218,29980.496923322746
27146,39.490938,-84.321726,219,30063.516391526406
27146,39.491443,-84.321516,220,30122.803754811368
27146,39.491932,-84.321447,221,30177.77199777038
27146,39.492449,-84.321382,222,30235.816925778552
27146,39.492598,-84.321377,223,30252.472357882845
27146,39.492739,-84.32142,224,30268.662078655565
27146,39.492789,-84.321586,225,30284.082043004288
27146,39.49271,-84.322214,226,30339.16573943931
27146,39.492669,-84.323067,227,30413.159731187043
27146,39.492677,-84.323743,228,30471.69401063621
27146,39.492714,-84.324934,229,30574.89235470366
27146,39.492793,-84.326017,230,30669.071708793643
27146,39.4929,-84.327267,231,30777.953195740698
27146,39.493004,-84.328163,232,30856.39285038408
27146,39.493145,-84.328646,233,30901.079681507108
27146,39.493343,-84.329584,234,30985.249393446884
27146,39.49341,-84.329751,235,31001.531188035246
27146,39.493509,-84.329821,236,31014.144945173415
27146,39.493617,-84.329799,237,31026.362482514825
27146,39.494192,-84.329563,238,31093.784728246566
27146,39.495045,-84.329091,239,31197.49112094666
27146,39.495732,-84.32874,240,31280.053742654276
27146,39.496287,-84.32853,241,31344.680699342156
27146,39.496754,-84.328369,242,31398.693809547472
27146,39.497146,-84.328235,243,31444.006983928808
27146,39.497442,-84.328246,244,31477.09645137939
27146,39.497816,-84.328358,245,31519.998169907627
27146,39.498344,-84.328554,246,31581.389637713215
27146,39.498672,-84.328648,247,31618.933665552515
27146,39.499012,-84.328608,248,31657.083552708482
27146,39.499593,-84.32856,249,31722.138716125315
27146,39.500142,-84.328546,250,31783.497250230997
27146,39.500502,-84.328649,251,31824.700856408686
27146,39.500736,-84.328832,252,31855.27325930066
27146,39.501052,-84.329151,253,31900.099973398
27146,39.501278,-84.329584,254,31945.297140469258
27146,39.501409,-84.330032,255,31986.74991468739
27146,39.5014,-84.330456,256,32023.468164214
27146,39.501369,-84.330895,257,32061.62867816056
27146,39.501169,-84.331435,258,32113.44243805397
27146,39.500908,-84.332073,259,32175.89985081843
27146,39.500827,-84.33246,260,32210.60262033851
27146,39.500513,-84.332445,261,32245.713529360477
27146,39.500562,-84.332052,262,32280.172525113918
27146,39.500599,-84.331464,263,32331.242133005922
27146,39.500618,-84.33101,264,32370.601318674904
29077,39.500618,-84.33101,0,0
29077,39.500652,-84.330857,1,13.779032202594252
29077,39.501248,-84.33091,2,80.53509477792576
29077,39.501318,-84.330804,3,92.59262329964547
29077,39.501347,-84.330611,4,109.61144803600077
29077,39.501331,-84.330058,5,157.51649907895742
29077,39.501184,-84.329613,6,199.39488249096354
29077,39.500946,-84.329186,7,244.93215048610628
29077,39.500766,-84.328999,8,270.7510516850853
29077,39.500612,-84.328881,9,290.7628826519533
29077,39.500294,-84.328714,10,329.1252707391914
29077,39.499917,-84.328685,11,371.3268746510715
29077,39.499021,-84.328779,12,471.77816912872515
29077,39.49875,-84.328776,13,502.06145624207676
29077,39.498437,-84.328712,14,537.472936362514
29077,39.498224,-84.328642,15,562.0334096136452
29077,39.497756,-84.328425,16,617.6007421150748
29077,39.497525,-84.328363,17,643.9653914846557
29077,39.497284,-84.328366,18,670.8965657419942
29077,39.496597,-84.328559,19,749.4608935534915
29077,39.496038,-84.328763,20,814.3736176301956
29077,39.49562,-84.328924,21,863.1172932404791
29077,39.49538,-84.32905,22,892.0690983358083
29077,39.495035,-84.329251,23,934.3656922694616
29077,39.494014,-84.329825,24,1058.807667651477
29077,39.493615,-84.329959,25,1104.8774272917385
29077,39.493304,-84.330031,26,1140.1838743121702
29077,39.493166,-84.329956,27,1156.915648956989
29077,39.493025,-84.329524,28,1197.500336225915
29077,39.492807,-84.328425,29,1295.7183430208229
29077,39.492681,-84.327894,30,1343.7991003710233
29077,39.492538,-84.326413,31,1473.013897535201
29077,39.492499,-84.325764,32,1529.3723483608449
29077,39.492472,-84.325439,33,1557.6718127128731
29077,39.492429,-84.32516,34,1582.3006360873844
29077,39.492338,-84.325083,35,1594.459757286735
29077,39.492155,-84.325026,36,1615.4957954499944
29077,39.491549,-84.324873,37,1684.4955779025652
29077,39.490427,-84.324825,38,1809.9401430865635
29077,39.48875,-84.324798,39,1997.3478421768607
29077,39.486883,-84.324814,40,2205.9767536165464
29077,39.485844,-84.324895,41,2322.289445796316
29077,39.482979,-84.325152,42,2643.205755032463
29077,39.47864,-84.325458,43,3128.7821668996726
29077,39.473364,-84.325903,44,3719.5961337654617
29077,39.468392,-84.326279,45,4276.135298760194
29077,39.463426,-84.326703,46,4832.264067814087
29077,39.460099,-84.326949,47,5204.642464835118
29077,39.458383,-84.327207,48,5397.690950850855
29077,39.456965,-84.327481,49,5557.909869525991
29077,39.455202,-84.327942,50,5758.918873267399
29077,39.453456,-84.328548,51,5960.960435122827
29077,39.451892,-84.329192,52,6144.414159974895
29077,39.450645,-84.329771,53,6292.50977538449
29077,39.448922,-84.330726,54,6502.064930827354
29077,39.447276,-84.331794,55,6707.953724412486
29077,39.444271,-84.33344,56,7072.764546125856
29077,39.441851,-84.334959,57,7373.50394773736
29077,39.440609,-84.33572,58,7527.152996415961
29077,39.439373,-84.336477,59,7680.048073429801
29077,39.437164,-84.337829,60,7953.271235617632
29077,39.434767,-84.339255,61,8248.240546670135
29077,39.432939,-84.34035,62,8473.463951847589
29077,39.429482,-84.342485,63,8901.767903714617
29077,39.424273,-84.345628,64,9544.395694213768
29077,39.421096,-84.347565,65,9937.081171447582
29077,39.415962,-84.350682,66,10571.174234867363
29077,39.411197,-84.353519,67,11157.647137225233
29077,39.408847,-84.354925,68,11447.134642184204
29077,39.406039,-84.356658,69,11795.001188260332
29077,39.400951,-84.359731,70,12422.836502600076
29077,39.399016,-84.360799,71,12658.037194369403
29077,39.397351,-84.361593,72,12856.404846211364
29077,39.395985,-84.362178,73,13017.242677486714
29077,39.394103,-84.362784,74,13233.994802410112
29077,39.392608,-84.363208,75,13405.037936867437
29077,39.391096,-84.363492,76,13575.768505748465
29077,39.386733,-84.364061,77,14065.764726112287
29077,39.383948,-84.364361,78,14378.035986583393
29077,39.381514,-84.364645,79,14651.114984147376
29077,39.37972,-84.364806,80,14852.055568675893
29077,39.377936,-84.364994,81,15052.058705927291
29077,39.372884,-84.365547,82,15618.583733600095
29077,39.370131,-84.365916,83,15927.853621405926
29077,39.368155,-84.366393,84,16152.486462152634
29077,39.366678,-84.366807,85,16321.381523037522
29077,39.362896,-84.368194,86,16760.756330703054
29077,39.361135,-84.369164,87,16974.755762880573
29077,39.360661,-84.369446,88,17033.093964075342
29077,39.359324,-84.370194,89,17195.965174471752
29077,39.357525,-84.371503,90,17426.828878654098
29077,39.356193,-84.372888,91,17618.09854559722
29077,39.355487,-84.373824,92,17731.302036898684
29077,39.35504,-84.374518,93,17809.524050495744
29077,39.354798,-84.374687,94,17840.282194589105
29077,39.355477,-84.378204,95,18154.654586943903
29077,39.355861,-84.380005,96,18316.664368961505
29077,39.355918,-84.380236,97,18337.689814247602
29077,39.356293,-84.380145,98,18380.327006339594
29077,39.356616,-84.379998,99,18418.603351982598
29077,39.356923,-84.379839,100,18455.574470064414
29077,39.357299,-84.379566,101,18503.800643703595
29077,39.357672,-84.379214,102,18555.46500786902
29077,39.358,-84.378805,103,18606.47230985962
29077,39.358203,-84.378399,104,18648.361272831302
29077,39.358352,-84.377896,105,18695.060094657576
29077,39.358416,-84.37745,106,18734.4016263297
29077,39.358394,-84.376841,107,18787.28365088755
29077,39.357932,-84.374571,108,18990.839627649024
29077,39.357893,-84.374376,109,19008.306491965912
29077,39.35786,-84.374352,110,19012.54083271989
29077,39.357766,-84.374392,111,19023.602155336645
29077,39.357694,-84.374411,112,19031.814134230473
29077,39.357662,-84.374489,113,19039.466646320023
29077,39.357672,-84.374636,114,19052.26652469599
29077,39.35815,-84.376904,115,19256.116444963536
29077,39.35817,-84.377182,116,19280.333671340868
29077,39.358161,-84.377443,117,19302.995293045773
29077,39.358123,-84.377697,118,19325.43279859223
29077,39.35806,-84.377907,119,19344.961154245728
29077,39.357992,-84.378056,120,19359.953402498562
29077,39.357895,-84.378149,121,19373.46419100675
29077,39.35741,-84.378316,122,19429.557886106126
29077,39.357298,-84.378351,123,19442.43509281966
29077,39.356844,-84.378485,124,19494.476961831064
29077,39.356414,-84.378625,125,19544.033553889876
29077,39.356272,-84.378671,126,19560.39382414137
29077,39.356169,-84.378158,127,19606.357052546777
29077,39.356078,-84.377678,128,19649.21726062033
29077,39.355773,-84.377773,129,19684.278347757736
29077,39.355451,-84.377875,130,19721.3287019283
29077,39.355297,-84.377898,131,19738.651031303485
29077,39.355127,-84.377006,132,19818.32432719204
29077,39.354924,-84.375987,133,19909.58091272709
29077,39.354845,-84.375753,134,19931.71545022139
29077,39.354687,-84.374906,135,20007.279776034873
29077,39.354637,-84.374817,136,20016.809473936333
29077,39.354528,-84.374804,137,20029.04064651413
29077,39.354302,-84.374922,138,20056.288404276704
29077,39.353736,-84.375316,139,20128.174813941318
29077,39.35329,-84.375603,140,20183.88130949738
29077,39.353038,-84.375796,141,20216.639861746342
29077,39.352631,-84.376118,142,20270.009275416887
29077,39.351671,-84.377105,143,20407.255931547712
29077,39.350378,-84.378626,144,20602.913689447247
29077,39.349328,-84.379975,145,20768.622407527328
29077,39.348568,-84.381075,146,20896.361546606335
29077,39.347841,-84.382212,147,21024.14153352157
29077,39.347113,-84.383414,148,21156.392315071644
29077,39.346116,-84.385281,149,21352.972412090414
29077,39.345347,-84.386911,150,21518.440338980894
29077,39.344843,-84.387995,151,21628.054535722018
29077,39.344297,-84.389309,152,21757.34932434364
29077,39.343681,-84.391015,153,21920.576636419304
29077,39.343,-84.392978,154,22107.10585669941
29077,39.342472,-84.394593,155,22259.132680558414
29077,39.342109,-84.395714,156,22364.50665139173
29077,39.341663,-84.396905,157,22479.22442167433
29077,39.341064,-84.398842,158,22660.112851129226
29077,39.340566,-84.400285,159,22797.114537743866
29077,39.339779,-84.402157,160,22981.804649248934
29077,39.33914,-84.403584,161,23124.722620173106
29077,39.338072,-84.40573,162,23345.868823525707
29077,39.337655,-84.406438,163,23422.966663515872
29077,39.336828,-84.407924,164,23581.587424187637
29077,39.335836,-84.409517,165,23758.753000413188
29077,39.334804,-84.410998,166,23931.399607315765
29077,39.333536,-84.412575,167,24128.359531915725
29077,39.332316,-84.413991,168,24311.867304715404
29077,39.331019,-84.415359,169,24499.18721387546
29077,39.329898,-84.416539,170,24660.959058692224
29077,39.329182,-84.417349,171,24767.445689754404
29077,39.328184,-84.418325,172,24907.46493213616
29077,39.327457,-84.419098,173,25012.805871582514
29077,39.325632,-84.420954,174,25272.64031928465
29077,39.324258,-84.422429,175,25472.511992847496
29077,39.322017,-84.4248,176,25796.584238684554
29077,39.321136,-84.425685,177,25921.43150361667
29077,39.317955,-84.429001,178,26378.727658127184
29077,39.31512,-84.431769,179,26776.259089835683
29077,39.314046,-84.432675,180,26919.71912069704
29077,39.312761,-84.433662,181,27086.898584803042
29077,39.311475,-84.434553,182,27250.064814574755
29077,39.310184,-84.435331,183,27409.324135978124
29077,39.308153,-84.436495,184,27657.710017859656
29077,39.305291,-84.437841,185,27998.13812100267
29077,39.304404,-84.438302,186,28105.010681197764
29077,39.303195,-84.438871,187,28248.83088206447
29077,39.301839,-84.439477,188,28409.200209630737
29077,39.300859,-84.439863,189,28523.701230846236
29077,39.299511,-84.440358,190,28680.313985145625
29077,39.298267,-84.440819,191,28824.944167567028
29077,39.296636,-84.441224,192,29010.525260799288
29077,39.294916,-84.441583,193,29205.199742544693
29077,39.29356,-84.441792,194,29357.77882664233
29077,39.292121,-84.441959,195,29519.200650153158
29077,39.291158,-84.442007,196,29626.870590345054
29077,39.289919,-84.442034,197,29765.315255106958
29077,39.288968,-84.441996,198,29871.615055578568
29077,39.287887,-84.441932,199,29992.515404951002
29077,39.286871,-84.441889,200,30106.087394410017
29077,39.285985,-84.441846,201,30205.144398125176
29077,39.284875,-84.44176,202,30329.3815870057
29077,39.283107,-84.441658,203,30527.106440054693
29077,39.281827,-84.441573,204,30670.30233319263
29077,39.280823,-84.441497,205,30782.666289959983
29077,39.278235,-84.441369,206,31072.019327870337
29077,39.275064,-84.441138,207,31426.860944732805
29077,39.270104,-84.440891,208,31981.42316016452
29077,39.267455,-84.440682,209,32277.93418657974
29077,39.265993,-84.440569,210,32441.56822194415
29077,39.264233,-84.440489,211,32638.324010478947
29077,39.263223,-84.44044,212,32751.244818624433
29077,39.262365,-84.440515,213,32847.324518826834
29077,39.261801,-84.440596,214,32910.72798467912
29077,39.261196,-84.440676,215,32978.67678590808
29077,39.260174,-84.441025,216,33096.81301434869
29077,39.259604,-84.441256,217,33163.58106769897
29077,39.258647,-84.441679,218,33276.63646527893
29077,39.255158,-84.443262,219,33689.97741304823
29077,39.251292,-84.444995,220,34147.37798797021
29077,39.24859,-84.446212,221,34467.22806887264
29077,39.247259,-84.446777,222,34623.82106818706
29077,39.246348,-84.447265,223,34734.07581720936
29077,39.245191,-84.447968,224,34877.03891544807
29077,39.243886,-84.44903,225,35049.57472145484
29077,39.242981,-84.449856,226,35173.559115265256
29077,39.242153,-84.450484,227,35280.9547851912
29077,39.241612,-84.450795,228,35347.16023845738
29077,39.240813,-84.451192,229,35442.85718961074
29077,39.239903,-84.451428,230,35546.570613365686
29077,39.23888,-84.451541,231,35661.28256001123
29077,39.238204,-84.451514,232,35736.842699876666
29077,39.237122,-84.451278,233,35859.45197006981
29077,39.236452,-84.451058,234,35936.7073094961
29077,39.235794,-84.45086,235,36012.206130250095
29077,39.23506,-84.450618,236,36096.862461342746
29077,39.234525,-84.450452,237,36158.34907534526
29077,39.233761,-84.45028,238,36245.002834402876
29077,39.233102,-84.450221,239,36318.805694863055
29077,39.232121,-84.450205,240,36428.41352026745
29077,39.230887,-84.450237,241,36566.30616127693
29077,39.230053,-84.450253,242,36659.49244761498
29077,39.229312,-84.450286,243,36742.32788491482
29077,39.228724,-84.450398,244,36808.737201541386
29077,39.228172,-84.450543,245,36871.681476281716
29077,39.227767,-84.450725,246,36919.6128675234
29077,39.227443,-84.450929,247,36959.91802607387
29077,39.226297,-84.451938,248,37115.094234626675
29077,39.224675,-84.45359,249,37346.276396932255
29077,39.221684,-84.456642,250,37772.89140301397
29077,39.220273,-84.458091,251,37974.64745607637
29077,39.219409,-84.458944,252,38096.35321822717
29077,39.218763,-84.459448,253,38180.77521330412
29077,39.218075,-84.459899,254,38267.05466473235
29077,39.217576,-84.460172,255,38327.641391350924
29077,39.217141,-84.460365,256,38379.052584432604
29077,39.216212,-84.460639,257,38485.53706104362
29077,39.21526,-84.460821,258,38593.064135514294
29077,39.214484,-84.461004,259,38681.20553041881
29077,39.213539,-84.461213,260,38788.331958988296
29077,39.21274,-84.461406,261,38879.15841877415
29077,39.212081,-84.461631,262,38955.33452021126
29077,39.211494,-84.461894,263,39024.78345905257
29077,39.210806,-84.462297,264,39109.25097674295
29077,39.210042,-84.462785,265,39204.56212489329
29077,39.207267,-84.464603,266,39552.529700838786
29077,39.203705,-84.466888,267,39997.282843914065
29077,39.201882,-84.468031,268,40223.88759399005
29077,39.200936,-84.468691,269,40344.14073509869
29077,39.200201,-84.469222,270,40438.33767959277
29077,39.199877,-84.469463,271,40480.15960913428
29077,39.19916,-84.470155,272,40580.33318323915
29077,39.198378,-84.470992,273,40694.0264827269
29077,39.197432,-84.472097,274,40836.84138482801
29077,39.196785,-84.472881,275,40936.18610622491
29077,39.195403,-84.474522,276,41146.39368732219
29077,39.194016,-84.476137,277,41355.48900651234
29077,39.191623,-84.479044,278,41723.36912596771
29077,39.190706,-84.480112,279,41861.62768271748
29077,39.189947,-84.480879,280,41969.49841275203
29077,39.189347,-84.481351,281,42048.091188450475
29077,39.1887,-84.48171,282,42126.82224169683
29077,39.188083,-84.482,283,42200.21745902822
29077,39.186895,-84.482445,284,42338.46029300499
29077,39.185819,-84.482901,285,42465.03581840296
29077,39.185196,-84.48318,286,42538.74086902059
29077,39.184573,-84.483481,287,42613.09740256629
29077,39.18372,-84.483942,288,42716.47723635892
29077,39.182779,-84.484441,289,42830.20276278545
29077,39.181468,-84.485122,290,42988.17816073632
29077,39.180297,-84.485744,291,43129.73532903508
29077,39.179115,-84.486393,292,43273.33533755453
29077,39.177657,-84.48715,293,43449.01330672386
29077,39.176804,-84.487633,294,43553.15075521691
29077,39.176281,-84.487976,295,43618.749869723855
29077,39.175757,-84.488432,296,43689.45325629236
29077,39.175299,-84.488936,297,43756.82181425074
29077,39.174746,-84.489521,298,43836.84783384404
29077,39.173846,-84.490776,299,43985.232741584165
29077,39.173252,-84.491543,300,44079.31630939848
29077,39.172799,-84.492209,301,44156.22512847649
29077,39.17244,-84.49297,302,44233.60398886116
29077,39.172135,-84.493753,303,44309.741239967865
29077,39.171929,-84.494676,304,44393.2371198599
29077,39.171817,-84.495502,305,44466.14573843779
29077,39.171693,-84.496597,306,44562.366717027246
29077,39.171646,-84.497546,307,44645.05635081467
29077,39.171552,-84.498163,308,44699.7271739052
29077,39.171411,-84.498946,309,44769.613263402745
29077,39.171141,-84.499858,310,44854.46102795268
29077,39.170917,-84.500572,311,44921.402098868326
29077,39.170752,-84.501044,312,44966.395347385944
29077,39.170441,-84.50194,313,45051.70509570801
29077,39.170129,-84.502728,314,45128.58346210265
29077,39.169653,-84.503624,315,45222.91474180259
29077,39.169158,-84.504252,316,45300.633125138345
29077,39.168417,-84.505126,317,45413.011161103575
29077,39.167782,-84.505507,318,45491.3044186898
29077,39.1673,-84.505877,319,45554.03076433568
29077,39.165991,-84.50659,320,45712.86426500301
29077,39.16501,-84.507218,321,45835.30799438207
29077,39.164286,-84.507755,322,45928.70169611604
29077,39.163576,-84.508447,323,46028.263713338216
29077,39.163015,-84.509101,324,46112.89494840402
29077,39.162272,-84.510673,325,46272.830965994704
29077,39.161782,-84.513,326,46482.47688079411
29077,39.162012,-84.515499,327,46701.32209686144
29077,39.162179,-84.517071,328,46839.30113778985
29077,39.162217,-84.518989,329,47006.15705599379
29077,39.161968,-84.520599,330,47148.90930008728
29077,39.161303,-84.522414,331,47323.361291373556
29077,39.159597,-84.526787,332,47748.749437577
29077,39.158837,-84.528895,333,47950.78368789879
29077,39.158066,-84.531025,334,48155.071895772206
29077,39.15769,-84.533259,335,48353.851207868924
29077,39.157176,-84.535407,336,48549.28812893346
29077,39.156583,-84.536534,337,48667.5893695676
29077,39.155602,-84.537596,338,48810.90652447842
29077,39.154491,-84.538444,339,48955.273411655646
29077,39.15338,-84.539157,340,49094.009918842385
29077,39.152637,-84.539546,341,49183.63878270065
29077,39.151553,-84.539847,342,49307.526159471316
29077,39.150501,-84.540087,343,49426.880753854246
29077,39.148836,-84.539817,344,49614.34845328473
29077,39.147576,-84.539284,345,49762.53715857178
29077,39.146403,-84.538256,346,49921.171737578305
29077,39.145011,-84.537017,347,50110.36502178281
29077,39.14403,-84.536306,348,50236.19748918867
29077,39.142895,-84.535737,349,50372.30364729512
29077,39.142012,-84.535357,350,50476.3325024532
29077,39.141105,-84.535228,351,50578.27037202642
29077,39.140343,-84.535155,352,50663.627734119036
29077,39.139783,-84.535287,353,50727.22889360178
29077,39.139338,-84.53551,354,50780.58976355509
29077,39.138829,-84.535863,355,50845.211321088565
29077,39.138464,-84.535936,356,50886.475962977136
29077,39.137877,-84.535456,357,50964.214971747184
29077,39.137772,-84.535183,358,50990.703002577466
29077,39.139304,-84.533053,359,51242.93777695312
29077,39.139561,-84.532717,360,51283.908115314895
29077,39.139821,-84.532307,361,51329.90471829592
29077,39.140014,-84.531749,362,51383.01895664924
29077,39.140059,-84.531044,363,51444.5542804579
29077,39.139843,-84.530301,364,51513.54670477799
29077,39.139657,-84.529456,365,51589.93581504024
29077,39.139675,-84.528222,366,51697.30429060922
29077,39.139839,-84.527098,367,51796.78616766536
29077,39.140034,-84.526207,368,51877.2998379772
29077,39.139961,-84.525456,369,51943.13871963286
29077,39.139698,-84.52489,370,52000.47600392
29077,39.139364,-84.524362,371,52059.65301188566
29077,39.138976,-84.524033,372,52111.593325900576
29077,39.138403,-84.523587,373,52186.443961543126
29077,39.13752,-84.522833,374,52304.902426946894
29077,39.136484,-84.52178,375,52452.502285963914
29077,39.13586,-84.521124,376,52542.591881350534
29077,39.135471,-84.520712,377,52598.922256475875
29077,39.135325,-84.520331,378,52635.86435854989
29077,39.135179,-84.518888,379,52762.4603355366
29077,39.135098,-84.517638,380,52871.58651083572
29077,39.135054,-84.51703,381,52924.710700124684
29077,39.135179,-84.516291,382,52990.503024489284
29077,39.135352,-84.515975,383,53024.10820634189
29077,39.135619,-84.515326,384,53087.96523134872
29077,39.135688,-84.51491,385,53124.96898007802
29077,39.135666,-84.514261,386,53181.48552915102
29077,39.135596,-84.513754,387,53226.28245563599
29077,39.135451,-84.511429,388,53429.206374012836
29077,39.135373,-84.510118,389,53543.59701306372
29077,39.135365,-84.509804,390,53570.92998763367
29077,39.135374,-84.509042,391,53637.23254067843
29077,39.135365,-84.508573,392,53678.04853683679
29077,39.135321,-84.50816,393,53714.31475475995
29077,39.135318,-84.507886,394,53738.155513868514
29077,39.135297,-84.507594,395,53763.668046732506
29077,39.135341,-84.507031,396,53812.895938791014
29077,39.135341,-84.506612,397,53849.349612849124
29077,39.135374,-84.505987,398,53903.85047223267
29077,39.135386,-84.505773,399,53922.51703161672
29077,39.135406,-84.505327,400,53961.38406569532
29077,39.135377,-84.504617,401,54023.24023677193
29077,39.1353,-84.503776,402,54096.9127836865
29077,39.135196,-84.502636,403,54196.77345721675
29077,39.135197,-84.502268,404,54228.79052879798
29077,39.13515,-84.501434,405,54301.540325140326
29077,39.135088,-84.500693,406,54366.38029221037
29077,39.135053,-84.500017,407,54425.32402569844
29077,39.135041,-84.499674,408,54455.196123293405
29077,39.135003,-84.499202,409,54496.48037801614
29077,39.134947,-84.498632,410,54546.46520055622
29077,39.134904,-84.498024,411,54599.58085919629
29077,39.134833,-84.496641,412,54720.16781951899
29077,39.134727,-84.496357,413,54747.56786410676
29077,39.134815,-84.49619,414,54765.11081470508
29077,39.134715,-84.495219,415,54850.32697064539
29077,39.134685,-84.494085,416,54949.04648152459
29077,39.13469,-84.493851,417,54969.413118404846
29077,39.134668,-84.493747,418,54978.78939585647
29077,39.134612,-84.493733,419,54985.16287505698
29077,39.134494,-84.493781,420,54998.990872580085
29077,39.13431,-84.493902,421,55022.08535589493
29077,39.134251,-84.493933,422,55029.20699673285
29077,39.134195,-84.493961,423,55035.920586481785
29077,39.134087,-84.494028,424,55049.32016501835
29077,39.133639,-84.494256,425,55103.156165660694
29077,39.133163,-84.494457,426,55159.1340125832
29077,39.132642,-84.494637,427,55219.407319125494
29077,39.131509,-84.495088,428,55351.922611089976
29077,39.130926,-84.495316,429,55420.00615768798
29077,39.130203,-84.495629,430,55505.24320469312
29077,39.129494,-84.495949,431,55589.19979459567
29077,39.129146,-84.496128,432,55631.08005019419
29077,39.12844,-84.496493,433,55716.10427111405
29077,39.127863,-84.496788,434,55785.48597709552
29077,39.12726,-84.497081,435,55857.5124284698
29077,39.126642,-84.497365,436,55930.84092942884
29077,39.126127,-84.497523,437,55989.993347871794
29077,39.125289,-84.497692,438,56084.75736374695
29077,39.124721,-84.497775,439,56148.620420627456
29077,39.123751,-84.497852,440,56257.18960252973
29077,39.123112,-84.497914,441,56328.778196421976
29077,39.122624,-84.497976,442,56383.5607552712
29077,39.122492,-84.497986,443,56398.33260558988
29077,39.121956,-84.498075,444,56458.709873653446
29077,39.12142,-84.498166,445,56519.109712626814
29077,39.120979,-84.498279,446,56569.34716744292
29077,39.120564,-84.498483,447,56618.99086573178
29077,39.119708,-84.498861,448,56720.11704689238
29077,39.119163,-84.499277,449,56790.95049920304
29077,39.118569,-84.499706,450,56867.08916754132
29077,39.117989,-84.500113,451,56940.93162501572
29077,39.117409,-84.500417,452,57010.91812815083
29077,39.116988,-84.500527,453,57058.91371747675
29077,39.116247,-84.500755,454,57144.0379699719
29077,39.115705,-84.500867,455,57205.36599594362
29077,39.115449,-84.500921,456,57234.34810296762
29077,39.115052,-84.500966,457,57278.87078071945
29077,39.114604,-84.501004,458,57329.027396959595
29077,39.114222,-84.501015,459,57371.71253919987
29077,39.113548,-84.501044,460,57447.04945724398
29077,39.113112,-84.501068,461,57495.8011332382
29077,39.112895,-84.50109,462,57520.11836955839
29077,39.112638,-84.501144,463,57549.21073884358
29077,39.112371,-84.501254,464,57580.5368160979
29077,39.111964,-84.501482,465,57630.145451752214
29077,39.111632,-84.501701,466,57671.84502298419
29077,39.110575,-84.502273,467,57799.990754209946
29077,39.10981,-84.502656,468,57891.72196455116
29077,39.108992,-84.503021,469,57988.46739917849
29077,39.108397,-84.503332,470,58060.23657351565
29077,39.1077,-84.503783,471,58147.43508439793
29077,39.106811,-84.504461,472,58262.95684138046
29077,39.106322,-84.504893,473,58329.27378602193
29077,39.105886,-84.50528,474,58388.493155381344
29077,39.105683,-84.505508,475,58418.627695729
29077,39.105519,-84.505805,476,58450.31211911665
29077,39.105407,-84.5061,477,58478.87480519308
29077,39.105368,-84.506377,478,58503.37510187597
29077,39.105312,-84.506833,479,58543.55490423668
29077,39.10533,-84.507216,480,58576.95143561838
29077,39.105342,-84.507578,481,58608.48803624287
29077,39.105327,-84.508125,482,58656.12778265098
29077,39.105245,-84.508525,483,58692.12826799623
29077,39.105177,-84.508906,484,58726.14902752715
29077,39.105074,-84.509625,485,58789.7790284773
29077,39.104921,-84.510518,486,58869.36191467524
29077,39.104839,-84.510998,487,58912.1331113057
29077,39.104774,-84.511483,488,58954.96701540923
29077,39.104697,-84.512114,489,59010.558199342246
29077,39.10468,-84.512192,490,59017.6078617787
29077,39.1038,-84.511982,491,59117.5985485647
29077,39.102875,-84.511754,492,59222.81985091806
29077,39.101556,-84.511444,493,59372.61731225906
29077,39.100885,-84.511234,494,59449.77218295144
29077,39.099245,-84.510853,495,59635.95635049416
29077,39.098903,-84.510767,496,59674.888155401175
29077,39.098204,-84.510574,497,59754.761261000036
29077,39.098442,-84.508841,498,59907.93939608883
29077,39.098507,-84.505677,499,60183.45342004731
29077,39.098355,-84.505311,500,60219.55546068383
29077,39.098688,-84.504506,501,60298.89112477591
29077,39.098868,-84.504346,502,60323.351707880414
29077,39.099001,-84.504635,503,60352.56833737359
29077,39.099184,-84.505365,504,60419.32023101725
29077,39.099567,-84.505794,505,60476.11042695465
29077,39.099642043316024,-84.50605172883607,506,60500.05992654757
29077,39.099377012485014,-84.5078379938724,507,60658.34134266785
29077,39.099402,-84.508102,508,60681.49100300722
29078,39.500618,-84.33101,0,0
29078,39.500652,-84.330857,1,13.779032202594252
29078,39.501248,-84.33091,2,80.53509477792576
29078,39.501318,-84.330804,3,92.59262329964547
29078,39.501347,-84.330611,4,109.61144803600077
29078,39.501331,-84.330058,5,157.51649907895742
29078,39.501184,-84.329613,6,199.39488249096354
29078,39.500946,-84.329186,7,244.93215048610628
29078,39.500766,-84.328999,8,270.7510516850853
29078,39.500612,-84.328881,9,290.7628826519533
29078,39.500294,-84.328714,10,329.1252707391914
29078,39.499917,-84.328685,11,371.3268746510715
29078,39.499021,-84.328779,12,471.77816912872515
29078,39.49875,-84.328776,13,502.06145624207676
29078,39.498437,-84.328712,14,537.472936362514
29078,39.498224,-84.328642,15,562.0334096136452
29078,39.497756,-84.328425,16,617.6007421150748
29078,39.497525,-84.328363,17,643.9653914846557
29078,39.497284,-84.328366,18,670.8965657419942
29078,39.496597,-84.328559,19,749.4608935534915
29078,39.496038,-84.328763,20,814.3736176301956
29078,39.49562,-84.328924,21,863.1172932404791
29078,39.49538,-84.32905,22,892.0690983358083
29078,39.495035,-84.329251,23,934.3656922694616
29078,39.494014,-84.329825,24,1058.807667651477
29078,39.493615,-84.329959,25,1104.8774272917385
29078,39.493304,-84.330031,26,1140.1838743121702
29078,39.493166,-84.329956,27,1156.915648956989
29078,39.493025,-84.329524,28,1197.500336225915
29078,39.492807,-84.328425,29,1295.7183430208229
29078,39.492681,-84.327894,30,1343.7991003710233
29078,39.492538,-84.326413,31,1473.013897535201
29078,39.492499,-84.325764,32,1529.3723483608449
29078,39.492472,-84.325439,33,1557.6718127128731
29078,39.492429,-84.32516,34,1582.3006360873844
29078,39.492338,-84.325083,35,1594.459757286735
29078,39.492155,-84.325026,36,1615.4957954499944
29078,39.491549,-84.324873,37,1684.4955779025652
29078,39.490427,-84.324825,38,1809.9401430865635
29078,39.48875,-84.324798,39,1997.3478421768607
29078,39.486883,-84.324814,40,2205.9767536165464
29078,39.485844,-84.324895,41,2322.289445796316
29078,39.482979,-84.325152,42,2643.205755032463
29078,39.47864,-84.325458,43,3128.7821668996726
29078,39.473364,-84.325903,44,3719.5961337654617
29078,39.468392,-84.326279,45,4276.135298760194
29078,39.463426,-84.326703,46,4832.264067814087
29078,39.460099,-84.326949,47,5204.642464835118
29078,39.458383,-84.327207,48,5397.690950850855
29078,39.456965,-84.327481,49,5557.909869525991
29078,39.455202,-84.327942,50,5758.918873267399
29078,39.453456,-84.328548,51,5960.960435122827
29078,39.451892,-84.329192,52,6144.414159974895
29078,39.450645,-84.329771,53,6292.50977538449
29078,39.448922,-84.330726,54,6502.064930827354
29078,39.447276,-84.331794,55,6707.953724412486
29078,39.444271,-84.33344,56,7072.764546125856
29078,39.441851,-84.334959,57,7373.50394773736
29078,39.440609,-84.33572,58,7527.152996415961
29078,39.439373,-84.336477,59,7680.048073429801
29078,39.437164,-84.337829,60,7953.271235617632
29078,39.434767,-84.339255,61,8248.240546670135
29078,39.432939,-84.34035,62,8473.463951847589
29078,39.429482,-84.342485,63,8901.767903714617
29078,39.424273,-84.345628,64,9544.395694213768
29078,39.421096,-84.347565,65,9937.081171447582
29078,39.415962,-84.350682,66,10571.174234867363
29078,39.411197,-84.353519,67,11157.647137225233
29078,39.408847,-84.354925,68,11447.134642184204
29078,39.406039,-84.356658,69,11795.001188260332
29078,39.400951,-84.359731,70,12422.836502600076
29078,39.399016,-84.360799,71,12658.037194369403
29078,39.397351,-84.361593,72,12856.404846211364
29078,39.395985,-84.362178,73,13017.242677486714
29078,39.394103,-84.362784,74,13233.994802410112
29078,39.392608,-84.363208,75,13405.037936867437
29078,39.391096,-84.363492,76,13575.768505748465
29078,39.386733,-84.364061,77,14065.764726112287
29078,39.383948,-84.364361,78,14378.035986583393
29078,39.381514,-84.364645,79,14651.114984147376
29078,39.37972,-84.364806,80,14852.055568675893
29078,39.377936,-84.364994,81,15052.058705927291
29078,39.372884,-84.365547,82,15618.583733600095
29078,39.370131,-84.365916,83,15927.853621405926
29078,39.368155,-84.366393,84,16152.486462152634
29078,39.366678,-84.366807,85,16321.381523037522
29078,39.362896,-84.368194,86,16760.756330703054
29078,39.361135,-84.369164,87,16974.755762880573
29078,39.360661,-84.369446,88,17033.093964075342
29078,39.359324,-84.370194,89,17195.965174471752
29078,39.357525,-84.371503,90,17426.828878654098
29078,39.356193,-84.372888,91,17618.09854559722
29078,39.355487,-84.373824,92,17731.302036898684
29078,39.35504,-84.374518,93,17809.524050495744
29078,39.354798,-84.374687,94,17840.282194589105
29078,39.355477,-84.378204,95,18154.654586943903
29078,39.355861,-84.380005,96,18316.664368961505
29078,39.355918,-84.380236,97,18337.689814247602
29078,39.356293,-84.380145,98,18380.327006339594
29078,39.356616,-84.379998,99,18418.603351982598
29078,39.356923,-84.379839,100,18455.574470064414
29078,39.357299,-84.379566,101,18503.800643703595
29078,39.357672,-84.379214,102,18555.46500786902
29078,39.358,-84.378805,103,18606.47230985962
29078,39.358203,-84.378399,104,18648.361272831302
29078,39.358352,-84.377896,105,18695.060094657576
29078,39.358416,-84.37745,106,18734.4016263297
29078,39.358394,-84.376841,107,18787.28365088755
29078,39.357932,-84.374571,108,18990.839627649024
29078,39.357893,-84.374376,109,19008.306491965912
29078,39.35786,-84.374352,110,19012.54083271989
29078,39.357766,-84.374392,111,19023.602155336645
29078,39.357694,-84.374411,112,19031.814134230473
29078,39.357662,-84.374489,113,19039.466646320023
29078,39.357672,-84.374636,114,19052.26652469599
29078,39.35815,-84.376904,115,19256.116444963536
29078,39.35817,-84.377182,116,19280.333671340868
29078,39.358161,-84.377443,117,19302.995293045773
29078,39.358123,-84.377697,118,19325.43279859223
29078,39.35806,-84.377907,119,19344.961154245728
29078,39.357992,-84.378056,120,19359.953402498562
29078,39.357895,-84.378149,121,19373.46419100675
29078,39.35741,-84.378316,122,19429.557886106126
29078,39.357298,-84.378351,123,19442.43509281966
29078,39.356844,-84.378485,124,19494.476961831064
29078,39.356414,-84.378625,125,19544.033553889876
29078,39.356272,-84.378671,126,19560.39382414137
29078,39.356169,-84.378158,127,19606.357052546777
29078,39.356078,-84.377678,128,19649.21726062033
29078,39.355773,-84.377773,129,19684.278347757736
29078,39.355451,-84.377875,130,19721.3287019283
29078,39.355297,-84.377898,131,19738.651031303485
29078,39.355127,-84.377006,132,19818.32432719204
29078,39.354924,-84.375987,133,19909.58091272709
29078,39.354845,-84.375753,134,19931.71545022139
29078,39.354687,-84.374906,135,20007.279776034873
29078,39.354637,-84.374817,136,20016.809473936333
29078,39.354528,-84.374804,137,20029.04064651413
29078,39.354302,-84.374922,138,20056.288404276704
29078,39.353736,-84.375316,139,20128.174813941318
29078,39.35329,-84.375603,140,20183.88130949738
29078,39.353038,-84.375796,141,20216.639861746342
29078,39.352631,-84.376118,142,20270.009275416887
29078,39.351671,-84.377105,143,20407.255931547712
29078,39.350378,-84.378626,144,20602.913689447247
29078,39.349328,-84.379975,145,20768.622407527328
29078,39.348568,-84.381075,146,20896.361546606335
29078,39.347841,-84.382212,147,21024.14153352157
29078,39.347113,-84.383414,148,21156.392315071644
29078,39.346116,-84.385281,149,21352.972412090414
29078,39.345347,-84.386911,150,21518.440338980894
29078,39.344843,-84.387995,151,21628.054535722018
29078,39.344297,-84.389309,152,21757.34932434364
29078,39.343681,-84.391015,153,21920.576636419304
29078,39.343,-84.392978,154,22107.10585669941
29078,39.342472,-84.394593,155,22259.132680558414
29078,39.342109,-84.395714,156,22364.50665139173
29078,39.341663,-84.396905,157,22479.22442167433
29078,39.341064,-84.398842,158,22660.112851129226
29078,39.340566,-84.400285,159,22797.114537743866
29078,39.339779,-84.402157,160,22981.804649248934
29078,39.33914,-84.403584,161,23124.722620173106
29078,39.338072,-84.40573,162,23345.868823525707
29078,39.337655,-84.406438,163,23422.966663515872
29078,39.336828,-84.407924,164,23581.587424187637
29078,39.335836,-84.409517,165,23758.753000413188
29078,39.334804,-84.410998,166,23931.399607315765
29078,39.333536,-84.412575,167,24128.359531915725
29078,39.332316,-84.413991,168,24311.867304715404
29078,39.331019,-84.415359,169,24499.18721387546
29078,39.329898,-84.416539,170,24660.959058692224
29078,39.329182,-84.417349,171,24767.445689754404
29078,39.328184,-84.418325,172,24907.46493213616
29078,39.327457,-84.419098,173,25012.805871582514
29078,39.325632,-84.420954,174,25272.64031928465
29078,39.324258,-84.422429,175,25472.511992847496
29078,39.322017,-84.4248,176,25796.584238684554
29078,39.321136,-84.425685,177,25921.43150361667
29078,39.317955,-84.429001,178,26378.727658127184
29078,39.31512,-84.431769,179,26776.259089835683
29078,39.314046,-84.432675,180,26919.71912069704
29078,39.312761,-84.433662,181,27086.898584803042
29078,39.311475,-84.434553,182,27250.064814574755
29078,39.310184,-84.435331,183,27409.324135978124
29078,39.308153,-84.436495,184,27657.710017859656
29078,39.305291,-84.437841,185,27998.13812100267
29078,39.304404,-84.438302,186,28105.010681197764
29078,39.303195,-84.438871,187,28248.83088206447
29078,39.301839,-84.439477,188,28409.200209630737
29078,39.300859,-84.439863,189,28523.701230846236
29078,39.299511,-84.440358,190,28680.313985145625
29078,39.298267,-84.440819,191,28824.944167567028
29078,39.296636,-84.441224,192,29010.525260799288
29078,39.294916,-84.441583,193,29205.199742544693
29078,39.29356,-84.441792,194,29357.77882664233
29078,39.292121,-84.441959,195,29519.200650153158
29078,39.291158,-84.442007,196,29626.870590345054
29078,39.289919,-84.442034,197,29765.315255106958
29078,39.288968,-84.441996,198,29871.615055578568
29078,39.287887,-84.441932,199,29992.515404951002
29078,39.286871,-84.441889,200,30106.087394410017
29078,39.285985,-84.441846,201,30205.144398125176
29078,39.284875,-84.44176,202,30329.3815870057
29078,39.283107,-84.441658,203,30527.106440054693
29078,39.281827,-84.441573,204,30670.30233319263
29078,39.280823,-84.441497,205,30782.666289959983
29078,39.278235,-84.441369,206,31072.019327870337
29078,39.275064,-84.441138,207,31426.860944732805
29078,39.270104,-84.440891,208,31981.42316016452
29078,39.267455,-84.440682,209,32277.93418657974
29078,39.265993,-84.440569,210,32441.56822194415
29078,39.264233,-84.440489,211,32638.324010478947
29078,39.263223,-84.44044,212,32751.244818624433
29078,39.262365,-84.440515,213,32847.324518826834
29078,39.261801,-84.440596,214,32910.72798467912
29078,39.261196,-84.440676,215,32978.67678590808
29078,39.260174,-84.441025,216,33096.81301434869
29078,39.259604,-84.441256,217,33163.58106769897
29078,39.258647,-84.441679,218,33276.63646527893
29078,39.255158,-84.443262,219,33689.97741304823
29078,39.251292,-84.444995,220,34147.37798797021
29078,39.24859,-84.446212,221,34467.22806887264
29078,39.247259,-84.446777,222,34623.82106818706
29078,39.246348,-84.447265,223,34734.07581720936
29078,39.245191,-84.447968,224,34877.03891544807
29078,39.243886,-84.44903,225,35049.57472145484
29078,39.242981,-84.449856,226,35173.559115265256
29078,39.242153,-84.450484,227,35280.9547851912
29078,39.241612,-84.450795,228,35347.16023845738
29078,39.240813,-84.451192,229,35442.85718961074
29078,39.239903,-84.451428,230,35546.570613365686
29078,39.23888,-84.451541,231,35661.28256001123
29078,39.238204,-84.451514,232,35736.842699876666
29078,39.237122,-84.451278,233,35859.45197006981
29078,39.236452,-84.451058,234,35936.7073094961
29078,39.235794,-84.45086,235,36012.206130250095
29078,39.23506,-84.450618,236,36096.862461342746
29078,39.234525,-84.450452,237,36158.34907534526
29078,39.233761,-84.45028,238,36245.002834402876
29078,39.233102,-84.450221,239,36318.805694863055
29078,39.232121,-84.450205,240,36428.41352026745
29078,39.230887,-84.450237,241,36566.30616127693
29078,39.230053,-84.450253,242,36659.49244761498
29078,39.229312,-84.450286,243,36742.32788491482
29078,39.228724,-84.450398,244,36808.737201541386
29078,39.228172,-84.450543,245,36871.681476281716
29078,39.227767,-84.450725,246,36919.6128675234
29078,39.227443,-84.450929,247,36959.91802607387
29078,39.226297,-84.451938,248,37115.094234626675
29078,39.224675,-84.45359,249,37346.276396932255
29078,39.221684,-84.456642,250,37772.89140301397
29078,39.220273,-84.458091,251,37974.64745607637
29078,39.219409,-84.458944,252,38096.35321822717
29078,39.218763,-84.459448,253,38180.77521330412
29078,39.218075,-84.459899,254,38267.05466473235
29078,39.217576,-84.460172,255,38327.641391350924
29078,39.217141,-84.460365,256,38379.052584432604
29078,39.216212,-84.460639,257,38485.53706104362
29078,39.21526,-84.460821,258,38593.064135514294
29078,39.214484,-84.461004,259,38681.20553041881
29078,39.213539,-84.461213,260,38788.331958988296
29078,39.21274,-84.461406,261,38879.15841877415
29078,39.212081,-84.461631,262,38955.33452021126
29078,39.211494,-84.461894,263,39024.78345905257
29078,39.210806,-84.462297,264,39109.25097674295
29078,39.210042,-84.462785,265,39204.56212489329
29078,39.207267,-84.464603,266,39552.529700838786
29078,39.203705,-84.466888,267,39997.282843914065
29078,39.201882,-84.468031,268,40223.88759399005
29078,39.200936,-84.468691,269,40344.14073509869
29078,39.200201,-84.469222,270,40438.33767959277
29078,39.199877,-84.469463,271,40480.15960913428
29078,39.19916,-84.470155,272,40580.33318323915
29078,39.198378,-84.470992,273,40694.0264827269
29078,39.197432,-84.472097,274,40836.84138482801
29078,39.196785,-84.472881,275,40936.18610622491
29078,39.195403,-84.474522,276,41146.39368732219
29078,39.194016,-84.476137,277,41355.48900651234
29078,39.191623,-84.479044,278,41723.36912596771
29078,39.190706,-84.480112,279,41861.62768271748
29078,39.189947,-84.480879,280,41969.49841275203
29078,39.189347,-84.481351,281,42048.091188450475
29078,39.1887,-84.48171,282,42126.82224169683
29078,39.188083,-84.482,283,42200.21745902822
29078,39.186895,-84.482445,284,42338.46029300499
29078,39.185819,-84.482901,285,42465.03581840296
29078,39.185196,-84.48318,286,42538.74086902059
29078,39.184573,-84.483481,287,42613.09740256629
29078,39.18372,-84.483942,288,42716.47723635892
29078,39.182779,-84.484441,289,42830.20276278545
29078,39.181468,-84.485122,290,42988.17816073632
29078,39.180297,-84.485744,291,43129.73532903508
29078,39.179115,-84.486393,292,43273.33533755453
29078,39.177657,-84.48715,293,43449.01330672386
29078,39.176804,-84.487633,294,43553.15075521691
29078,39.176281,-84.487976,295,43618.749869723855
29078,39.175757,-84.488432,296,43689.45325629236
29078,39.175299,-84.488936,297,43756.82181425074
29078,39.174746,-84.489521,298,43836.84783384404
29078,39.173846,-84.490776,299,43985.232741584165
29078,39.173252,-84.491543,300,44079.31630939848
29078,39.172799,-84.492209,301,44156.22512847649
29078,39.17244,-84.49297,302,44233.60398886116
29078,39.172135,-84.493753,303,44309.741239967865
29078,39.171929,-84.494676,304,44393.2371198599
29078,39.171817,-84.495502,305,44466.14573843779
29078,39.171693,-84.496597,306,44562.366717027246
29078,39.171646,-84.497546,307,44645.05635081467
29078,39.171552,-84.498163,308,44699.7271739052
29078,39.171411,-84.498946,309,44769.613263402745
29078,39.171141,-84.499858,310,44854.46102795268
29078,39.170917,-84.500572,311,44921.402098868326
29078,39.170752,-84.501044,312,44966.395347385944
29078,39.170441,-84.50194,313,45051.70509570801
29078,39.170129,-84.502728,314,45128.58346210265
29078,39.169653,-84.503624,315,45222.91474180259
29078,39.169158,-84.504252,316,45300.633125138345
29078,39.168417,-84.505126,317,45413.011161103575
29078,39.167782,-84.505507,318,45491.3044186898
29078,39.1673,-84.505877,319,45554.03076433568
29078,39.165991,-84.50659,320,45712.86426500301
29078,39.16501,-84.507218,321,45835.30799438207
29078,39.164286,-84.507755,322,45928.70169611604
29078,39.163576,-84.508447,323,46028.263713338216
29078,39.163015,-84.509101,324,46112.89494840402
29078,39.162272,-84.510673,325,46272.830965994704
29078,39.161782,-84.513,326,46482.47688079411
29078,39.162012,-84.515499,327,46701.32209686144
29078,39.162179,-84.517071,328,46839.30113778985
29078,39.162217,-84.518989,329,47006.15705599379
29078,39.161968,-84.520599,330,47148.90930008728
29078,39.161303,-84.522414,331,47323.361291373556
29078,39.159597,-84.526787,332,47748.749437577
29078,39.158837,-84.528895,333,47950.78368789879
29078,39.158066,-84.531025,334,48155.071895772206
29078,39.15769,-84.533259,335,48353.851207868924
29078,39.157176,-84.535407,336,48549.28812893346
29078,39.156583,-84.536534,337,48667.5893695676
29078,39.155602,-84.537596,338,48810.90652447842
29078,39.154491,-84.538444,339,48955.273411655646
29078,39.15338,-84.539157,340,49094.009918842385
29078,39.152637,-84.539546,341,49183.63878270065
29078,39.151553,-84.539847,342,49307.526159471316
29078,39.150501,-84.540087,343,49426.880753854246
29078,39.148836,-84.539817,344,49614.34845328473
29078,39.147576,-84.539284,345,49762.53715857178
29078,39.146403,-84.538256,346,49921.171737578305
29078,39.145011,-84.537017,347,50110.36502178281
29078,39.14403,-84.536306,348,50236.19748918867
29078,39.142895,-84.535737,349,50372.30364729512
29078,39.142012,-84.535357,350,50476.3325024532
29078,39.140989,-84.535056,351,50593.57024772628
29078,39.136571,-84.533759,352,51099.82641327677
29078,39.134553,-84.533013,353,51334.40847295162
29078,39.133164,-84.532675,354,51492.33212279884
29078,39.131384,-84.532858,355,51691.80794388888
29078,39.129463,-84.53358,356,51915.40324686963
29078,39.126371,-84.53509,357,52284.945262161804
29078,39.124079,-84.535519,358,52543.684667240996
29078,39.121868,-84.53569,359,52791.11676622972
29078,39.11974,-84.535522,360,53029.27848207524
29078,39.118087,-84.534774,361,53225.06661648405
29078,39.115115,-84.532598,362,53607.26669880833
29078,39.113907,-84.531831,363,53757.81505189365
29078,39.112269,-84.531433,364,53944.041740850495
29078,39.11004,-84.531543,365,54193.22238835277
29078,39.108417,-84.531735,366,54375.2925292371
29078,39.107645,-84.531549,367,54463.037125709925
29078,39.107035,-84.531392,368,54532.53540401693
29078,39.106219,-84.530877,369,54634.11318375257
29078,39.105393,-84.530021,370,54752.70690812426
29078,39.104737,-84.529053,371,54864.3683983126
29078,39.103792,-84.527049,372,55068.24892191427
29078,39.102623,-84.525453,373,55258.90640865524
29078,39.102433,-84.524956,374,55307.09166779464
29078,39.102376,-84.524572,375,55341.116231811524
29078,39.102283,-84.523122,376,55467.75175283179
29078,39.102649,-84.520389,377,55709.12163856912
29078,39.10395,-84.512003,378,56453.36977080394
29078,39.102875,-84.511754,379,56575.39940096667
29078,39.101556,-84.511444,380,56725.196862307675
29078,39.100885,-84.511234,381,56802.351733000054
29078,39.099245,-84.510853,382,56988.535900542774
29078,39.098212,-84.51052,383,57107.51868082404
29078,39.098473,-84.508403,384,57294.09031104667
29078,39.09852,-84.507387,385,57382.68618105804
29078,39.098536,-84.505799,386,57520.929219629536
29078,39.098311,-84.505381,387,57565.152761759724
29078,39.098711,-84.504415,388,57660.37653222885
29078,39.098919,-84.504286,389,57686.18379391922
29078,39.099177,-84.505209,390,57771.54149513219
29078,39.09941,-84.505606,391,57814.80501991273
29078,39.09965850646927,-84.50588768220902,392,57851.84402582644
29078,39.09940918322223,-84.50772461159737,393,58014.149508059614
29078,39.099402,-84.508102,394,58047.00955669774
29079,39.099402,-84.508102,0,0
29079,39.099285,-84.508326,1,23.473792297615308
29079,39.099174,-84.509098,2,91.8080673055968
29079,39.099603,-84.509219,3,140.8761441566952
29079,39.102059,-84.509876,4,421.13668032612327
29079,39.102617,-84.51,5,484.3992564629151
29079,39.10267,-84.509915,6,493.8752057458558
29079,39.102678,-84.510013,7,502.4520007233114
29079,39.103329,-84.510169,8,576.4329867067431
29079,39.104187,-84.510394,9,674.2617536407528
29079,39.105872,-84.510802,10,865.8160647124896
29079,39.104685,-84.518918,11,1584.5541434866045
29079,39.104443,-84.520484,12,1723.511061635109
29079,39.10408,-84.521734,13,1839.620319495061
29079,39.103731,-84.523832,14,2026.3428057006115
29079,39.10339680641741,-84.52619029004313,15,2234.972758311797
29079,39.103280246891885,-84.52746702153422,16,2346.8581506300166
29079,39.10340513209041,-84.52930165250041,17,2507.150056621298
29079,39.1036049479479,-84.5316405387614,18,2711.942305675536
29079,39.1037464838376,-84.53270269353129,19,2805.7320053801704
29079,39.103996252361505,-84.5329387279246,20,2840.3804632229044
29079,39.10461234426996,-84.53286362607219,21,2909.512314260291
29079,39.10511457552473,-84.53265584529115,22,2968.4580349218218
29079,39.10569968133253,-84.53224550268553,23,3042.939899084053
29079,39.1060134902198,-84.53186763494872,24,3091.006984794137
29079,39.10642067924791,-84.53134703704833,25,3155.2097093439115
29079,39.10681955574359,-84.5310625780487,26,3206.183464393106
29079,39.10722037030036,-84.53089964418028,27,3253.1495972898456
29079,39.108251526844064,-84.53117486375427,28,3370.802051876293
29079,39.10930400000001,-84.53140316931152,29,3490.0387705515304
29079,39.111007,-84.531331,30,3680.3808497176
29079,39.112366,-84.531232,31,3832.43608704618
29079,39.113482,-84.531393,32,3957.886913774145
29079,39.114558,-84.531892,33,4085.6883903700905
29079,39.117434,-84.534098,34,4459.94471808051
29079,39.119015,-84.535165,35,4659.473698495637
29079,39.120383,-84.535487,36,4814.8365714835945
29079,39.122391,-84.535304,37,5039.708940830274
29079,39.12482,-84.534865,38,5313.721185703262
29079,39.126564,-84.534454,39,5511.793571556991
29079,39.128661,-84.533596,40,5757.651621774345
29079,39.131208,-84.532544,41,6056.530548480964
29079,39.133075,-84.532381,42,6265.570209717028
29079,39.134378,-84.532581,43,6412.1615259268
29079,39.135543,-84.533071,44,6549.104888552399
29079,39.137611,-84.533797,45,6788.5942702403245
29079,39.140263,-84.534571,46,7092.397531459
29079,39.142253,-84.53508,47,7319.061648682
29079,39.14459,-84.53633,48,7601.860411346294
29079,39.146183,-84.537897,49,7826.014323304679
29079,39.14742,-84.538848,50,7987.063158768219
29079,39.148562,-84.539503,51,8126.776005145022
29079,39.14958,-84.539736,52,8242.284825917452
29079,39.150594,-84.539803,53,8355.704812424274
29079,39.151227,-84.539734,54,8426.669119345726
29079,39.15193,-84.5395,55,8507.793199548994
29079,39.153027,-84.539041,56,8636.674047897925
29079,39.15404,-84.538414,57,8762.28748275274
29079,39.155001,-84.53773,58,8885.019171865979
29079,39.155887,-84.537009,59,9002.184280771593
29079,39.156566,-84.536096,60,9111.994193318458
29079,39.157064,-84.535236,61,9205.208977034117
29079,39.157411,-84.533961,62,9322.676184268275
29079,39.157712,-84.531907,63,9504.45018008839
29079,39.158024,-84.530515,64,9630.429757523594
29079,39.158572,-84.528913,65,9782.610760135118
29079,39.160644,-84.523471,66,10309.461166497016
29079,39.161611,-84.520942,67,10554.497383021493
29079,39.161966,-84.519486,68,10687.185829664362
29079,39.162084,-84.518466,69,10776.865897596184
29079,39.162002,-84.517241,70,10883.793321434923
29079,39.161787,-84.515505,71,11036.666842756707
29079,39.161624,-84.51282,72,11270.88406344343
29079,39.161894,-84.5112,73,11414.964583257453
29079,39.162201,-84.510243,74,11504.98179007289
29079,39.162523,-84.509546,75,11575.467671006709
29079,39.163347,-84.508435,76,11708.917049110143
29079,39.163811,-84.507821,77,11783.335168423157
29079,39.16432,-84.507413,78,11850.35891629543
29079,39.164556,-84.507203,79,11882.430511630775
29079,39.164947,-84.506973,80,11930.471787410292
29079,39.166033,-84.506253,81,12066.99609687566
29079,39.167221,-84.505491,82,12215.334028077343
29079,39.168095,-84.504939,83,12324.132711671378
29079,39.168707,-84.50444,84,12405.109016672504
29079,39.169254,-84.503866,85,12484.011113660028
29079,39.169695,-84.503244,86,12557.172990264906
29079,39.170212,-84.502085,87,12673.33410511522
29079,39.170789,-84.500398,88,12833.569790811258
29079,39.171165,-84.499351,89,12933.837249421425
29079,39.171365,-84.498397,90,13019.75111545841
29079,39.171494,-84.49741,91,13106.779908572471
29079,39.171583,-84.496165,92,13215.497968268439
29079,39.171653,-84.495269,93,13293.803654090536
29079,39.171824,-84.494336,94,13377.15396239808
29079,39.171971,-84.493672,95,13437.183806346753
29079,39.172341,-84.49276,96,13526.614501772261
29079,39.172712,-84.491998,97,13604.770408906674
29079,39.1731,-84.491424,98,13670.87743906388
29079,39.173524,-84.490839,99,13740.385274308568
29079,39.173871,-84.4904,100,13794.79075468414
29079,39.17457,-84.489531,101,13903.454461083356
29079,39.175064,-84.488903,102,13981.092195233257
29079,39.175582,-84.488388,103,14054.264121171947
29079,39.17617,-84.487894,104,14132.750572008727
29079,39.176711,-84.487508,105,14201.882904666367
29079,39.177082,-84.487256,106,14248.765093125623
29079,39.178108,-84.486714,107,14372.695614955817
29079,39.178872,-84.486237,108,14467.589987275403
29079,39.179631,-84.485915,109,14556.884889156427
29079,39.181842,-84.484719,110,14824.885897274828
29079,39.1833,-84.48393,111,15001.624253073454
29079,39.185004,-84.48306,112,15206.465829421459
29079,39.186285,-84.482567,113,15355.855230242352
29079,39.186785,-84.48232,114,15415.699012428324
29079,39.188102,-84.481778,115,15570.190955528968
29079,39.188961,-84.481339,116,15673.466331252515
29079,39.189655,-84.480915,117,15759.314242306744
29079,39.190149,-84.480486,118,15825.922808370517
29079,39.190766,-84.479794,119,15917.412992429716
29079,39.192089,-84.478243,120,16117.478441880281
29079,39.192712,-84.477487,121,16213.204838883212
29079,39.193688,-84.476334,122,16361.312050107625
29079,39.19467,-84.475202,123,16508.687526713562
29079,39.195334,-84.474359,124,16612.962027595386
29079,39.195858,-84.473742,125,16692.358460497075
29079,39.197175,-84.472192,126,16891.865723976483
29079,39.198198,-84.470915,127,17051.19050340195
29079,39.198592,-84.470481,128,17109.16287810119
29079,39.198921,-84.470207,129,17152.96077231007
29079,39.199531,-84.469617,130,17238.251562861788
29079,39.200301,-84.468947,131,17342.13586797649
29079,39.20073,-84.468636,132,17397.16175912421
29079,39.201241,-84.468249,133,17463.424180636823
29079,39.20304,-84.467139,134,17686.366207849074
29079,39.20414,-84.466409,135,17824.67174710866
29079,39.204833,-84.465964,136,17911.217550551733
29079,39.20645,-84.464897,137,18114.283150869098
29079,39.207238,-84.464328,138,18215.258678692993
29079,39.207767,-84.463845,139,18287.751203038395
29079,39.208772,-84.462821,140,18431.02649407991
29079,39.209712,-84.461656,141,18576.907730296058
29079,39.209977,-84.461238,142,18623.7734599484
29079,39.210371,-84.460637,143,18692.082374370544
29079,39.210723,-84.460117,144,18751.99151751633
29079,39.210947,-84.459634,145,18800.864114193988
29079,39.211029,-84.459468,146,18817.954526313486
29079,39.211147,-84.459232,147,18842.33722918136
29079,39.211712,-84.457961,148,18969.566413127286
29079,39.212194,-84.456974,149,19070.850354823546
29079,39.212752,-84.455504,150,19213.009250278716
29079,39.213264,-84.454399,151,19324.790989566787
29079,39.213605,-84.453562,152,19406.90782189112
29079,39.213846,-84.453143,153,19452.196344379146
29079,39.214192,-84.452564,154,19515.65095492659
29079,39.21461,-84.451979,155,19584.685814978464
29079,39.214951,-84.451593,156,19635.448007050145
29079,39.215544,-84.451046,157,19716.99050574686
29079,39.21602,-84.450676,158,19779.136176487347
29079,39.216708,-84.450231,159,19865.18177469684
29079,39.217402,-84.44971,160,19954.96945510102
29079,39.218048,-84.44927,161,20036.646002650203
29079,39.218659,-84.44897,162,20109.717553104347
29079,39.219318,-84.448664,163,20187.997791313428
29079,39.220129,-84.448358,164,20282.426195402717
29079,39.220658,-84.448224,165,20342.66350567751
29079,39.221222,-84.448144,166,20406.057141353995
29079,39.221663,-84.448128,167,20455.346208181534
29079,39.22225,-84.448117,168,20520.934054519505
29079,39.222838,-84.44816,169,20586.73284476934
29079,39.223514,-84.448278,170,20662.949925025172
29079,39.224178,-84.448471,171,20739.005616034574
29079,39.225436,-84.448793,172,20882.31019870108
29079,39.227211,-84.449286,173,21085.191157685607
29079,39.228063,-84.449517,174,21182.471575159587
29079,39.22885,-84.449716,175,21272.080863231404
29079,39.229802,-84.449925,176,21379.979289346393
29079,39.230795,-84.449957,177,21490.953850095917
29079,39.232643,-84.449976,178,21697.42227515486
29079,39.234106,-84.450143,179,21861.513991375505
29079,39.235663,-84.450559,180,22039.180074855747
29079,39.236691,-84.450903,181,22157.855124366095
29079,39.237726,-84.451188,182,22276.108424964732
29079,39.23876,-84.451306,183,22392.08249947856
29079,39.239577,-84.451252,184,22483.479469853828
29079,39.240329,-84.451043,185,22569.433828781144
29079,39.241479,-84.450545,186,22705.00272322864
29079,39.24212,-84.450089,187,22786.843449413507
29079,39.242919,-84.44952,188,22888.882185622926
29079,39.243682,-84.448871,189,22991.084887682286
29079,39.244535,-84.448174,190,23103.993225860497
29079,39.24524,-84.447659,191,23194.57690368442
29079,39.245716,-84.447342,192,23254.463906190176
29079,39.24668,-84.44679,193,23372.35719452718
29079,39.247638,-84.446328,194,23486.66448942717
29079,39.248572,-84.445915,195,23597.008536701593
29079,39.250527,-84.445084,196,23827.045772398775
29079,39.25182,-84.444494,197,23980.325090622377
29079,39.253001,-84.443963,198,24120.099378852363
29079,39.254516,-84.443265,199,24299.89081139213
29079,39.257269,-84.442026,200,24625.74859854095
29079,39.258473,-84.441484,201,24768.263202234895
29079,39.260407,-84.440599,202,24997.601406966118
29079,39.261435,-84.440181,203,25118.054473078268
29079,39.262428,-84.439933,204,25231.067454672724
29079,39.263873,-84.439734,205,25393.430381896396
29079,39.264584,-84.439718,206,25472.8779312488
29079,39.266263,-84.439826,207,25660.695994175217
29079,39.267062,-84.43989,208,25750.13590553442
29079,39.268736,-84.439981,209,25937.327836457505
29079,39.270193,-84.440062,210,26100.26077303602
29079,39.272788,-84.440233,211,26390.5630241034
29079,39.27374,-84.440298,212,26497.073338413196
29079,39.276003,-84.440435,213,26750.183001828053
29079,39.276872,-84.440515,214,26847.51877618388
29079,39.279126,-84.440623,215,27099.517653930398
29079,39.282115,-84.440832,216,27433.951225319463
29079,39.28444,-84.440982,217,27694.034030554863
29079,39.287911,-84.441207,218,28082.316949852324
29079,39.289369,-84.441293,219,28245.38034157868
29079,39.290473,-84.441277,220,28368.730518871016
29079,39.290931,-84.441229,221,28420.06912861186
29079,39.292663,-84.441148,222,28613.70137366099
29079,39.294277,-84.440934,223,28794.977081672285
29079,39.295305,-84.44073,224,28911.185885731258
29079,39.297624,-84.440301,225,29172.934991718164
29079,39.298287,-84.440065,226,29249.788383344076
29079,39.300142,-84.439426,227,29464.329958907092
29079,39.301487,-84.438901,228,29621.356451465697
29079,39.303042,-84.438155,229,29806.7623037913
29079,39.304029,-84.437656,230,29925.23519996403
29079,39.305748,-84.436836,231,30130.05311361366
29079,39.307045,-84.43623,232,30284.21021857913
29079,39.309038,-84.435218,233,30523.57505412066
29079,39.310259,-84.43451,234,30673.191933937156
29079,39.312254,-84.433199,235,30923.445412332938
29079,39.313376,-84.432405,236,31066.493019214682
29079,39.313933,-84.431911,237,31142.06292022578
29079,39.314819,-84.431106,238,31263.222711288734
29079,39.315753,-84.430248,239,31391.41762193503
29079,39.316551,-84.429443,240,31504.685952141605
29079,39.317402,-84.428601,241,31624.600667346836
29079,39.317913,-84.428086,242,31697.105894684788
29079,39.319245,-84.426761,243,31885.17275765741
29079,39.32009,-84.425849,244,32008.36730458396
29079,39.320741,-84.425168,245,32102.08363087757
29079,39.323124,-84.422711,246,32443.180766446436
29079,39.324504,-84.421224,247,32644.2357635529
29079,39.325889,-84.419813,248,32841.55965903223
29079,39.326711,-84.418961,249,32959.45985258055
29079,39.327791,-84.417866,250,33113.04492843499
29079,39.328853,-84.416702,251,33268.86698277862
29079,39.329721,-84.415796,252,33393.708164311916
29079,39.330932,-84.414533,253,33567.8254970798
29079,39.331577,-84.413873,254,33659.873720699215
29079,39.33244,-84.412897,255,33788.20443486793
29079,39.33339,-84.411828,256,33929.16345593592
29079,39.333825,-84.411249,257,33999.06326741723
29079,39.3344,-84.410423,258,34095.31135461753
29079,39.335033,-84.409575,259,34197.36774521189
29079,39.336515,-84.407268,260,34457.143929527025
29079,39.337249,-84.406039,261,34591.66493753439
29079,39.337765,-84.405074,262,34693.320361143065
29079,39.338164,-84.404285,263,34775.011968378865
29079,39.338792,-84.403019,264,34905.35071191334
29079,39.339167,-84.40215,265,34991.6060265587
29079,39.339578,-84.401185,266,35087.09677774281
29079,39.339989,-84.400273,267,35178.58227506491
29079,39.34027,-84.399441,268,35257.29894991815
29079,39.340441,-84.39891,269,35307.17316457011
29079,39.340787,-84.39795,270,35398.99698487852
29079,39.341315,-84.396373,271,35547.99312050869
29079,39.341673,-84.395182,272,35658.7949928251
29079,39.342078,-84.393905,273,35778.47069532233
29079,39.342365,-84.392972,274,35865.536613222015
29079,39.342922,-84.391382,275,36016.870795568575
29079,39.343398,-84.390035,276,36145.26633875504
29079,39.343891,-84.388705,277,36273.127225126416
29079,39.344507,-84.387358,278,36408.75065986214
29079,39.344976,-84.386301,279,36514.368585043725
29079,39.345533,-84.385094,280,36636.18093745015
29079,39.346102,-84.384129,281,36741.30338050613
29079,39.346683,-84.383061,282,36854.43577691272
29079,39.347598,-84.381474,283,37025.92190346416
29079,39.348426,-84.380197,284,37170.25507504778
29079,39.348836,-84.379537,285,37243.58266755952
29079,39.349394,-84.378764,286,37335.14756731289
29079,39.349886,-84.378153,287,37411.51228415504
29079,39.350602,-84.377182,288,37527.683509929615
29079,39.351335,-84.37635,289,37636.84922881034
29079,39.35191,-84.37568,290,37723.48560766766
29079,39.352284,-84.375106,291,37788.49101092203
29079,39.352689,-84.374554,292,37854.3754432892
29079,39.353082,-84.373985,293,37920.44051292094
29079,39.35337,-84.373508,294,37972.8590725448
29079,39.353625,-84.373062,295,38020.907679964934
29079,39.353757,-84.37284,296,38045.164556621035
29079,39.35396,-84.372638,297,38073.82693145023
29079,39.354165,-84.372545,298,38098.11177166189
29079,39.354309,-84.372526,299,38114.2858140907
29079,39.354435,-84.372636,300,38131.29341007944
29079,39.354714,-84.373856,301,38241.61905980084
29079,39.354896,-84.374969,302,38340.284895536235
29079,39.355178,-84.376549,303,38480.91690511353
29079,39.355504,-84.378164,304,38625.66674493917
29079,39.355621,-84.378797,305,38682.11028446227
29079,39.355762,-84.379301,306,38728.58102003588
29079,39.355905,-84.379985,307,38790.0271189546
29079,39.355926,-84.3802,308,38808.82390110547
29079,39.356116,-84.380141,309,38830.66147715051
29079,39.356789,-84.379913,310,38908.41556414494
29079,39.357254,-84.379615,311,38966.446755183555
29079,39.357641,-84.379209,312,39022.21427155619
29079,39.357924,-84.37892,313,39062.566197726184
29079,39.358198,-84.378451,314,39113.480382786984
29079,39.358309,-84.378153,315,39142.150454193776
29079,39.358402,-84.377663,316,39185.905014425545
29079,39.35842,-84.377032,317,39240.67508062188
29079,39.358285,-84.376202,318,39314.23289428409
29079,39.357967,-84.374647,319,39453.71651540875
29079,39.357906,-84.374362,320,39479.360155334114
29079,39.357651,-84.374435,321,39508.54765072587
29079,39.357912,-84.375658,322,39618.56780805015
29079,39.358165,-84.377085,323,39745.53406190286
29079,39.358169,-84.377482,324,39779.9729845405
29079,39.35809,-84.377905,325,39817.711101640976
29079,39.357974,-84.378125,326,39840.77948760204
29079,39.35741,-84.378316,327,39905.938918196756
29079,39.357149,-84.378405,328,39936.10602459165
29079,39.356283,-84.378675,329,40035.66167889796
29079,39.356086,-84.377686,330,40124.22933230319
29079,39.355524,-84.377873,331,40189.085176713204
29079,39.355309,-84.377951,332,40214.0426515616
29079,39.355171,-84.377204,333,40280.64992753661
29079,39.355033,-84.376448,334,40348.01714413804
29079,39.354812,-84.375245,335,40455.25302765283
29079,39.354669,-84.374632,336,40510.77653631482
29079,39.354629,-84.374066,337,40560.07744998603
29079,39.35456,-84.373658,338,40596.29963127603
29079,39.354461,-84.373193,339,40638.1256597297
29079,39.354316,-84.372432,340,40706.098420586044
29079,39.354884,-84.372239,341,40771.735034743884
29079,39.355542,-84.371852,342,40852.55835634752
29079,39.356425,-84.371262,343,40963.704755399674
29079,39.356866,-84.370951,344,41019.88144147819
29079,39.357241,-84.370879,345,41062.24508881062
29079,39.358533,-84.369913,346,41229.16316332727
29079,39.360076,-84.369001,347,41418.85356794682
29079,39.36173,-84.368087,348,41619.95107425816
29079,39.364459,-84.366912,349,41941.45880853568
29079,39.365676,-84.366539,350,42081.23696770621
29079,39.366887,-84.36623,351,42219.177887027305
29079,39.368628,-84.365818,352,42416.96510414565
29079,39.369223,-84.365647,353,42485.082220485994
29079,39.371074,-84.365406,354,42692.95943060277
29079,39.372156,-84.365368,355,42813.902967250506
29079,39.373163,-84.365239,356,42926.97618734074
29079,39.373729,-84.365174,357,42990.46964680441
29079,39.374573,-84.365102,358,43084.981560182554
29079,39.376101,-84.364893,359,43256.67398735164
29079,39.378197,-84.364681,360,43491.59383147758
29079,39.380907,-84.364434,361,43795.155993762746
29079,39.382068,-84.364316,362,43925.28486645695
29079,39.384759,-84.364016,363,44227.09077411425
29079,39.388133,-84.363657,364,44605.37256926838
29079,39.390438,-84.363368,365,44864.14132673213
29079,39.391875,-84.363084,366,45026.58383280011
29079,39.392332,-84.362939,367,45079.172208752054
29079,39.394091,-84.362526,368,45278.95199382358
29079,39.395176,-84.36214,369,45404.720330888566
29079,39.396448,-84.361721,370,45551.41813707048
29079,39.397785,-84.361072,371,45711.05432524692
29079,39.399754,-84.360117,372,45946.126245699736
29079,39.400651,-84.359613,373,46055.4636948108
29079,39.402043,-84.3588,374,46226.22467743739
29079,39.403696,-84.357792,375,46430.553294544465
29079,39.406005,-84.356338,376,46717.696351915576
29079,39.407242,-84.355592,377,46870.2947897079
29079,39.409046,-84.35452,378,47092.25671513239
29079,39.410395,-84.353694,379,47259.13117218568
29079,39.41179,-84.352862,380,47430.87998175303
29079,39.41298,-84.352165,381,47576.92937657273
29079,39.414786,-84.351059,382,47800.34074421138
29079,39.418516,-84.348767,383,48262.04657905977
29079,39.421125,-84.347236,384,48582.35001009938
29079,39.421869,-84.34677,385,48674.77460566175
29079,39.423248,-84.34597,386,48843.742508956755
29079,39.424684,-84.345069,387,49022.19059540015
29079,39.426576,-84.343937,388,49255.253735239596
29079,39.427467,-84.343395,389,49365.3370749993
29079,39.429352,-84.342248,390,49598.241629531716
29079,39.430436,-84.341594,391,49731.970441989244
29079,39.432498,-84.340364,392,49985.83711612688
29079,39.433536,-84.339672,393,50116.406933573984
29079,39.436073,-84.338197,394,50427.37221645579
29079,39.437233,-84.337505,395,50570.18824160731
29079,39.439629,-84.335983,396,50868.63606673531
29079,39.44066,-84.33542,397,50993.74308565953
29079,39.442729,-84.334175,398,51248.8624685203
29079,39.444939,-84.332805,399,51522.856051806266
29079,39.446164,-84.332049,400,51674.602895755466
29079,39.448224,-84.330887,401,51925.84227196847
29079,39.449478,-84.330093,402,52081.9401517816
29079,39.451739,-84.32898,403,52352.36322856148
29079,39.452676,-84.328577,404,52462.732938715584
29079,39.453473,-84.328218,405,52557.06559619725
29079,39.45482,-84.327805,406,52711.776425319964
29079,39.45598,-84.327429,407,52845.427506082204
29079,39.457403,-84.327124,408,53006.61738820995
29079,39.45834,-84.326904,409,53113.040500923446
29079,39.459289,-84.326754,410,53219.877455595866
29079,39.460461,-84.326619,411,53351.3610717182
29079,39.462563,-84.326453,412,53586.68421343101
29079,39.464935,-84.326298,413,53852.07807620688
29079,39.468127,-84.326045,414,54209.433856033305
29079,39.470925,-84.325799,415,54522.81564362402
29079,39.47385,-84.325579,416,54850.21865729105
29079,39.477036,-84.325343,417,55206.81798074799
29079,39.479322,-84.325144,418,55462.84314862795
29079,39.482512,-84.324881,419,55820.030265988455
29079,39.485076,-84.324694,420,56106.99673443043
29079,39.485929,-84.324624,421,56202.50611968896
29079,39.486819,-84.324458,422,56302.99080305357
29079,39.487838,-84.324243,423,56418.36879146876
29079,39.488355,-84.324077,424,56477.90113129449
29079,39.488997,-84.323745,425,56555.18523289821
29079,39.489291,-84.323482,426,56595.15806707641
29079,39.489796,-84.322951,427,56667.94641619509
29079,39.490314,-84.322366,428,56744.86163799562
29079,39.490731,-84.321937,429,56804.4513719922
29079,39.491141,-84.321636,430,56857.1598116334
29079,39.491368,-84.32154,431,56883.852690186744
29079,39.491815,-84.32147,432,56934.16844078642
29079,39.492523,-84.321406,433,57013.476755970056
29079,39.492648,-84.321406,434,57027.44471287239
29079,39.49273,-84.321486,435,57038.93098509905
29079,39.492759,-84.321658,436,57054.17112445298
29079,39.492677,-84.322264,437,57107.432240179645
29079,39.492639,-84.322892,438,57161.969537228266
29079,39.492635,-84.32338,439,57204.222528693674
29079,39.492652,-84.324056,440,57262.78079794335
29079,39.492714,-84.32486,441,57332.73416450276
29079,39.49278,-84.325982,442,57430.15502676178
29079,39.492821,-84.326829,443,57503.62999300304
29079,39.492921,-84.327832,444,57591.18401164777
29079,39.493103,-84.32854,445,57655.766887310274
29079,39.493326,-84.329466,446,57739.72106439709
29079,39.493389,-84.329737,447,57764.21689099879
29079,39.493465,-84.329839,448,57776.46864132648
29079,39.493556,-84.329852,449,57786.699276789805
29079,39.493782,-84.329758,450,57813.23193129842
29079,39.494319,-84.329463,451,57878.44667387776
29079,39.494652,-84.329308,452,57918.00262798392
29079,39.494952,-84.329117,453,57955.38186696501
29079,39.495569,-84.328806,454,58029.39782084
29079,39.495907,-84.328653,455,58069.42212353992
29079,39.496506,-84.32846,456,58138.409814617175
29079,39.496821,-84.328345,457,58174.98959565068
29079,39.497036,-84.328275,458,58199.76675072275
29079,39.49727,-84.328237,459,58226.120618034656
29079,39.49748,-84.32825,460,58249.61350261122
29079,39.497778,-84.328328,461,58283.59051851674
29079,39.498507,-84.328616,462,58368.780888538255
29079,39.498719,-84.328653,463,58392.68584138318
29079,39.498937,-84.328653,464,58417.04567575692
29079,39.499514,-84.328602,465,58481.67200781779
29079,39.499923,-84.328572,466,58527.44836768324
29079,39.500172,-84.328605,467,58555.418490855496
29079,39.500485,-84.328703,468,58591.40806391364
29079,39.50076,-84.328867,469,58625.25833446996
29079,39.500942,-84.329071,470,58652.19286325977
29079,39.501071,-84.329262,471,58674.12852220076
29079,39.501261,-84.329629,472,58712.33988163015
29079,39.501389,-84.330121,473,58757.26847752075
29079,39.501364,-84.330839,474,58819.48644458638
29079,39.501256,-84.33125,475,58857.0565454407
29079,39.50113,-84.331591,476,58889.76172471065
29079,39.501005,-84.331815,477,58913.65967243985
29079,39.500898,-84.332184,478,58947.76738035862
29079,39.500824,-84.332428,479,58970.45071865942
29079,39.500729,-84.332516,480,58983.51675044027
29079,39.500508,-84.332451,481,59008.84461557902
29079,39.500602,-84.331734,482,59071.79633044718
29079,39.500618,-84.33101,483,59134.49705947636
29080,39.099402,-84.508102,0,0
29080,39.09929334049287,-84.50836868670487,1,26.196153300602667
29080,39.09914991159025,-84.50908768220901,2,90.80055447490474
29080,39.099603,-84.509219,3,142.69051397523583
29080,39.102059,-84.509876,4,422.9510501446639
29080,39.102617,-84.51,5,486.21362628145573
29080,39.10267,-84.509915,6,495.6895755643964
29080,39.102678,-84.510013,7,504.26637054185204
29080,39.103329,-84.510169,8,578.2473565252837
29080,39.104187,-84.510394,9,676.0761234592934
29080,39.104357,-84.509214,10,780.5242492189258
29080,39.104652,-84.507417,11,940.3688967978958
29080,39.104793,-84.506537,12,1018.566717692463
29080,39.105046,-84.505909,13,1080.1022338053529
29080,39.105305,-84.505614,14,1118.7860146037435
29080,39.105697,-84.505287,15,1171.0138240727063
29080,39.106615,-84.504501,16,1294.2904594996326
29080,39.107254,-84.503951,17,1380.2399339488143
29080,39.108352,-84.503141,18,1521.7170644227224
29080,39.108893,-84.502701,19,1593.2652116303307
29080,39.109235,-84.502157,20,1654.104539114976
29080,39.10937,-84.501819,21,1687.1627815866138
29080,39.109576,-84.501433,22,1727.8842709656126
29080,39.110026,-84.501065,23,1787.4912517170133
29080,39.110491,-84.500958,24,1840.2659952513523
29080,39.111062,-84.50084,25,1904.8756309230994
29080,39.112646,-84.500574,26,2083.3372146837473
29080,39.113302,-84.500502,27,2156.8884764673644
29080,39.115083,-84.500134,28,2358.410895494708
29080,39.117102,-84.499512,29,2590.3646427794824
29080,39.117846,-84.499177,30,2678.4440439707155
29080,39.120003,-84.498278,31,2931.791925424424
29080,39.121298,-84.497865,32,3080.8584109660355
29080,39.122517,-84.497774,33,3217.2673886358057
29080,39.125141,-84.497452,34,3511.7401614964406
29080,39.12673,-84.497061,35,3692.484332845527
29080,39.127943,-84.496546,36,3835.210417202091
29080,39.128743,-84.496084,37,3933.206288956577
29080,39.12932,-84.495693,38,4006.0925385026267
29080,39.130815,-84.495017,39,4183.159777713656
29080,39.131686,-84.494577,40,4287.723245078643
29080,39.133204,-84.493952,41,4465.810980831704
29080,39.13401,-84.493504,42,4563.927441825061
29080,39.134428,-84.493137,43,4620.497301062552
29080,39.13504,-84.492573,44,4704.653471360142
29080,39.135499,-84.491962,45,4778.513038428282
29080,39.13592,-84.491347,46,4849.752034431969
29080,39.136149,-84.490975,47,4891.006990227313
29080,39.136317,-84.490631,48,4926.333772448249
29080,39.13637,-84.490409,49,4946.535494993284
29080,39.13637,-84.490162,50,4968.0251303820905
29080,39.136326,-84.489982,51,4984.438909788456
29080,39.13624,-84.489776,52,5004.774153973736
29080,39.13607,-84.489631,53,5027.573892801113
29080,39.135834,-84.489553,54,5054.798024418783
29080,39.135605,-84.489548,55,5080.384471577142
29080,39.135381,-84.489623,56,5106.245417108813
29080,39.13499,-84.4898,57,5152.561122885724
29080,39.134731,-84.489864,58,5182.026239552269
29080,39.134675,-84.489918,59,5189.850025718905
29080,39.134649,-84.490173,60,5212.225557968453
29080,39.134699,-84.491069,61,5290.381577033368
29080,39.134748,-84.492581,62,5422.046096746349
29080,39.134795,-84.493555,63,5506.9506814802135
29080,39.134876,-84.495716,64,5695.1837246348
29080,39.134904,-84.496467,65,5760.598279734784
29080,39.135033,-84.496686,66,5784.488133032081
29080,39.134987,-84.497049,67,5816.485703711056
29080,39.135058,-84.49839,68,5933.426350174608
29080,39.135231,-84.500684,69,6133.944407788432
29080,39.135278,-84.501274,70,6185.543718198952
29080,39.135381,-84.503025,71,6338.318597530678
29080,39.135496,-84.504707,72,6485.218608354858
29080,39.135552,-84.505517,73,6555.967044217817
29080,39.135564,-84.505954,74,6594.010319445397
29080,39.135552,-84.506566,75,6647.272057796651
29080,39.135499,-84.507169,76,6700.066929593415
29080,39.135469,-84.507655,77,6742.482193569795
29080,39.135502,-84.50818,78,6788.306392618406
29080,39.135517,-84.50858,79,6823.147186803319
29080,39.135525,-84.508784,80,6840.917903939894
29080,39.135534,-84.509184,81,6875.732856325856
29080,39.135548,-84.510514,82,6991.454686478751
29080,39.135619,-84.5121,83,7129.665562706697
29080,39.135755,-84.513668,84,7266.92551565925
29080,39.135793,-84.51417,85,7310.805386020767
29080,39.135827,-84.514974,86,7380.856407541552
29080,39.135673,-84.515535,87,7432.606564199606
29080,39.135314,-84.516318,88,7511.656076726477
29080,39.135124,-84.517064,89,7579.940844208313
29080,39.135312,-84.518681,90,7722.179248868497
29080,39.135429,-84.520369,91,7869.615458528322
29080,39.135592,-84.520701,92,7903.7597465216095
29080,39.136325,-84.521496,93,8010.944259195396
29080,39.137588,-84.522794,94,8191.658516050206
29080,39.13824,-84.523379,95,8280.511906188654
29080,39.139029,-84.52396,96,8382.11461724099
29080,39.139416,-84.524334,97,8436.221352945817
29080,39.139767,-84.524854,98,8496.086050537528
29080,39.140048,-84.525401,99,8553.092320425058
29080,39.140137,-84.526069,100,8612.048067268777
29080,39.140031,-84.526706,101,8668.713631924857
29080,39.1398,-84.527798,102,8767.152525702828
29080,39.13973,-84.528731,103,8848.69297445922
29080,39.139762,-84.529541,104,8919.247990391254
29080,39.139992,-84.530338,105,8993.188678361572
29080,39.140155,-84.531107,106,9062.519635040577
29080,39.140149,-84.531791,107,9122.026122846462
29080,39.139964,-84.53247,108,9184.60472436142
29080,39.139143,-84.533733,109,9327.723184187238
29080,39.139373,-84.533938,110,9358.998585220943
29080,39.142436,-84.534908,111,9711.409061329867
29080,39.14459,-84.53633,112,9981.958991551126
29080,39.146183,-84.537897,113,10206.112903509511
29080,39.14742,-84.538848,114,10367.16173897305
29080,39.148562,-84.539503,115,10506.874585349853
29080,39.14958,-84.539736,116,10622.383406122282
29080,39.150594,-84.539803,117,10735.803392629105
29080,39.151227,-84.539734,118,10806.767699550557
29080,39.15193,-84.5395,119,10887.891779753825
29080,39.153027,-84.539041,120,11016.772628102755
29080,39.15404,-84.538414,121,11142.38606295757
29080,39.155001,-84.53773,122,11265.11775207081
29080,39.155887,-84.537009,123,11382.282860976424
29080,39.156566,-84.536096,124,11492.092773523289
29080,39.157064,-84.535236,125,11585.307557238948
29080,39.157411,-84.533961,126,11702.774764473106
29080,39.157712,-84.531907,127,11884.54876029322
29080,39.158024,-84.530515,128,12010.528337728425
29080,39.158572,-84.528913,129,12162.709340339949
29080,39.160644,-84.523471,130,12689.559746701847
29080,39.161611,-84.520942,131,12934.595963226324
29080,39.161966,-84.519486,132,13067.284409869193
29080,39.162084,-84.518466,133,13156.964477801015
29080,39.162002,-84.517241,134,13263.891901639754
29080,39.161787,-84.515505,135,13416.765422961538
29080,39.161624,-84.51282,136,13650.98264364826
29080,39.161894,-84.5112,137,13795.063163462284
29080,39.162201,-84.510243,138,13885.080370277721
29080,39.162523,-84.509546,139,13955.56625121154
29080,39.163347,-84.508435,140,14089.015629314974
29080,39.163811,-84.507821,141,14163.433748627987
29080,39.16432,-84.507413,142,14230.457496500261
29080,39.164556,-84.507203,143,14262.529091835606
29080,39.164947,-84.506973,144,14310.570367615122
29080,39.166033,-84.506253,145,14447.094677080491
29080,39.167221,-84.505491,146,14595.432608282174
29080,39.168095,-84.504939,147,14704.231291876209
29080,39.168707,-84.50444,148,14785.207596877335
29080,39.169254,-84.503866,149,14864.109693864859
29080,39.169695,-84.503244,150,14937.271570469737
29080,39.170212,-84.502085,151,15053.432685320051
29080,39.170789,-84.500398,152,15213.668371016089
29080,39.171165,-84.499351,153,15313.935829626256
29080,39.171365,-84.498397,154,15399.84969566324
29080,39.171494,-84.49741,155,15486.878488777302
29080,39.171583,-84.496165,156,15595.59654847327
29080,39.171653,-84.495269,157,15673.902234295367
29080,39.171824,-84.494336,158,15757.252542602911
29080,39.171971,-84.493672,159,15817.282386551584
29080,39.172341,-84.49276,160,15906.713081977092
29080,39.172712,-84.491998,161,15984.868989111505
29080,39.1731,-84.491424,162,16050.97601926871
29080,39.173524,-84.490839,163,16120.483854513399
29080,39.173871,-84.4904,164,16174.88933488897
29080,39.17457,-84.489531,165,16283.553041288187
29080,39.175064,-84.488903,166,16361.190775438088
29080,39.175582,-84.488388,167,16434.36270137678
29080,39.17617,-84.487894,168,16512.84915221356
29080,39.176711,-84.487508,169,16581.981484871198
29080,39.177082,-84.487256,170,16628.863673330456
29080,39.178108,-84.486714,171,16752.79419516065
29080,39.178872,-84.486237,172,16847.68856748024
29080,39.179631,-84.485915,173,16936.983469361265
29080,39.181842,-84.484719,174,17204.984477479666
29080,39.1833,-84.48393,175,17381.72283327829
29080,39.185004,-84.48306,176,17586.564409626295
29080,39.186285,-84.482567,177,17735.953810447187
29080,39.186785,-84.48232,178,17795.79759263316
29080,39.188102,-84.481778,179,17950.289535733806
29080,39.188961,-84.481339,180,18053.564911457353
29080,39.189655,-84.480915,181,18139.412822511582
29080,39.190149,-84.480486,182,18206.021388575355
29080,39.190766,-84.479794,183,18297.511572634554
29080,39.192089,-84.478243,184,18497.57702208512
29080,39.192712,-84.477487,185,18593.30341908805
29080,39.193688,-84.476334,186,18741.41063031246
29080,39.19467,-84.475202,187,18888.786106918396
29080,39.195334,-84.474359,188,18993.06060780022
29080,39.195858,-84.473742,189,19072.45704070191
29080,39.197175,-84.472192,190,19271.964304181318
29080,39.198198,-84.470915,191,19431.289083606785
29080,39.198592,-84.470481,192,19489.261458306024
29080,39.198921,-84.470207,193,19533.059352514905
29080,39.199531,-84.469617,194,19618.350143066622
29080,39.200301,-84.468947,195,19722.234448181323
29080,39.20073,-84.468636,196,19777.260339329045
29080,39.201241,-84.468249,197,19843.522760841657
29080,39.20304,-84.467139,198,20066.46478805391
29080,39.20414,-84.466409,199,20204.770327313494
29080,39.204833,-84.465964,200,20291.316130756568
29080,39.20645,-84.464897,201,20494.381731073932
29080,39.207238,-84.464328,202,20595.357258897828
29080,39.207767,-84.463845,203,20667.84978324323
29080,39.208772,-84.462821,204,20811.125074284744
29080,39.209712,-84.461656,205,20957.006310500892
29080,39.209977,-84.461238,206,21003.872040153234
29080,39.210371,-84.460637,207,21072.18095457538
29080,39.210723,-84.460117,208,21132.090097721164
29080,39.210947,-84.459634,209,21180.962694398822
29080,39.211029,-84.459468,210,21198.05310651832
29080,39.211147,-84.459232,211,21222.435809386196
29080,39.211712,-84.457961,212,21349.66499333212
29080,39.212194,-84.456974,213,21450.94893502838
29080,39.212752,-84.455504,214,21593.10783048355
29080,39.213264,-84.454399,215,21704.88956977162
29080,39.213605,-84.453562,216,21787.006402095954
29080,39.213846,-84.453143,217,21832.29492458398
29080,39.214192,-84.452564,218,21895.749535131425
29080,39.21461,-84.451979,219,21964.7843951833
29080,39.214951,-84.451593,220,22015.54658725498
29080,39.215544,-84.451046,221,22097.089085951695
29080,39.21602,-84.450676,222,22159.23475669218
29080,39.216708,-84.450231,223,22245.280354901675
29080,39.217402,-84.44971,224,22335.068035305856
29080,39.218048,-84.44927,225,22416.744582855037
29080,39.218659,-84.44897,226,22489.81613330918
29080,39.219318,-84.448664,227,22568.096371518262
29080,39.220129,-84.448358,228,22662.52477560755
29080,39.220658,-84.448224,229,22722.762085882343
29080,39.221222,-84.448144,230,22786.15572155883
29080,39.221663,-84.448128,231,22835.44478838637
29080,39.22225,-84.448117,232,22901.03263472434
29080,39.222838,-84.44816,233,22966.831424974174
29080,39.223514,-84.448278,234,23043.048505230006
29080,39.224178,-84.448471,235,23119.10419623941
29080,39.225436,-84.448793,236,23262.408778905916
29080,39.227211,-84.449286,237,23465.28973789044
29080,39.228063,-84.449517,238,23562.57015536442
29080,39.22885,-84.449716,239,23652.17944343624
29080,39.229802,-84.449925,240,23760.077869551227
29080,39.230795,-84.449957,241,23871.05243030075
29080,39.232643,-84.449976,242,24077.520855359693
29080,39.234106,-84.450143,243,24241.61257158034
29080,39.235663,-84.450559,244,24419.27865506058
29080,39.236691,-84.450903,245,24537.95370457093
29080,39.237726,-84.451188,246,24656.207005169566
29080,39.23876,-84.451306,247,24772.181079683396
29080,39.239577,-84.451252,248,24863.578050058662
29080,39.240329,-84.451043,249,24949.53240898598
29080,39.241479,-84.450545,250,25085.101303433476
29080,39.24212,-84.450089,251,25166.94202961834
29080,39.242919,-84.44952,252,25268.98076582776
29080,39.243682,-84.448871,253,25371.18346788712
29080,39.244535,-84.448174,254,25484.09180606533
29080,39.24524,-84.447659,255,25574.675483889256
29080,39.245716,-84.447342,256,25634.56248639501
29080,39.24668,-84.44679,257,25752.455774732014
29080,39.247638,-84.446328,258,25866.763069632005
29080,39.248572,-84.445915,259,25977.107116906427
29080,39.250527,-84.445084,260,26207.14435260361
29080,39.25182,-84.444494,261,26360.42367082721
29080,39.253001,-84.443963,262,26500.197959057197
29080,39.254516,-84.443265,263,26679.989391596966
29080,39.257269,-84.442026,264,27005.847178745786
29080,39.258473,-84.441484,265,27148.36178243973
29080,39.260407,-84.440599,266,27377.699987170952
29080,39.261435,-84.440181,267,27498.153053283102
29080,39.262428,-84.439933,268,27611.16603487756
29080,39.263873,-84.439734,269,27773.52896210123
29080,39.264584,-84.439718,270,27852.976511453635
29080,39.266263,-84.439826,271,28040.794574380052
29080,39.267062,-84.43989,272,28130.234485739253
29080,39.268736,-84.439981,273,28317.42641666234
29080,39.270193,-84.440062,274,28480.359353240856
29080,39.272788,-84.440233,275,28770.661604308236
29080,39.27374,-84.440298,276,28877.17191861803
29080,39.276003,-84.440435,277,29130.281582032887
29080,39.276872,-84.440515,278,29227.617356388713
29080,39.279126,-84.440623,279,29479.616234135232
29080,39.282115,-84.440832,280,29814.049805524297
29080,39.28444,-84.440982,281,30074.132610759698
29080,39.287911,-84.441207,282,30462.41553005716
29080,39.289369,-84.441293,283,30625.478921783513
29080,39.290473,-84.441277,284,30748.82909907585
29080,39.290931,-84.441229,285,30800.167708816694
29080,39.292663,-84.441148,286,30993.799953865826
29080,39.294277,-84.440934,287,31175.07566187712
29080,39.295305,-84.44073,288,31291.284465936093
29080,39.297624,-84.440301,289,31553.033571923
29080,39.298287,-84.440065,290,31629.88696354891
29080,39.300142,-84.439426,291,31844.428539111927
29080,39.301487,-84.438901,292,32001.45503167053
29080,39.303042,-84.438155,293,32186.860883996134
29080,39.304029,-84.437656,294,32305.333780168865
29080,39.305748,-84.436836,295,32510.151693818494
29080,39.307045,-84.43623,296,32664.308798783964
29080,39.309038,-84.435218,297,32903.673634325496
29080,39.310259,-84.43451,298,33053.29051414199
29080,39.312254,-84.433199,299,33303.54399253777
29080,39.313376,-84.432405,300,33446.59159941952
29080,39.313933,-84.431911,301,33522.161500430615
29080,39.314819,-84.431106,302,33643.32129149357
29080,39.315753,-84.430248,303,33771.516202139865
29080,39.316551,-84.429443,304,33884.78453234644
29080,39.317402,-84.428601,305,34004.699247551674
29080,39.317913,-84.428086,306,34077.20447488962
29080,39.319245,-84.426761,307,34265.27133786224
29080,39.32009,-84.425849,308,34388.4658847888
29080,39.320741,-84.425168,309,34482.18221108241
29080,39.323124,-84.422711,310,34823.279346651274
29080,39.324504,-84.421224,311,35024.334343757735
29080,39.325889,-84.419813,312,35221.65823923707
29080,39.326711,-84.418961,313,35339.55843278539
29080,39.327791,-84.417866,314,35493.14350863983
29080,39.328853,-84.416702,315,35648.96556298346
29080,39.329721,-84.415796,316,35773.806744516754
29080,39.330932,-84.414533,317,35947.92407728464
29080,39.331577,-84.413873,318,36039.97230090405
29080,39.33244,-84.412897,319,36168.303015072765
29080,39.33339,-84.411828,320,36309.26203614076
29080,39.333825,-84.411249,321,36379.16184762207
29080,39.3344,-84.410423,322,36475.40993482237
29080,39.335033,-84.409575,323,36577.46632541673
29080,39.336515,-84.407268,324,36837.24250973186
29080,39.337249,-84.406039,325,36971.76351773923
29080,39.337765,-84.405074,326,37073.4189413479
29080,39.338164,-84.404285,327,37155.1105485837
29080,39.338792,-84.403019,328,37285.44929211818
29080,39.339167,-84.40215,329,37371.70460676354
29080,39.339578,-84.401185,330,37467.19535794765
29080,39.339989,-84.400273,331,37558.68085526975
29080,39.34027,-84.399441,332,37637.39753012299
29080,39.340441,-84.39891,333,37687.271744774946
29080,39.340787,-84.39795,334,37779.09556508336
29080,39.341315,-84.396373,335,37928.09170071353
29080,39.341673,-84.395182,336,38038.893573029934
29080,39.342078,-84.393905,337,38158.56927552717
29080,39.342365,-84.392972,338,38245.63519342685
29080,39.342922,-84.391382,339,38396.96937577341
29080,39.343398,-84.390035,340,38525.36491895988
29080,39.343891,-84.388705,341,38653.225805331254
29080,39.344507,-84.387358,342,38788.84924006698
29080,39.344976,-84.386301,343,38894.46716524856
29080,39.345533,-84.385094,344,39016.27951765499
29080,39.346102,-84.384129,345,39121.401960710966
29080,39.346683,-84.383061,346,39234.534357117554
29080,39.347598,-84.381474,347,39406.020483668995
29080,39.348426,-84.380197,348,39550.35365525262
29080,39.348836,-84.379537,349,39623.68124776436
29080,39.349394,-84.378764,350,39715.246147517726
29080,39.349886,-84.378153,351,39791.61086435988
29080,39.350602,-84.377182,352,39907.78209013445
29080,39.351335,-84.37635,353,40016.947809015175
29080,39.35191,-84.37568,354,40103.5841878725
29080,39.352284,-84.375106,355,40168.58959112687
29080,39.352689,-84.374554,356,40234.47402349404
29080,39.353082,-84.373985,357,40300.53909312578
29080,39.35337,-84.373508,358,40352.95765274964
29080,39.353625,-84.373062,359,40401.00626016977
29080,39.353757,-84.37284,360,40425.26313682587
29080,39.35396,-84.372638,361,40453.92551165507
29080,39.354165,-84.372545,362,40478.21035186673
29080,39.354309,-84.372526,363,40494.384394295535
29080,39.354435,-84.372636,364,40511.391990284275
29080,39.354714,-84.373856,365,40621.71764000568
29080,39.354896,-84.374969,366,40720.38347574107
29080,39.355178,-84.376549,367,40861.01548531837
29080,39.355504,-84.378164,368,41005.765325144006
29080,39.355621,-84.378797,369,41062.20886466711
29080,39.355762,-84.379301,370,41108.67960024072
29080,39.355905,-84.379985,371,41170.125699159435
29080,39.355926,-84.3802,372,41188.92248131031
29080,39.356116,-84.380141,373,41210.76005735535
29080,39.356789,-84.379913,374,41288.51414434978
29080,39.357254,-84.379615,375,41346.54533538839
29080,39.357641,-84.379209,376,41402.31285176103
29080,39.357924,-84.37892,377,41442.66477793102
29080,39.358198,-84.378451,378,41493.57896299182
29080,39.358309,-84.378153,379,41522.249034398614
29080,39.358402,-84.377663,380,41566.00359463038
29080,39.35842,-84.377032,381,41620.773660826715
29080,39.358285,-84.376202,382,41694.33147448893
29080,39.357967,-84.374647,383,41833.81509561359
29080,39.357906,-84.374362,384,41859.45873553895
29080,39.357651,-84.374435,385,41888.64623093071
29080,39.357912,-84.375658,386,41998.66638825499
29080,39.358165,-84.377085,387,42125.632642107696
29080,39.358169,-84.377482,388,42160.07156474534
29080,39.35809,-84.377905,389,42197.809681845814
29080,39.357974,-84.378125,390,42220.87806780688
29080,39.35741,-84.378316,391,42286.037498401594
29080,39.357149,-84.378405,392,42316.20460479649
29080,39.356283,-84.378675,393,42415.7602591028
29080,39.356086,-84.377686,394,42504.32791250803
29080,39.355524,-84.377873,395,42569.18375691804
29080,39.355309,-84.377951,396,42594.141231766436
29080,39.355171,-84.377204,397,42660.748507741446
29080,39.355033,-84.376448,398,42728.115724342875
29080,39.354812,-84.375245,399,42835.351607857665
29080,39.354669,-84.374632,400,42890.87511651966
29080,39.354629,-84.374066,401,42940.176030190865
29080,39.35456,-84.373658,402,42976.39821148087
29080,39.354461,-84.373193,403,43018.22423993454
29080,39.354316,-84.372432,404,43086.19700079088
29080,39.354884,-84.372239,405,43151.83361494872
29080,39.355542,-84.371852,406,43232.65693655236
29080,39.356425,-84.371262,407,43343.80333560451
29080,39.356866,-84.370951,408,43399.980021683026
29080,39.357241,-84.370879,409,43442.343669015456
29080,39.358533,-84.369913,410,43609.26174353211
29080,39.360076,-84.369001,411,43798.95214815166
29080,39.36173,-84.368087,412,44000.049654463
29080,39.364459,-84.366912,413,44321.55738874052
29080,39.365676,-84.366539,414,44461.33554791105
29080,39.366887,-84.36623,415,44599.27646723214
29080,39.368628,-84.365818,416,44797.06368435049
29080,39.369223,-84.365647,417,44865.18080069083
29080,39.371074,-84.365406,418,45073.05801080761
29080,39.372156,-84.365368,419,45194.001547455344
29080,39.373163,-84.365239,420,45307.07476754558
29080,39.373729,-84.365174,421,45370.56822700925
29080,39.374573,-84.365102,422,45465.08014038739
29080,39.376101,-84.364893,423,45636.77256755648
29080,39.378197,-84.364681,424,45871.692411682416
29080,39.380907,-84.364434,425,46175.254573967584
29080,39.382068,-84.364316,426,46305.383446661785
29080,39.384759,-84.364016,427,46607.18935431909
29080,39.388133,-84.363657,428,46985.47114947322
29080,39.390438,-84.363368,429,47244.23990693697
29080,39.391875,-84.363084,430,47406.68241300495
29080,39.392332,-84.362939,431,47459.27078895689
29080,39.394091,-84.362526,432,47659.05057402842
29080,39.395176,-84.36214,433,47784.8189110934
29080,39.396448,-84.361721,434,47931.51671727532
29080,39.397785,-84.361072,435,48091.15290545176
29080,39.399754,-84.360117,436,48326.224825904574
29080,39.400651,-84.359613,437,48435.56227501564
29080,39.402043,-84.3588,438,48606.32325764223
29080,39.403696,-84.357792,439,48810.6518747493
29080,39.406005,-84.356338,440,49097.794932120414
29080,39.407242,-84.355592,441,49250.39336991274
29080,39.409046,-84.35452,442,49472.35529533723
29080,39.410395,-84.353694,443,49639.229752390514
29080,39.41179,-84.352862,444,49810.97856195787
29080,39.41298,-84.352165,445,49957.027956777565
29080,39.414786,-84.351059,446,50180.43932441622
29080,39.418516,-84.348767,447,50642.145159264604
29080,39.421125,-84.347236,448,50962.448590304215
29080,39.421869,-84.34677,449,51054.873185866585
29080,39.423248,-84.34597,450,51223.84108916159
29080,39.424684,-84.345069,451,51402.28917560499
29080,39.426576,-84.343937,452,51635.352315444434
29080,39.427467,-84.343395,453,51745.435655204135
29080,39.429352,-84.342248,454,51978.340209736554
29080,39.430436,-84.341594,455,52112.06902219408
29080,39.432498,-84.340364,456,52365.93569633172
29080,39.433536,-84.339672,457,52496.50551377882
29080,39.436073,-84.338197,458,52807.47079666063
29080,39.437233,-84.337505,459,52950.28682181215
29080,39.439629,-84.335983,460,53248.734646940145
29080,39.44066,-84.33542,461,53373.84166586437
29080,39.442729,-84.334175,462,53628.96104872514
29080,39.444939,-84.332805,463,53902.954632011104
29080,39.446164,-84.332049,464,54054.701475960304
29080,39.448224,-84.330887,465,54305.940852173306
29080,39.449478,-84.330093,466,54462.03873198644
29080,39.451739,-84.32898,467,54732.46180876632
29080,39.452676,-84.328577,468,54842.83151892042
29080,39.453473,-84.328218,469,54937.16417640209
29080,39.45482,-84.327805,470,55091.8750055248
29080,39.45598,-84.327429,471,55225.52608628704
29080,39.457403,-84.327124,472,55386.715968414785
29080,39.45834,-84.326904,473,55493.13908112828
29080,39.459289,-84.326754,474,55599.976035800704
29080,39.460461,-84.326619,475,55731.45965192304
29080,39.462563,-84.326453,476,55966.78279363585
29080,39.464935,-84.326298,477,56232.17665641172
29080,39.468127,-84.326045,478,56589.53243623814
29080,39.470925,-84.325799,479,56902.914223828855
29080,39.47385,-84.325579,480,57230.31723749589
29080,39.477036,-84.325343,481,57586.91656095283
29080,39.479322,-84.325144,482,57842.94172883279
29080,39.482512,-84.324881,483,58200.12884619329
29080,39.485076,-84.324694,484,58487.09531463527
29080,39.485929,-84.324624,485,58582.604699893796
29080,39.486819,-84.324458,486,58683.08938325841
29080,39.487838,-84.324243,487,58798.4673716736
29080,39.488355,-84.324077,488,58857.99971149933
29080,39.488997,-84.323745,489,58935.28381310305
29080,39.489291,-84.323482,490,58975.25664728125
29080,39.489796,-84.322951,491,59048.04499639993
29080,39.490314,-84.322366,492,59124.96021820046
29080,39.490731,-84.321937,493,59184.54995219704
29080,39.491141,-84.321636,494,59237.25839183824
29080,39.491368,-84.32154,495,59263.95127039158
29080,39.491815,-84.32147,496,59314.26702099126
29080,39.492523,-84.321406,497,59393.575336174894
29080,39.492648,-84.321406,498,59407.54329307723
29080,39.49273,-84.321486,499,59419.029565303885
29080,39.492759,-84.321658,500,59434.26970465782
29080,39.492677,-84.322264,501,59487.53082038448
29080,39.492639,-84.322892,502,59542.068117433104
29080,39.492635,-84.32338,503,59584.32110889851
29080,39.492652,-84.324056,504,59642.87937814819
29080,39.492714,-84.32486,505,59712.8327447076
29080,39.49278,-84.325982,506,59810.25360696662
29080,39.492821,-84.326829,507,59883.72857320788
29080,39.492921,-84.327832,508,59971.28259185261
29080,39.493103,-84.32854,509,60035.86546751511
29080,39.493326,-84.329466,510,60119.81964460193
29080,39.493389,-84.329737,511,60144.31547120363
29080,39.493465,-84.329839,512,60156.56722153132
29080,39.493556,-84.329852,513,60166.79785699464
29080,39.493782,-84.329758,514,60193.330511503256
29080,39.494319,-84.329463,515,60258.5452540826
29080,39.494652,-84.329308,516,60298.10120818876
29080,39.494952,-84.329117,517,60335.48044716985
29080,39.495569,-84.328806,518,60409.49640104484
29080,39.495907,-84.328653,519,60449.52070374476
29080,39.496506,-84.32846,520,60518.50839482201
29080,39.496821,-84.328345,521,60555.08817585552
29080,39.497036,-84.328275,522,60579.86533092759
29080,39.49727,-84.328237,523,60606.219198239494
29080,39.49748,-84.32825,524,60629.712082816055
29080,39.497778,-84.328328,525,60663.68909872158
29080,39.498507,-84.328616,526,60748.87946874309
29080,39.498719,-84.328653,527,60772.78442158802
29080,39.498937,-84.328653,528,60797.14425596176
29080,39.499514,-84.328602,529,60861.77058802263
29080,39.499923,-84.328572,530,60907.54694788808
29080,39.500172,-84.328605,531,60935.517071060334
29080,39.500485,-84.328703,532,60971.506644118475
29080,39.50076,-84.328867,533,61005.3569146748
29080,39.500942,-84.329071,534,61032.29144346461
29080,39.501071,-84.329262,535,61054.227102405595
29080,39.501261,-84.329629,536,61092.43846183499
29080,39.501389,-84.330121,537,61137.36705772559
29080,39.501364,-84.330839,538,61199.58502479122
29080,39.501256,-84.33125,539,61237.155125645535
29080,39.50113,-84.331591,540,61269.860304915484
29080,39.501005,-84.331815,541,61293.758252644686
29080,39.500898,-84.332184,542,61327.86596056346
29080,39.500824,-84.332428,543,61350.54929886426
29080,39.500729,-84.332516,544,61363.61533064511
29080,39.500508,-84.332451,545,61388.94319578386
29080,39.500602,-84.331734,546,61451.894910652016
29080,39.500618,-84.33101,547,61514.595639681196
29989,39.28733,-84.461649,0,0
29989,39.287227,-84.46132,1,30.79390849715203
29989,39.28726,-84.46093,2,64.85306909706271
29989,39.28715,-84.46009,3,138.80852710538215
29989,39.2871,-84.45958,4,183.43686375797364
29989,39.28707,-84.45906,5,228.70671518237378
29989,39.28702,-84.45813,6,309.64104314280956
29989,39.28698,-84.45767,7,349.8269295834386
29989,39.28692,-84.45688,8,418.7406691814482
29989,39.286766,-84.455736,9,519.5409832113513
29989,39.28674,-84.45554,10,536.8037246632804
29989,39.28668,-84.45489,11,593.6331270893527
29989,39.28664,-84.45453,12,625.2060570109031
29989,39.286507,-84.453382,13,725.9767558980415
29989,39.2865,-84.45332,14,731.4161104995297
29989,39.28649,-84.4525,15,802.617351042996
29989,39.28645,-84.45207,16,840.2165571768656
29989,39.2864,-84.45155,17,885.707402220854
29989,39.2863,-84.45058,18,970.6611303548478
29989,39.28626,-84.45017,19,1006.5370381049663
29989,39.28622,-84.44982,20,1037.2511664177678
29989,39.2861,-84.4493,21,1084.3465996576733
29989,39.28592,-84.44865,22,1144.2563906973064
29989,39.285861,-84.448381,23,1168.5237275979887
29989,39.286071,-84.448309,24,1192.8038345572988
29989,39.286576,-84.448259,25,1249.3901691966505
29989,39.28691,-84.44816,26,1287.682423440111
29989,39.28691,-84.44816,27,1287.682423440111
29989,39.28752,-84.44818,28,1355.854930680582
29989,39.28779,-84.44815,29,1386.1320942341429
29989,39.288686,-84.448066,30,1486.5002666923017
29989,39.28875,-84.44806,31,1493.6694220380236
29989,39.28947,-84.44799,32,1574.3384820713463
29989,39.29018,-84.44793,33,1653.8319384048104
29989,39.29101,-84.44786,34,1746.7601115796163
29989,39.2914,-84.44782,35,1790.469852799542
29989,39.29169,-84.44779,36,1822.9737446661857
29989,39.29196,-84.44777,37,1853.1886154522974
29989,39.29238,-84.44772,38,1900.3122032810315
29989,39.29268,-84.4477,39,1933.8737507841658
29989,39.29304,-84.44767,40,1974.1779123161252
29989,39.29361,-84.44762,41,2038.0072278079545
29989,39.29437,-84.44755,42,2123.1331524521324
29989,39.29477,-84.44751,43,2167.9566756709673
29989,39.2954,-84.44745,44,2238.5340288740963
29989,39.29591,-84.44741,45,2295.617988575787
29989,39.29618,-84.44738,46,2325.8951561992585
29989,39.29646,-84.44736,47,2357.225477601621
29989,39.296859,-84.447184,48,2404.348118612527
29989,39.296859,-84.447184,49,2404.348118612527
29989,39.2973,-84.44728,50,2454.317366158532
29989,39.29779,-84.44724,51,2509.1711972356957
29989,39.29843,-84.44718,52,2580.862781028813
29989,39.29922,-84.4471,53,2669.396019525082
29989,39.29975,-84.44706,54,2728.7104548769707
29989,39.30042,-84.447,55,2803.7452475477894
29989,39.30082,-84.44696,56,2848.5687801869103
29989,39.300963,-84.447688,57,2913.749512156329
29989,39.300963,-84.447688,58,2913.749512156329
29989,39.301037,-84.448845,59,3014.519793382812
29989,39.30104,-84.4489,60,3019.305677965805
29989,39.30111,-84.44948,61,3070.2548290147606
29989,39.30121,-84.45038,62,3149.1715737721393
29989,39.30128,-84.45098,63,3201.836623401247
29989,39.30136,-84.4517,64,3264.9697372924225
29989,39.301493,-84.452848,65,3365.7195919240307
29989,39.30152,-84.45308,66,3386.0821586387087
29989,39.30158,-84.45366,67,3436.8711464863704
29989,39.30166,-84.45435,68,3497.427048653979
29989,39.30179,-84.455499,69,3598.2130703103494
29989,39.3018,-84.45559,70,3606.1905405320063
29989,39.3019,-84.45639,71,3676.5238822567544
29989,39.30203,-84.457539,72,3777.3092411156767
29989,39.30203,-84.45754,73,3777.39604113422
29989,39.30214,-84.45846,74,3858.1920143533325
29989,39.30222,-84.45915,75,3918.7469840519716
29989,39.30227,-84.45956,76,3954.7705132037986
29989,39.30233,-84.46007,77,3999.5428295542274
29989,39.30239,-84.46049,78,4036.6096508094074
29989,39.30246,-84.46115,79,4094.4283652357544
29989,39.30253,-84.46185,80,4155.688811583503
29989,39.3026,-84.46239,81,4203.208051157769
29989,39.30266,-84.46294,82,4251.415572339654
29989,39.30272,-84.46351,83,4301.342698575011
29989,39.30276,-84.4639,84,4335.487724238609
29989,39.30283,-84.46463,85,4399.331150449315
29989,39.30286,-84.46501,86,4432.484241738215
29989,39.30291,-84.46548,87,4473.65991514104
29989,39.30319,-84.46546,88,4504.989337007167
29989,39.30408,-84.46538,89,4604.661326326661
29989,39.30461,-84.46533,90,4664.031177108035
29989,39.30501,-84.4653,91,4708.794541284517
29989,39.30547,-84.46526,92,4760.302384415983
29989,39.30605,-84.46522,93,4825.192303973782
29989,39.30642,-84.46519,94,4866.61023716277
29989,39.30681,-84.46518,95,4910.189266279175
29989,39.30709,-84.46494,96,4947.771454622371
29989,39.307281,-84.464929,97,4969.131126898135
29989,39.307281,-84.464929,98,4969.131126898135
29989,39.30761,-84.46479,99,5007.815922000313
29989,39.30799,-84.46476,100,5050.348916233155
29989,39.30833,-84.46473,101,5088.422514977967
29989,39.30862,-84.4647,102,5120.925485999974
29989,39.30888,-84.465,103,5159.933941171922
29989,39.30926,-84.46495,104,5202.608361963861
29989,39.31,-84.46489,105,5285.444243480462
29989,39.31037,-84.46486,106,5326.8621853722925
29989,39.31103,-84.46481,107,5400.72429828224
29989,39.311927,-84.464737,108,5501.136305374808
29989,39.31214,-84.46472,109,5524.9781461318125
29989,39.31284,-84.46466,110,5603.354620061899
29989,39.31365,-84.46461,111,5693.951001358742
29989,39.31398,-84.46457,112,5730.981348471802
29989,39.31456,-84.46452,113,5795.923512459526
29989,39.3151,-84.46448,114,5856.3515810013405
29989,39.315997,-84.464416,115,5956.717357742458
29989,39.3165,-84.46438,116,6012.998816309711
29989,39.31677,-84.46436,117,6043.212853009287
29989,39.3171,-84.46433,118,6080.171949429495
29989,39.31744,-84.46431,119,6118.19606209146
29989,39.31795,-84.46424,120,6175.495692222175
29989,39.31877,-84.46418,121,6267.253182891018
29989,39.31909,-84.46416,122,6303.045393566615
29989,39.31986,-84.46409,123,6389.2832947073075
29989,39.32025,-84.46406,124,6432.931446659414
29989,39.32069,-84.46402,125,6482.210249346474
29989,39.32125,-84.46398,126,6544.869164404024
29989,39.32182,-84.46393,127,6608.696696788543
29989,39.32235,-84.46389,128,6668.009479189982
29989,39.32278,-84.46384,129,6716.244231464265
29989,39.32331,-84.46373,130,6776.219785779115
29989,39.32368,-84.46369,131,6817.701338599066
29989,39.32409,-84.46365,132,6863.637509673985
29989,39.324571,-84.46347,133,6919.598255070081
29989,39.324571,-84.46347,134,6919.598255070081
29989,39.32532,-84.46355,135,7003.563361070607
29989,39.32591,-84.46351,136,7069.5689941577675
29989,39.32663,-84.46343,137,7150.305770373433
29989,39.32717,-84.46338,138,7210.789931883007
29989,39.32761,-84.46334,139,7260.06875553849
29989,39.32829,-84.46329,140,7336.161594360828
29989,39.329186,-84.463215,141,7436.473316553565
29989,39.32924,-84.46321,142,7442.521733198686
29989,39.32973,-84.46316,143,7497.435787699483
29989,39.33043,-84.46311,144,7575.759491159647
29989,39.33105,-84.46308,145,7645.074312873975
29989,39.331946,-84.463003,146,7745.397451569692
29989,39.33198,-84.463,147,7749.2048138558575
29989,39.33249,-84.46295,148,7806.346544715583
29989,39.33279,-84.4629,149,7840.141903363953
29989,39.3328,-84.46329,150,7873.997031454936
29989,39.33278,-84.46369,151,7908.773164189146
29989,39.33272,-84.46414,152,7948.386724038419
29989,39.332787,-84.464618,153,7990.528384385562
29989,39.332787,-84.464618,154,7990.528384385562
29989,39.332569,-84.465745,155,8091.2950703825945
29989,39.33252,-84.466,156,8114.086237254566
29989,39.33243,-84.46674,157,8179.071707688897
29989,39.33236,-84.4674,158,8236.865317216516
29989,39.33224,-84.46851,159,8334.098339722315
29989,39.33213,-84.46943,160,8414.858657738027
29989,39.33208,-84.46989,161,8455.157602191937
29989,39.33201,-84.47053,162,8511.23245182161
29989,39.33192,-84.47134,163,8582.224263807513
29989,39.33187,-84.47184,164,8625.96278059388
29989,39.33179,-84.47253,165,8686.491149413792
29989,39.331791,-84.473072,166,8733.515575470237
29989,39.331791,-84.473072,167,8733.515575470237
29989,39.33162,-84.47407,168,8822.185122219365
29989,39.33157,-84.47456,169,8865.0632799614
29989,39.33154,-84.47491,170,8895.61392602842
29989,39.33148,-84.47544,171,8942.083093743582
29989,39.3314,-84.47613,172,9002.611456531013
29989,39.33135,-84.47667,173,9049.794061787325
29989,39.33127,-84.47739,174,9112.897880340752
29989,39.33122,-84.47785,175,9153.19681586307
29989,39.33116,-84.47831,176,9193.665730781828
29989,39.33111,-84.47877,177,9233.964671347814
29989,39.33101,-84.47973,178,9318.00085532563
29989,39.33095,-84.48019,179,9358.469771132583
29989,39.3309,-84.48065,180,9398.76871359114
29989,39.33083,-84.48134,181,9459.142234506722
29989,39.33078,-84.48176,182,9496.007382905396
29989,39.3308,-84.48217,183,9531.649372822576
29989,39.33086,-84.48261,184,9570.408042043853
29989,39.33098,-84.48306,185,9611.687706985727
29989,39.33118,-84.48386,186,9684.6034242656
29989,39.33137,-84.48461,187,9753.047749835965
29989,39.33147,-84.48499,188,9787.85771269573
29989,39.331748,-84.486094,189,9888.5490699497
29989,39.33178,-84.48622,190,9900.050383662554
29989,39.331974,-84.486516,191,9933.653964926374
29989,39.331974,-84.486516,192,9933.653964926374
29989,39.33196,-84.48694,193,9970.47283930966
29989,39.33209,-84.48747,194,10018.693774738904
29989,39.3322,-84.48789,195,10057.148580968968
29989,39.3324,-84.4887,196,10130.88890878094
29989,39.33256,-84.4893,197,10185.9268253791
29989,39.33272,-84.48993,198,10243.432427679889
29989,39.3329,-84.49067,199,10310.708159398057
29989,39.33308,-84.49138,200,10375.50460774735
29989,39.33322,-84.49199,201,10430.688725987782
29989,39.33344,-84.49287,202,10510.892535447618
29989,39.33367,-84.49371,203,10588.164323038915
29989,39.333932,-84.494154,204,10636.542186375318
29989,39.333932,-84.494154,205,10636.542186375318
29989,39.33391,-84.49462,206,10677.044702025914
29989,39.334193,-84.495722,207,10777.740276152557
29989,39.334476,-84.496825,208,10878.517678113856
29989,39.3345,-84.49692,209,10887.1844520517
29989,39.33465,-84.49754,210,10943.521682611272
29989,39.33481,-84.49811,211,10996.102513578438
29989,39.33501,-84.49893,212,11070.666358816512
29989,39.33512,-84.49937,213,11110.766934689593
29989,39.33524,-84.49981,214,11151.223734131132
29989,39.33537,-84.50033,215,11198.615107297315
29989,39.33552,-84.50091,216,11251.648406354656
29989,39.33564,-84.50126,217,11284.839285572538
29989,39.33577,-84.5017,218,11325.679463921528
29989,39.33585,-84.502662,219,11409.611746588971
29989,39.335704,-84.504781,220,11594.160359705096
29989,39.33525,-84.506354,221,11739.74078197414
29989,39.334421,-84.510277,222,12092.444367638373
29989,39.333575,-84.514566,223,12476.340838437158
29989,39.333028,-84.517296,224,12720.932317916218
29989,39.333061,-84.518327,225,12810.45065077771
29989,39.333344,-84.519104,226,12884.902780434424
29989,39.333704,-84.519651,227,12947.104962091878
29989,39.334899,-84.517521,228,13175.06149248181
29989,39.334947,-84.517175,229,13205.552439667741
29989,39.335242,-84.517083,230,13239.459520414965
29989,39.336075,-84.51603,231,13369.857068294448
29989,39.338,-84.514421,232,13626.226271919579
29989,39.33956,-84.51322,233,13829.26174452911
29989,39.340852,-84.512705,234,13980.347442137372
29989,39.342185,-84.512474,235,14130.599812971683
29989,39.344366,-84.512388,236,14374.354913663652
29989,39.344562,-84.512254,237,14399.144024258336
29989,39.344601,-84.512361,238,14409.396827315153
29989,39.345036,-84.512313,239,14458.168999812826
29989,39.345171,-84.512495,240,14480.001231516213
29989,39.345846,-84.515523,241,14753.253736941831
29989,39.346218,-84.517053,242,14892.315651749952
29989,39.347047,-84.520625,243,15215.680630396926
29989,39.34785,-84.523827,244,15507.53145151519
29989,39.348906,-84.528644,245,15941.657257459974
29989,39.350458,-84.53534,246,16547.729148105303
29989,39.351196,-84.538921,247,16869.057986009913
29989,39.351538,-84.544319,248,17338.766036120585
29989,39.351029,-84.544381,249,17395.87762953823
29990,39.372335,-84.516626,0,0
29990,39.372891,-84.516483,1,63.33611823243475
29990,39.373042,-84.517175,2,125.66080699355086
29990,39.373467,-84.517698,3,191.31328139139407
29990,39.373933,-84.517845,4,244.90750546930715
29990,39.37458,-84.517936,5,317.61300520952796
29990,39.37502,-84.518312,6,376.59322351910794
29990,39.374875,-84.524652,7,926.5102232239016
29990,39.37422,-84.525837,8,1052.6415808336662
29990,39.375863,-84.528069,9,1319.3487987639978
29990,39.379793,-84.533826,10,1984.0553198648308
29990,39.381178,-84.535863,11,2218.8328060798276
29990,39.381493,-84.540852,12,2652.7572398543366
29990,39.38198,-84.548303,13,3300.9597639285216
29990,39.381963,-84.549543,14,3408.46914153922
29990,39.38047,-84.549838,15,3577.1927177270873
29990,39.378659,-84.549875,16,3779.5143022219368
29990,39.373632,-84.548695,17,4350.293782723732
29990,39.371438,-84.548158,18,4599.75625621687
29990,39.366756,-84.545632,19,5166.7637217685115
29990,39.362869,-84.543623,20,5634.602390579866
29990,39.359653,-84.541898,21,6023.744338984411
29990,39.351414,-84.542343,22,6944.894648007901
29990,39.351537,-84.544333,23,7118.026523323668
29990,39.351029,-84.544381,24,7174.925211758465
29990,39.350641,-84.544419,25,7218.391911930914
29990,39.350591,-84.543346,26,7311.618028933506
29990,39.351371,-84.543282,27,7398.924778155582
29990,39.35139600399292,-84.5421931713333,28,7493.396635434574
29990,39.35124143576952,-84.53993425294857,29,7690.06533985321
29990,39.35112943530507,-84.53857705518703,30,7808.43468777447
29990,39.35076854369847,-84.53692481443385,31,7957.292989595731
29990,39.34932601414484,-84.5310226549125,32,8493.948875939113
29990,39.345676,-84.515328,33,9914.966026426971
29990,39.345085,-84.512372,34,10179.727518117363
29990,39.34452,-84.512469,35,10243.402354613552
29990,39.342197,-84.512632,36,10503.291027462086
29990,39.340875,-84.51273,37,10651.216913701575
29990,39.340077,-84.512969,38,10742.740961829417
29990,39.33916,-84.513499,39,10855.023478398029
29990,39.336577,-84.515606,40,11196.589216939483
29990,39.335905,-84.516258,41,11290.581098449411
29990,39.335366,-84.516923,42,11373.968349801258
29990,39.33521,-84.517323,43,11412.798627318452
29990,39.334939,-84.517483,44,11446.102276815354
29990,39.334565,-84.51814,45,11516.770456429604
29990,39.333705,-84.519721,46,11684.224190560557
29990,39.333182,-84.518874,47,11778.099478451873
29990,39.333024,-84.517876,48,11866.459643609003
29990,39.333215,-84.516342,49,12001.2384193657
29990,39.335277,-84.505742,50,12949.225895840798
29990,39.335798,-84.503587,51,13145.026141927983
29990,39.335803,-84.502771,52,13215.817625492133
29990,39.33579,-84.50248,53,13241.10409289391
29990,39.33576,-84.50211,54,13273.376713613012
29990,39.33564,-84.50158,55,13321.269607381404
29990,39.33559,-84.50121,56,13353.850234118594
29990,39.33543,-84.50059,57,13410.528769656512
29990,39.33524,-84.49981,58,13481.446613284266
29990,39.33512,-84.49937,59,13521.903412725806
29990,39.33501,-84.49893,60,13562.003988598886
29990,39.33482,-84.49817,61,13631.268820113877
29990,39.33465,-84.49754,62,13689.129103234887
29990,39.3345,-84.49692,63,13745.466333794458
29990,39.334137,-84.495857,64,13846.208412123488
29990,39.334036,-84.49556,65,13874.336730271976
29990,39.334036,-84.49556,66,13874.336730271976
29990,39.33393,-84.49471,67,13949.023150550549
29990,39.33372,-84.49391,68,14022.285067835412
29990,39.33351,-84.4931,69,14096.36967073923
29990,39.33327,-84.49221,70,14178.105059174639
29990,39.33308,-84.49138,71,14253.176055793376
29990,39.33291,-84.49072,72,14313.50281292642
29990,39.33278,-84.49019,73,14361.722985592565
29990,39.33261,-84.4895,74,14424.52581931936
29990,39.3324,-84.4887,75,14497.789582971933
29990,39.3322,-84.48789,76,14571.529910783906
29990,39.33209,-84.48747,77,14609.98471701397
29990,39.33198,-84.48703,78,14650.087624077718
29990,39.331746,-84.486494,79,14703.434301150412
29990,39.331746,-84.486494,80,14703.434301150412
29990,39.331546,-84.485362,81,14804.155059244431
29990,39.33151,-84.48516,82,14822.135983773864
29990,39.33137,-84.48461,83,14872.351477138716
29990,39.3312,-84.48395,84,14932.680211189001
29990,39.33106,-84.48339,85,14983.721163221548
29990,39.33091,-84.48278,86,15039.234554844077
29990,39.33082,-84.48238,87,15075.365895145342
29990,39.33078,-84.48198,88,15110.356675731733
29990,39.3308,-84.48156,89,15146.86461784822
29990,39.33088,-84.48088,90,15206.53502129969
29990,39.33093,-84.48042,91,15246.833960744609
29990,39.33101,-84.47973,92,15307.362321002196
29990,39.33111,-84.47877,93,15391.398504980012
29990,39.33116,-84.47831,94,15431.697445545999
29990,39.33122,-84.47785,95,15472.166360464757
29990,39.33127,-84.47739,96,15512.465295987075
29990,39.33132,-84.47692,97,15553.623640068588
29990,39.3314,-84.47613,98,15622.744846622565
29990,39.33148,-84.47544,99,15683.273209409996
29990,39.33153,-84.47498,100,15723.572147805324
29990,39.33157,-84.47456,101,15760.284633867846
29990,39.33162,-84.47407,102,15803.16279160988
29990,39.331538,-84.473507,103,15852.860737564926
29990,39.331538,-84.473507,104,15852.860737564926
29990,39.33176,-84.47277,105,15921.444815297236
29990,39.33187,-84.47184,106,16003.062745810767
29990,39.33192,-84.47134,107,16046.801262597133
29990,39.33198,-84.47087,108,16088.126058196754
29990,39.33208,-84.46989,109,16173.882369968183
29990,39.33213,-84.46943,110,16214.181314422094
29990,39.33224,-84.46851,111,16294.941632437805
29990,39.33236,-84.4674,112,16392.174654943607
29990,39.33243,-84.46674,113,16449.968264471227
29990,39.33252,-84.466,114,16514.953734905557
29990,39.33253,-84.464774,115,16621.3283072485
29990,39.33253,-84.464774,116,16621.3283072485
29990,39.33272,-84.46414,117,16680.288168790594
29990,39.33277,-84.46372,118,16717.153320270467
29990,39.3328,-84.46329,119,16754.610667309702
29990,39.33259,-84.46306,120,16785.410378568475
29990,39.33232,-84.46309,121,16815.686664546905
29990,39.33157,-84.46316,122,16899.695911935625
29990,39.33095,-84.46321,123,16969.0975500287
29990,39.33043,-84.46324,124,17027.24982855902
29990,39.32954,-84.46331,125,17126.865252498013
29990,39.328644,-84.463388,126,17227.194178830636
29990,39.32805,-84.46344,127,17293.708582865376
29990,39.32762,-84.46347,128,17341.81830487774
29990,39.32721,-84.46351,129,17387.754472218727
29990,39.32673,-84.46355,130,17441.491876309115
29990,39.32599,-84.46361,131,17524.327824004755
29990,39.325094,-84.463689,132,17624.66262461263
29990,39.32485,-84.46371,133,17651.982932761966
29990,39.324517,-84.463856,134,17691.2832623096
29990,39.324517,-84.463856,135,17691.2832623096
29990,39.32415,-84.46377,136,17732.957738825102
29990,39.323254,-84.463848,137,17833.286639619495
29990,39.323,-84.46387,138,17861.727438911767
29990,39.32235,-84.46389,139,17934.365606688985
29990,39.32182,-84.46393,140,17993.678389090426
29990,39.32125,-84.46398,141,18057.505921474945
29990,39.32092,-84.464,142,18094.414054799297
29990,39.32025,-84.46406,143,18169.446716707695
29990,39.31998,-84.46408,144,18199.660760417686
29990,39.31933,-84.46414,145,18272.46458838568
29990,39.31877,-84.46418,146,18335.12349556337
29990,39.31795,-84.46424,147,18426.880986232212
29990,39.31744,-84.46431,148,18484.18061636293
29990,39.3171,-84.46433,149,18522.204729024896
29990,39.31677,-84.46436,150,18559.163825445103
29990,39.3165,-84.46438,151,18589.37786214468
29990,39.315603,-84.464444,152,18689.74364127349
29990,39.3151,-84.46448,153,18746.0250974843
29990,39.31482,-84.4645,154,18777.354543207995
29990,39.31398,-84.46457,155,18871.394947975168
29990,39.31365,-84.46461,156,18908.42529508823
29990,39.31307,-84.46464,157,18973.27461025126
29990,39.31223,-84.46471,158,19067.315007705205
29990,39.311333,-84.464779,159,19167.70571173927
29990,39.31119,-84.46479,160,19183.71002647277
29990,39.31037,-84.46486,161,19275.52081704837
29990,39.31,-84.46489,162,19316.9387589402
29990,39.30926,-84.46495,163,19399.774640456802
29990,39.30888,-84.465,164,19442.449061248743
29990,39.30841,-84.46503,165,19495.021489242146
29990,39.30784,-84.46508,166,19558.84898642148
29990,39.30757,-84.4651,167,19589.063007472607
29990,39.307252,-84.465235,168,19626.471935410915
29990,39.307252,-84.465235,169,19626.471935410915
29990,39.30681,-84.46518,170,19676.0819013838
29990,39.30642,-84.46519,171,19719.660930500206
29990,39.30605,-84.46522,172,19761.078863689192
29990,39.30547,-84.46526,173,19825.96878324699
29990,39.30501,-84.4653,174,19877.476626378455
29990,39.30461,-84.46533,175,19922.239990554936
29990,39.30408,-84.46538,176,19981.60984133631
29990,39.30319,-84.46546,177,20081.281830655804
29990,39.30291,-84.46548,178,20112.61125252193
29990,39.30286,-84.46501,179,20153.786925924753
29990,39.30283,-84.46463,180,20186.940017213652
29990,39.30277,-84.46401,181,20241.170725136046
29990,39.30272,-84.46351,182,20284.92787725279
29990,39.30266,-84.46294,183,20334.85500348815
29990,39.3026,-84.46239,184,20383.062524670033
29990,39.30253,-84.46185,185,20430.5817642443
29990,39.30248,-84.46129,186,20479.50905492278
29990,39.30239,-84.46049,187,20549.672488655906
29990,39.30233,-84.46007,188,20586.739309911085
29990,39.30227,-84.45956,189,20631.511626261512
29990,39.30222,-84.45915,190,20667.535155413338
29990,39.30214,-84.45846,191,20728.090125111976
29990,39.30203,-84.45754,192,20808.886098331088
29990,39.3019,-84.456391,193,20909.671457032473
29990,39.3019,-84.45639,194,20909.758257369693
29990,39.3018,-84.45559,195,20980.09159909444
29990,39.30167,-84.454441,196,21080.877592187968
29990,39.30166,-84.45435,197,21088.855091393834
29990,39.30158,-84.45366,198,21149.410993561443
29990,39.30152,-84.45308,199,21200.199981409103
29990,39.301387,-84.451932,200,21300.949761132233
29990,39.30136,-84.4517,201,21321.31240258189
29990,39.30129,-84.4511,202,21373.977333516228
29990,39.30121,-84.45038,203,21437.11056907643
29990,39.30112,-84.44961,204,21504.700298923155
29990,39.30104,-84.4489,205,21566.974673021152
29990,39.300908,-84.447752,206,21667.709376251183
29990,39.3009,-84.44768,207,21674.022760527394
29990,39.300735,-84.447157,208,21723.020605251564
29990,39.300735,-84.447157,209,21723.020605251564
29990,39.299839,-84.447069,210,21823.414638147904
29990,39.29975,-84.44706,211,21833.388549896288
29990,39.29922,-84.4471,212,21892.702985248176
29990,39.29859,-84.44717,213,21963.349712657848
29990,39.298,-84.44722,214,22029.408490120426
29990,39.2973,-84.44728,215,22107.78719714191
29990,39.296883,-84.447426,216,22156.068449205024
29990,39.296883,-84.447426,217,22156.068449205024
29990,39.29661,-84.44735,218,22187.27395122327
29990,39.29629,-84.44738,219,22223.119740203336
29990,39.29591,-84.44741,220,22265.65392635046
29990,39.2954,-84.44745,221,22322.73788605215
29990,39.29503,-84.44749,222,22364.220633657944
29990,39.29437,-84.44755,223,22438.14092054977
29990,39.29374,-84.44761,224,22508.718269942194
29990,39.29304,-84.44767,225,22587.096957404756
29990,39.29268,-84.4477,226,22627.401118936716
29990,39.29238,-84.44772,227,22660.96266643985
29990,39.29199,-84.44776,228,22704.672409702536
29990,39.29169,-84.44779,229,22738.290049091425
29990,39.2914,-84.44782,230,22770.79394095807
29990,39.29101,-84.44786,231,22814.503682177994
29990,39.29044,-84.44791,232,22878.332988244616
29990,39.289544,-84.447984,233,22978.641826808493
29990,39.28947,-84.44799,234,22986.925647008327
29990,39.28875,-84.44806,235,23067.59470704165
29990,39.287854,-84.448144,236,23167.96287981669
29990,39.28779,-84.44815,237,23175.13203484553
29990,39.28752,-84.44818,238,23205.40919839909
29990,39.28717,-84.44822,239,23244.665788930524
29990,39.286322,-84.448321,240,23339.810933343873
29990,39.286267,-84.448396,241,23348.764032086667
29990,39.286267,-84.448396,242,23348.764032086667
29990,39.286171,-84.448328,243,23361.006882292684
29990,39.285871,-84.448403,244,23395.15013582082
29990,39.28604,-84.44908,245,23456.88626909478
29990,39.28619,-84.44968,246,23511.608122052527
29990,39.28626,-84.45017,247,23554.863179582262
29990,39.2863,-84.45058,248,23590.739087332382
29990,39.28637,-84.45122,249,23646.851897138033
29990,39.28645,-84.452,250,23715.159044593267
29990,39.28649,-84.4525,251,23758.79856720799
29990,39.28654,-84.45299,252,23801.705588670655
29990,39.2867,-84.45379,253,23873.424834373407
29990,39.28676,-84.45431,254,23919.065981254887
29990,39.28682,-84.45483,255,23964.707052414047
29990,39.2869,-84.45551,256,24024.41690078077
29990,39.28695,-84.45596,257,24063.88285222016
29990,39.287033,-84.456379,258,24101.42327870718
29990,39.28706,-84.45686,259,24143.29197095744
29990,39.2871,-84.45734,260,24185.203912856894
29990,39.28714,-84.45784,261,24228.84266664562
29990,39.28718,-84.4584,262,24277.6660014968
29990,39.28723,-84.45909,263,24337.83058395872
29990,39.28726,-84.45959,264,24381.3689196766
29990,39.28737,-84.46056,265,24466.474419825856
29990,39.28746,-84.46132,266,24533.21770129696
29990,39.286224,-84.461211,267,24671.627092135313
29990,39.284571,-84.461053,268,24856.808518601498
29990,39.283973,-84.461153,269,24924.178688827044
29990,39.283707,-84.461807,270,24988.26685147962
29990,39.283815,-84.463394,271,25126.580954655157
29990,39.287378,-84.463041,272,25525.814986895104
29990,39.28733,-84.461649,273,25646.78419451701
29994,39.499958,-84.742997,0,0
29994,39.499981,-84.742786,1,18.43426415899118
29994,39.500108,-84.742616,2,38.86567922896726
29994,39.500191,-84.742617,3,48.13479268779741
29994,39.500283,-84.742636,4,58.53920980083022
29994,39.500613,-84.742644,5,95.39720350652456
29994,39.500623,-84.744233,6,232.8711071304029
29994,39.500654,-84.745314,7,326.45563822181475
29994,39.500655,-84.745788,8,367.46286347597135
29994,39.502224,-84.745683,9,542.9094692113559
29994,39.504088,-84.7457,10,751.0688181690892
29994,39.504084,-84.746574,11,826.6785043523295
29994,39.504146,-84.746976,12,862.1373493845214
29994,39.504146,-84.747341,13,893.7128499928527
29994,39.504167,-84.747953,14,946.7077457314806
29994,39.504167,-84.748673,15,1008.9935378872489
29994,39.504238,-84.749015,16,1039.623209430802
29994,39.504234,-84.749392,17,1072.2397248150994
29994,39.504918,-84.749443,18,1148.7493543248747
29994,39.504934,-84.74964,19,1165.8846266150047
29994,39.504964,-84.752149,20,1382.9558599713785
29994,39.504972,-84.752613,21,1423.1048215208418
29994,39.505084,-84.752699,22,1437.6571959818918
29994,39.507903,-84.752592,23,1752.5896089959385
29994,39.507895,-84.751101,24,1881.5685281833441
29994,39.507879,-84.750816,25,1906.2865521251792
29994,39.507689,-84.750423,26,1946.3600383421367
29994,39.507477,-84.749754,27,2008.886000042567
29994,39.507427,-84.749507,28,2030.9699229229388
29994,39.507349,-84.746726,29,2271.6952559507818
29994,39.507357,-84.744185,30,2491.5047914272072
29994,39.507275,-84.741834,31,2695.0835754666505
29994,39.507283,-84.739153,32,2927.0056105838353
29994,39.507219,-84.738139,33,3015.0127957612126
29994,39.507216,-84.735993,34,3200.654276965952
29994,39.507177,-84.733396,35,3425.352595858739
29994,39.507175,-84.730763,36,3653.1239916472496
29994,39.507196,-84.730655,37,3662.7565319289597
29994,39.507709,-84.730645,38,3720.0514154947923
29994,39.507568,-84.725924,39,4128.751037105826
29994,39.507649,-84.721496,40,4511.910472278185
29994,39.506629,-84.721453,41,4625.879432590865
29994,39.50648,-84.721467,42,4642.562987636573
29994,39.506511,-84.721451,43,4646.291352923143
29994,39.5063,-84.721439,44,4669.877581186565
29994,39.506313,-84.721066,45,4702.178033866114
29994,39.506406,-84.721037,46,4712.862500304487
29994,39.506828,-84.721064,47,4760.047119322857
29994,39.506875,-84.721112,48,4766.7397568769575
29994,39.50688,-84.721413,49,4792.7846983758045
29994,39.507695,-84.721445,50,4883.8417090540415
29994,39.507648,-84.725933,51,5272.119904572589
29994,39.507727,-84.729018,52,5539.137720447744
29994,39.50781,-84.729088,53,5550.209332921736
29994,39.508058,-84.729061,54,5578.002666716816
29994,39.508016,-84.727867,55,5681.3969873077685
29994,39.508077,-84.727786,56,5691.1695147858545
29994,39.509964,-84.727759,57,5901.910699002368
29994,39.51018,-84.727703,58,5926.513822970617
29994,39.510283,-84.727764,59,5939.168799289048
29994,39.510332,-84.728376,60,5992.390663390501
29994,39.510353,-84.730012,61,6133.9286322203
29994,39.510372,-84.730304,62,6159.276359429178
29996,39.499958,-84.742997,0,0
29996,39.499985,-84.742786,1,18.501788159663498
29996,39.500052,-84.742701,2,28.99257397797668
29996,39.500146,-84.742607,3,42.271253760971106
29996,39.500203,-84.742595,4,48.72061846254147
29996,39.500256,-84.742627,5,55.254665522567
29996,39.50032,-84.742647,6,62.6080888235733
29996,39.500603,-84.742645,7,94.21151097407358
29996,39.500627,-84.744227,8,231.1015322866597
29996,39.500655,-84.745761,9,363.8491536034577
29996,39.502224,-84.745683,10,539.1903433563399
29996,39.504057,-84.745686,11,743.8828725804282
29996,39.504078,-84.746726,12,833.8822110281849
29996,39.504157,-84.746995,13,858.7690362458616
29996,39.504157,-84.747874,14,934.8097187468167
29996,39.504171,-84.748588,15,996.5962552228607
29996,39.504235,-84.74892,16,1026.1927588824833
29996,39.504238,-84.749015,17,1034.417832152478
29996,39.504237,-84.749087,18,1040.64739906982
29996,39.504227,-84.749317,19,1060.5755166186252
29996,39.504302,-84.749392,20,1071.1698610293906
29996,39.504956,-84.749414,21,1144.2268736888611
29996,39.504964,-84.752149,22,1380.8244636887594
29996,39.504963,-84.752688,23,1427.4516074433454
29996,39.506513,-84.752645,24,1600.5793172916874
29996,39.507929,-84.752591,25,1758.7723390246647
29996,39.507894,-84.750932,26,1902.333857070427
29996,39.507689,-84.750423,27,1951.9595551691116
29996,39.507489,-84.749881,28,2003.892213732947
29996,39.507443,-84.749709,29,2019.6326327843708
29996,39.507418,-84.749511,30,2036.986411414955
29996,39.507349,-84.746726,31,2278.023328453231
29996,39.507365,-84.744093,32,2505.7964651912152
29996,39.507275,-84.741834,33,2701.4690461048867
29996,39.507298,-84.740836,34,2787.8392681537475
29996,39.507274,-84.739297,35,2920.997744520475
29996,39.507219,-84.738139,36,3021.3591406329347
29996,39.507232,-84.736116,37,3196.3661064234543
29996,39.507177,-84.733396,38,3431.7425528985773
29996,39.507178,-84.730807,39,3655.7075742284746
29996,39.507199,-84.730673,40,3667.5342916693367
29996,39.507704,-84.73063,41,3724.051801886262
29996,39.507687,-84.729112,42,3855.381647666094
29996,39.508072,-84.729069,43,3898.536542737704
29996,39.508016,-84.727867,44,4002.7043510074805
29996,39.508114,-84.727771,45,4016.4425191953005
29996,39.510067,-84.72776,46,4234.543301314055
29996,39.51018,-84.727703,47,4248.091512087206
29996,39.510291,-84.72776,48,4261.431936457575
29996,39.510307,-84.728039,49,4285.632324195858
29996,39.510372,-84.730304,50,4481.695539219556
29998,39.499988,-84.743184,0,0
29998,39.499983,-84.742788,1,34.264087965420785
29998,39.500087,-84.742659,2,50.37100353703346
29998,39.500184,-84.742581,3,63.13310025502236
29998,39.500293,-84.742632,4,76.08026255058871
29998,39.50054,-84.74261,5,103.72863770314632
29998,39.500473,-84.740306,6,303.1961839417928
29998,39.500522,-84.739444,7,377.9715143755806
29998,39.503077,-84.739339,8,663.4373751485449
29998,39.505275,-84.739306,9,908.9084828517421
29998,39.505509,-84.739238,10,935.6936134943284
29998,39.505717,-84.739315,11,959.857575892194
29998,39.508507,-84.739228,12,1271.5126586400133
29998,39.509296,-84.739208,13,1359.6386636567158
29998,39.510211,-84.739209,14,1461.818364515523
29998,39.511468,-84.739175,15,1602.220580867745
29998,39.511429,-84.73521,16,1945.2221046797824
29998,39.511391,-84.735101,17,1955.5616263234156
29998,39.511421,-84.735037,18,1962.0324406822997
29998,39.511422,-84.734752,19,1986.6853870369227
29998,39.510368,-84.734761,20,2104.3907869743207
29998,39.510307,-84.733251,21,2235.186552097285
29998,39.510297,-84.730689,22,2456.8086796946927
29998,39.509092,-84.730736,23,2591.436277056277
29998,39.50718,-84.730743,24,2804.956268110302
29998,39.504159,-84.730806,25,3142.364972419036
29998,39.50139,-84.730892,26,3451.6774807817683
29998,39.501377,-84.729915,27,3536.2139941594296
29998,39.501383,-84.729711,28,3553.8755538432874
29998,39.501485,-84.729583,29,3569.7619089297523
29998,39.50165,-84.729298,30,3600.542759424755
29998,39.501655,-84.729057,31,3621.400033462775
29998,39.501613,-84.728928,32,3633.505835929893
29998,39.501481,-84.728698,33,3658.269361547593
29998,39.501224,-84.72837,34,3698.6293639926294
29998,39.50103,-84.72815,35,3727.4671935239317
29998,39.500939,-84.72792,36,3749.810374066624
29998,39.500905,-84.727651,37,3773.3905499467046
29998,39.500947,-84.727308,38,3803.433515679895
29998,39.500968,-84.727061,39,3824.9309746592103
29998,39.500872,-84.72668,40,3859.592747014536
29998,39.50074,-84.726359,41,3891.0338571779885
29998,39.500703,-84.725994,42,3922.881103461883
29998,39.500918,-84.725457,43,3975.1772136711816
29998,39.501172,-84.725062,44,4019.589012467504
29998,39.501327,-84.724938,45,4039.9533163561414
29998,39.501467,-84.724945,46,4055.5994243285845
29998,39.501746,-84.724975,47,4086.8644303582796
29998,39.501967,-84.724935,48,4111.785854575549
29998,39.502135,-84.724953,49,4130.611631789821
29998,39.502267,-84.72506,50,4148.018177803477
29998,39.502474,-84.725211,51,4174.570578331181
29998,39.502768,-84.725275,52,4207.866361504605
29998,39.50293,-84.725347,53,4226.999867488485
29998,39.502963,-84.725814,54,4267.568947641914
29998,39.503254,-84.725793,55,4300.116830921578
29998,39.503802,-84.725843,56,4361.466873765276
29998,39.504288,-84.725978,57,4416.982806997208
29998,39.504545,-84.726128,58,4448.480333141434
29998,39.504727,-84.726225,59,4470.469173784766
29998,39.504925,-84.726332,60,4494.439989777946
29998,39.505228,-84.726562,61,4533.693727855861
29998,39.505433,-84.726683,62,4558.8664819360065
29998,39.505637,-84.726911,63,4589.000092833856
29998,39.506,-84.727247,64,4638.881781488941
29998,39.506074,-84.727397,65,4654.266019316948
29998,39.506145,-84.727611,66,4674.405269088202
29998,39.506203,-84.727965,67,4705.706638427071
29998,39.506207,-84.728475,68,4749.828028863729
29998,39.506238,-84.728929,69,4789.2549453890515
29999,39.528133,-84.7675,0,0
29999,39.52962,-84.769609,1,246.64264071279374
29999,39.529844,-84.770124,2,297.72017334922606
29999,39.529877,-84.770381,3,320.247161110095
29999,39.529856,-84.770655,4,344.0564967661272
29999,39.52903,-84.770684,5,436.32709709585646
29999,39.528712,-84.770896,6,476.2900367514701
29999,39.527672,-84.769575,7,639.1894634141038
29999,39.52628,-84.767657,8,866.5042619084046
29999,39.523751,-84.764093,9,1284.5340315335013
29999,39.523213,-84.763296,10,1375.9674081749101
29999,39.522009,-84.761558,11,1577.6321181667577
29999,39.521149,-84.760431,12,1714.4629065519423
29999,39.520917,-84.760147,13,1750.1624526056646
29999,39.520324,-84.759529,14,1835.2607181433227
29999,39.518484,-84.757427,15,2109.611008806749
29999,39.51765,-84.756515,16,2231.6574222087493
29999,39.51606,-84.754734,17,2466.718866961811
29999,39.515301,-84.753938,18,2575.915131626657
29999,39.514643,-84.753163,19,2675.3759926042235
29999,39.513698,-84.752025,20,2819.684001386198
29999,39.512337,-84.750292,21,3033.151251742576
29999,39.51177,-84.749515,22,3125.487930541817
29999,39.51166,-84.749215,23,3154.1979902930984
29999,39.511571,-84.745571,24,3469.556312227358
29999,39.512185,-84.745556,25,3538.1343954604686
29999,39.512248,-84.745513,26,3546.0923435552845
29999,39.512608,-84.745552,27,3586.4350849827247
29999,39.512639,-84.74525,28,3612.7858061237757
29999,39.512568,-84.742663,29,3836.69659774412
29999,39.512531,-84.742601,30,3843.4665801683595
29999,39.512566,-84.74251,31,3852.2548872669176
29999,39.512565,-84.742361,32,3865.1436122116793
29999,39.511037,-84.742449,33,4035.9469453872225
29999,39.510368,-84.742446,34,4110.655442535699
29999,39.507345,-84.742511,35,4448.284352856728
29999,39.507275,-84.741834,36,4507.367562636522
29999,39.507219,-84.738139,37,4827.065663006898
29999,39.507234,-84.736207,38,4994.202972941475
29999,39.505284,-84.736266,39,5212.02369606584
29999,39.504492,-84.736291,40,5300.494564287411
29999,39.502661,-84.7363,41,5504.967951576831
29999,39.502533,-84.736377,42,5520.737984692233
29999,39.502439,-84.736319,43,5532.372765917541
29999,39.501628,-84.736333,44,5622.947062711345
29999,39.500529,-84.736379,45,5745.739371295685
29999,39.500539,-84.7378,46,5868.68092677312
29999,39.50057,-84.738497,47,5929.080404862049
29999,39.500569,-84.738578,48,5936.088914850648
29999,39.500586,-84.740874,49,6134.733363306672
29999,39.500619,-84.743104,50,6327.693305380106
29999,39.500611,-84.744207,51,6423.121445714228
29999,39.500129,-84.744233,52,6476.993814356244
29999,39.500042,-84.744061,53,6494.764957012408
29999,39.499992,-84.743787,54,6519.118457522576
29999,39.499993,-84.743632,55,6532.5285743268505
30000,39.499993,-84.743632,0,0
30000,39.49998917414702,-84.74344684598064,1,16.024094093384768
30000,39.49998158204735,-84.74285320982172,2,67.38890905620826
30000,39.500085,-84.742687,3,85.83190242960185
30000,39.500126,-84.742552,4,98.37664708578224
30000,39.500217,-84.742627,5,110.43355193383104
30000,39.500538,-84.742637,6,146.29044493121856
30000,39.500473,-84.740306,7,348.0840732852904
30000,39.50049,-84.736308,8,693.9721381171289
30000,39.501484,-84.736236,9,805.1490038025976
30000,39.502664,-84.736222,10,936.9278493674149
30000,39.503062,-84.736224,11,981.373750042638
30000,39.504736,-84.736156,12,1168.405675754607
30000,39.50687,-84.736105,13,1406.7551655483753
30000,39.50727,-84.736171,14,1451.7874755450864
30000,39.507318,-84.738523,15,1655.3191085846831
30000,39.507402,-84.742326,16,1984.4315598326252
30000,39.507491,-84.742432,17,1997.9540686025832
30000,39.510727,-84.742371,18,2359.360689851326
30000,39.511573,-84.742381,19,2453.8385120035327
30000,39.512472,-84.742302,20,2554.463250615207
30000,39.512604,-84.742437,21,2573.2686761825603
30000,39.512638,-84.745305,22,2821.3740132073945
30000,39.512708,-84.745385,23,2831.813775525577
30000,39.512602,-84.745585,24,2852.775437804397
30000,39.511604,-84.74564,25,2964.324280230651
30000,39.511627,-84.748834,26,3240.613489937141
30000,39.511715,-84.749423,27,3292.5001934017982
30000,39.511814,-84.749557,28,3308.5178890647894
30000,39.51375,-84.752025,29,3612.3445181566835
30000,39.515405,-84.75393,30,3859.944118514432
30000,39.515383,-84.753873,31,3865.452431988443
30000,39.51783,-84.756597,32,4226.252389184014
30000,39.519457,-84.758368,33,4463.888501080632
30000,39.520359,-84.75936,34,4596.199882262761
30000,39.520482,-84.759497,35,4614.339493932703
30000,39.521367,-84.760563,36,4749.4923975313
30000,39.522664,-84.762362,37,4962.056006397612
30000,39.524171,-84.764496,38,5211.813555293023
30000,39.525902,-84.767014,39,5502.985121326678
30000,39.526358,-84.767599,40,5574.763775482677
30000,39.526449,-84.767604,41,5584.934667495438
30000,39.526635,-84.767336,42,5616.055734677068
30000,39.526772,-84.767159,43,5637.696645092446
30000,39.526863,-84.767095,44,5649.267788012052
30000,39.527198,-84.767583,45,5705.661874776033
30000,39.527692,-84.767037,46,5778.272984018826
30000,39.52775,-84.767021,47,5784.895817802264
30000,39.527824,-84.767096,48,5795.400457610522
30000,39.528133,-84.7675,49,5844.5038144044365
30003,39.517894,-84.745578,0,0
30003,39.518763,-84.745603,1,97.06591376747416
30003,39.518781,-84.745901,2,122.91820749669267
30003,39.517435,-84.745943,3,273.27076757827285
30003,39.516233,-84.745943,4,407.49886417636446
30003,39.515837,-84.745936,5,451.72457849786537
30003,39.515461,-84.74585,6,494.36653633991466
30003,39.515322,-84.745786,7,510.84629882118844
30003,39.51513,-84.745703,8,533.4570300866741
30003,39.515104,-84.745184,9,578.4415592489594
30003,39.515091,-84.742537,10,807.3981579268883
30003,39.515075,-84.741598,11,888.6367541252246
30003,39.515044,-84.740482,12,985.2275782767337
30003,39.515039,-84.739127,13,1102.4303044011406
30003,39.515015,-84.737539,14,1239.8116285575757
30003,39.516436,-84.737512,15,1398.5147825841236
30003,39.516569,-84.737489,16,1413.499801975347
30003,39.518515,-84.737486,17,1630.8137579835745
30003,39.518498,-84.73593,18,1765.4079927341654
30003,39.518423,-84.735702,19,1786.8329910897605
30003,39.518168,-84.735799,20,1816.5196097358921
30003,39.518019,-84.735809,21,1833.1812511499122
30003,39.517651,-84.735842,22,1874.3756672384854
30003,39.516652,-84.735869,23,1985.960754888865
30003,39.51662,-84.735874,24,1989.5603428908926
30003,39.515747,-84.735868,25,2087.0516578640395
30003,39.515441,-84.736008,26,2123.305527121469
30003,39.515296,-84.736062,27,2140.158197214043
30003,39.515081,-84.736083,28,2164.236349662936
30003,39.515019,-84.736062,29,2171.3943335206022
30003,39.514994,-84.734645,30,2293.9911238054906
30003,39.51474,-84.734703,31,2322.796178931479
30003,39.514642,-84.734672,32,2334.0637861389687
30003,39.514034,-84.734661,33,2401.9673457030754
30003,39.513521,-84.73471,34,2459.4119203188384
30003,39.512544,-84.734715,35,2568.516824917259
30003,39.511336,-84.734763,36,2703.4810997790787
30003,39.511014,-84.73479,37,2739.5154138229896
30003,39.510489,-84.734744,38,2798.278354700717
30003,39.510348,-84.734691,39,2814.6780374491877
30003,39.510307,-84.733251,40,2939.3252849199575
30003,39.51029,-84.730657,41,3163.720725401436
30003,39.509092,-84.730736,42,3297.6796318108823
30003,39.507594,-84.730705,43,3464.9875620951834
30003,39.507254,-84.730732,44,3503.0282187690814
30003,39.50725,-84.733001,45,3699.3115390204193
30003,39.506889,-84.733053,46,3739.875612750565
30003,39.506579,-84.733044,47,3774.5029345084877
30003,39.505025,-84.733071,48,3948.058182787904
30003,39.503626,-84.733114,49,4104.332703380556
30003,39.503129,-84.73313,50,4159.851338120446
30003,39.50199,-84.733178,51,4287.114408819131
30003,39.501613,-84.733168,52,4329.223936203193
30003,39.500462,-84.733173,53,4457.760039570065
30003,39.500574,-84.738583,54,4925.969165216917
30003,39.500563,-84.739694,55,5022.09379452265
30003,39.500565,-84.740421,56,5084.989607147717
30003,39.500632,-84.742867,57,5296.7335892213
30003,39.50064,-84.744294,58,5420.191003499148
30003,39.500114,-84.7443,59,5478.932200638246
30003,39.500008,-84.74406,60,5502.832658476185
30003,39.499986,-84.743543,61,5547.627747412755
30003,39.499985,-84.743454,62,5555.328295954818
30004,39.499985,-84.743454,0,0
30004,39.499986,-84.743372,1,7.095021138194606
30004,39.49998,-84.742793,2,57.191094280019776
30004,39.500068,-84.742691,3,70.39873061924561
30004,39.500131,-84.742618,4,79.85288057801786
30004,39.500216,-84.742605,5,89.41133015092251
30004,39.500317,-84.742616,6,100.73019823517605
30004,39.500542,-84.742605,7,125.87423408258921
30004,39.500473,-84.740306,8,324.9180364718097
30004,39.500475,-84.736335,9,668.4651172871314
30004,39.500411,-84.733099,10,948.5172054626674
30004,39.501661,-84.73304,11,1088.2014997248084
30004,39.502484,-84.73304,12,1180.1082189890176
30004,39.502917,-84.732991,13,1228.6480037392796
30004,39.503619,-84.732997,14,1307.0440365503512
30004,39.504965,-84.732997,15,1457.3556402659196
30004,39.50637,-84.732965,16,1614.2803607459828
30004,39.50706,-84.732901,17,1691.5332499881758
30004,39.507195,-84.732933,18,1706.861120814984
30004,39.507204,-84.730787,19,1892.506520857776
30004,39.507208,-84.730647,20,1904.6256679269288
30004,39.508085,-84.730626,21,2002.5799146664297
30004,39.50909,-84.730593,22,2114.84778736312
30004,39.510368,-84.730594,23,2257.566175224776
30004,39.510381,-84.730959,24,2289.172956433877
30004,39.510402,-84.733507,25,2509.593338218214
30004,39.510406,-84.734161,26,2566.1674712779395
30004,39.510454,-84.734477,27,2594.0227171994584
30004,39.510447,-84.734703,28,2613.5877775952813
30004,39.511483,-84.734671,29,2729.313618824597
30004,39.512521,-84.734649,30,2845.245319523331
30004,39.513415,-84.734623,31,2945.1058874793994
30004,39.514185,-84.734585,32,3031.1565364308444
30004,39.515037,-84.734553,33,3126.341791053044
30004,39.515049,-84.736023,34,3253.498090123653
30004,39.515235,-84.736023,35,3274.2691367182306
30004,39.515449,-84.735934,36,3299.3762910082287
30004,39.515594,-84.735832,37,3317.816292435407
30004,39.515685,-84.7358,38,3328.3486674822107
30004,39.516414,-84.735768,39,3409.8048362994823
30004,39.516491,-84.735734,40,3418.8925850231667
30004,39.516505,-84.735868,41,3430.587775512136
30004,39.516526,-84.737338,42,3557.7556688239597
30004,39.516569,-84.737489,43,3571.671020362173
30004,39.516404,-84.737557,44,3591.0128508698986
30004,39.51512,-84.737575,45,3734.408195081862
30004,39.515087,-84.737698,46,3745.667334963032
30004,39.515123,-84.740799,47,4013.9199684503183
30004,39.515165,-84.740855,48,4020.662353031316
30004,39.515124,-84.740971,49,4031.6910870650913
30004,39.5151731384132,-84.74464798280336,50,4349.778941734477
30004,39.515203,-84.744742,51,4358.56809565234
30004,39.51517,-84.744953,52,4377.186805250438
30004,39.515178,-84.745577,53,4431.166841303969
30004,39.515248,-84.745679,54,4442.954128828452
30004,39.51541,-84.74577,55,4462.6828893188485
30004,39.515629,-84.745862,56,4488.400798634057
30004,39.515931,-84.745905,57,4522.329795704753
30004,39.517389,-84.745862,58,4685.188061130088
30004,39.517434,-84.74576,59,4695.341035505231
30004,39.517459,-84.74561,60,4708.611767481863
30004,39.517894,-84.745578,61,4757.267299976397
30119,39.28733,-84.461649,0,0
30119,39.287269,-84.461374,1,24.828511381212966
30119,39.28726,-84.46093,2,63.388819311568525
30119,39.28715,-84.46009,3,137.34427731988796
30119,39.2871,-84.45958,4,181.97261397247945
30119,39.28707,-84.45906,5,227.2424653968796
30119,39.28702,-84.45813,6,308.1767933573154
30119,39.28698,-84.45767,7,348.3626797979444
30119,39.28692,-84.45688,8,417.276419395954
30119,39.286766,-84.455736,9,518.0767334258571
30119,39.28674,-84.45554,10,535.3394748777862
30119,39.28668,-84.45489,11,592.1688773038585
30119,39.28664,-84.45453,12,623.741807225409
30119,39.286507,-84.453382,13,724.5125061125474
30119,39.2865,-84.45332,14,729.9518607140357
30119,39.28649,-84.4525,15,801.1531012575019
30119,39.28645,-84.45207,16,838.7523073913716
30119,39.2864,-84.45155,17,884.2431524353599
30119,39.2863,-84.45058,18,969.1968805693538
30119,39.28626,-84.45017,19,1005.0727883194722
30119,39.28622,-84.44982,20,1035.7869166322737
30119,39.2861,-84.4493,21,1082.8823498721792
30119,39.285846,-84.448387,22,1167.0765592130883
30119,39.286072,-84.448319,23,1193.006759481873
30119,39.28657,-84.44828,24,1248.7472195579444
30119,39.28691,-84.44816,25,1288.1355343027194
30119,39.28691,-84.44816,26,1288.1355343027194
30119,39.28752,-84.44818,27,1356.3080415431903
30119,39.28779,-84.44815,28,1386.5852050967512
30119,39.288686,-84.448066,29,1486.95337755491
30119,39.28875,-84.44806,30,1494.122532900632
30119,39.28947,-84.44799,31,1574.7915929339547
30119,39.29018,-84.44793,32,1654.2850492674188
30119,39.29094,-84.44786,33,1739.4109601938615
30119,39.2914,-84.44782,34,1790.9202690439295
30119,39.29169,-84.44779,35,1823.4241609105732
30119,39.29196,-84.44777,36,1853.639031696685
30119,39.29238,-84.44772,37,1900.762619525419
30119,39.29268,-84.4477,38,1934.3241670285533
30119,39.29304,-84.44767,39,1974.6283285605127
30119,39.29361,-84.44762,40,2038.457644052342
30119,39.29437,-84.44755,41,2123.58356869652
30119,39.29477,-84.44751,42,2168.407091915355
30119,39.2954,-84.44745,43,2238.984445118484
30119,39.29591,-84.44741,44,2296.0684048201747
30119,39.29618,-84.44738,45,2326.3455724436462
30119,39.29646,-84.44736,46,2357.675893846009
30119,39.296859,-84.447184,47,2404.7985348569146
30119,39.296859,-84.447184,48,2404.7985348569146
30119,39.2973,-84.44728,49,2454.7677824029197
30119,39.29779,-84.44724,50,2509.6216134800834
30119,39.29843,-84.44718,51,2581.313197273201
30119,39.29922,-84.4471,52,2669.8464357694697
30119,39.29975,-84.44706,53,2729.1608711213585
30119,39.30042,-84.447,54,2804.195663792177
30119,39.30082,-84.44696,55,2849.019196431298
30119,39.300963,-84.447688,56,2914.1999284007165
30119,39.300963,-84.447688,57,2914.1999284007165
30119,39.301037,-84.448845,58,3014.9702096272
30119,39.30104,-84.4489,59,3019.7560942101927
30119,39.30111,-84.44948,60,3070.7052452591483
30119,39.30121,-84.45038,61,3149.621990016527
30119,39.30128,-84.45098,62,3202.2870396456346
30119,39.30136,-84.4517,63,3265.42015353681
30119,39.301493,-84.452848,64,3366.1700081684185
30119,39.30152,-84.45308,65,3386.5325748830965
30119,39.30158,-84.45366,66,3437.321562730758
30119,39.30166,-84.45435,67,3497.8774648983667
30119,39.30179,-84.455499,68,3598.663486554737
30119,39.3018,-84.45559,69,3606.640956776394
30119,39.3019,-84.45639,70,3676.974298501142
30119,39.30203,-84.457539,71,3777.7596573600645
30119,39.30203,-84.45754,72,3777.8464573786077
30119,39.30214,-84.45846,73,3858.6424305977202
30119,39.30222,-84.45915,74,3919.1974002963593
30119,39.30227,-84.45956,75,3955.2209294481863
30119,39.30233,-84.46007,76,3999.993245798615
30119,39.30239,-84.46049,77,4037.060067053795
30119,39.30246,-84.46115,78,4094.878781480142
30119,39.30253,-84.46185,79,4156.139227827891
30119,39.3026,-84.46239,80,4203.658467402157
30119,39.30266,-84.46294,81,4251.8659885840425
30119,39.30272,-84.46351,82,4301.793114819399
30119,39.30276,-84.4639,83,4335.938140482997
30119,39.30283,-84.46463,84,4399.781566693703
30119,39.30286,-84.46501,85,4432.934657982603
30119,39.30291,-84.46548,86,4474.110331385428
30119,39.30319,-84.46546,87,4505.439753251555
30119,39.30408,-84.46538,88,4605.111742571049
30119,39.30461,-84.46533,89,4664.481593352423
30119,39.30501,-84.4653,90,4709.244957528906
30119,39.30547,-84.46526,91,4760.752800660372
30119,39.30605,-84.46522,92,4825.64272021817
30119,39.30642,-84.46519,93,4867.0606534071585
30119,39.30681,-84.46518,94,4910.639682523563
30119,39.30709,-84.46494,95,4948.221870866759
30119,39.307281,-84.464929,96,4969.5815431425235
30119,39.307281,-84.464929,97,4969.5815431425235
30119,39.30761,-84.46479,98,5008.266338244701
30119,39.30799,-84.46476,99,5050.799332477543
30119,39.30833,-84.46473,100,5088.872931222355
30119,39.30862,-84.4647,101,5121.375902244362
30119,39.30888,-84.465,102,5160.38435741631
30119,39.30926,-84.46495,103,5203.058778208249
30119,39.31,-84.46489,104,5285.8946597248505
30119,39.31037,-84.46486,105,5327.312601616681
30119,39.31103,-84.46481,106,5401.174714526628
30119,39.311927,-84.464737,107,5501.586721619196
30119,39.31214,-84.46472,108,5525.428562376201
30119,39.31284,-84.46466,109,5603.805036306288
30119,39.31365,-84.46461,110,5694.4014176031305
30119,39.31398,-84.46457,111,5731.431764716191
30119,39.31456,-84.46452,112,5796.373928703914
30119,39.3151,-84.46448,113,5856.801997245729
30119,39.315997,-84.464416,114,5957.167773986846
30119,39.3165,-84.46438,115,6013.4492325541
30119,39.31677,-84.46436,116,6043.663269253675
30119,39.3171,-84.46433,117,6080.622365673883
30119,39.31744,-84.46431,118,6118.646478335848
30119,39.31795,-84.46424,119,6175.946108466564
30119,39.31877,-84.46418,120,6267.703599135406
30119,39.31909,-84.46416,121,6303.495809811003
30119,39.31986,-84.46409,122,6389.733710951696
30119,39.32025,-84.46406,123,6433.381862903802
30119,39.32069,-84.46402,124,6482.660665590862
30119,39.32125,-84.46398,125,6545.319580648412
30119,39.32182,-84.46393,126,6609.147113032931
30119,39.32235,-84.46389,127,6668.45989543437
30119,39.32278,-84.46384,128,6716.694647708653
30119,39.32331,-84.46373,129,6776.670202023503
30119,39.32368,-84.46369,130,6818.151754843454
30119,39.32409,-84.46365,131,6864.087925918373
30119,39.324571,-84.46347,132,6920.048671314469
30119,39.324571,-84.46347,133,6920.048671314469
30119,39.32532,-84.46355,134,7004.013777314995
30119,39.32591,-84.46351,135,7070.019410402156
30119,39.32663,-84.46343,136,7150.756186617821
30119,39.32717,-84.46338,137,7211.240348127395
30119,39.32761,-84.46334,138,7260.519171782878
30119,39.32829,-84.46329,139,7336.612010605216
30119,39.329186,-84.463215,140,7436.923732797954
30119,39.32924,-84.46321,141,7442.972149443074
30119,39.32973,-84.46316,142,7497.886203943871
30119,39.33043,-84.46311,143,7576.209907404035
30119,39.33105,-84.46308,144,7645.524729118363
30119,39.331946,-84.463003,145,7745.84786781408
30119,39.33198,-84.463,146,7749.655230100246
30119,39.33249,-84.46295,147,7806.796960959971
30119,39.33279,-84.4629,148,7840.592319608341
30119,39.3328,-84.46329,149,7874.447447699325
30119,39.33278,-84.46369,150,7909.223580433534
30119,39.33272,-84.46414,151,7948.837140282807
30119,39.332787,-84.464618,152,7990.9788006299505
30119,39.332787,-84.464618,153,7990.9788006299505
30119,39.332569,-84.465745,154,8091.745486626983
30119,39.33252,-84.466,155,8114.536653498954
30119,39.33243,-84.46674,156,8179.522123933285
30119,39.33236,-84.4674,157,8237.315733460904
30119,39.33224,-84.46851,158,8334.548755966704
30119,39.33213,-84.46943,159,8415.309073982415
30119,39.33208,-84.46989,160,8455.608018436325
30119,39.33201,-84.47053,161,8511.682868065998
30119,39.33192,-84.47134,162,8582.674680051901
30119,39.33187,-84.47184,163,8626.413196838268
30119,39.33179,-84.47253,164,8686.94156565818
30119,39.331791,-84.473072,165,8733.965991714625
30119,39.331791,-84.473072,166,8733.965991714625
30119,39.33162,-84.47407,167,8822.635538463754
30119,39.33157,-84.47456,168,8865.513696205788
30119,39.33154,-84.47491,169,8896.064342272808
30119,39.33148,-84.47544,170,8942.53350998797
30119,39.3314,-84.47613,171,9003.0618727754
30119,39.33135,-84.47667,172,9050.244478031713
30119,39.33127,-84.47739,173,9113.34829658514
30119,39.33122,-84.47785,174,9153.647232107458
30119,39.33116,-84.47831,175,9194.116147026216
30119,39.33111,-84.47877,176,9234.415087592202
30119,39.33101,-84.47973,177,9318.451271570018
30119,39.33095,-84.48019,178,9358.92018737697
30119,39.3309,-84.48065,179,9399.219129835528
30119,39.33083,-84.48134,180,9459.59265075111
30119,39.33078,-84.48176,181,9496.457799149784
30119,39.3308,-84.48217,182,9532.099789066964
30119,39.33086,-84.48261,183,9570.858458288241
30119,39.33098,-84.48306,184,9612.138123230116
30119,39.33118,-84.48386,185,9685.053840509989
30119,39.33137,-84.48461,186,9753.498166080353
30119,39.33147,-84.48499,187,9788.308128940118
30119,39.331748,-84.486094,188,9888.999486194089
30119,39.33178,-84.48622,189,9900.500799906942
30119,39.331974,-84.486516,190,9934.104381170762
30119,39.331974,-84.486516,191,9934.104381170762
30119,39.33196,-84.48694,192,9970.923255554048
30119,39.33209,-84.48747,193,10019.144190983292
30119,39.3322,-84.48789,194,10057.598997213356
30119,39.3324,-84.4887,195,10131.339325025328
30119,39.33256,-84.4893,196,10186.377241623488
30119,39.33272,-84.48993,197,10243.882843924277
30119,39.3329,-84.49067,198,10311.158575642445
30119,39.33308,-84.49138,199,10375.955023991739
30119,39.33322,-84.49199,200,10431.13914223217
30119,39.33344,-84.49287,201,10511.342951692006
30119,39.33367,-84.49371,202,10588.614739283303
30119,39.333932,-84.494154,203,10636.992602619706
30119,39.333932,-84.494154,204,10636.992602619706
30119,39.33391,-84.49462,205,10677.495118270303
30119,39.334193,-84.495722,206,10778.190692396945
30119,39.334476,-84.496825,207,10878.968094358244
30119,39.3345,-84.49692,208,10887.634868296089
30119,39.33465,-84.49754,209,10943.97209885566
30119,39.33481,-84.49811,210,10996.552929822827
30119,39.33501,-84.49893,211,11071.1167750609
30119,39.33512,-84.49937,212,11111.217350933981
30119,39.33524,-84.49981,213,11151.67415037552
30119,39.33537,-84.50033,214,11199.065523541703
30119,39.33552,-84.50091,215,11252.098822599044
30119,39.33564,-84.50126,216,11285.289701816926
30119,39.33577,-84.5017,217,11326.129880165916
30119,39.33585,-84.50205,218,11357.780917832726
30119,39.33591,-84.50247,219,11394.827979414904
30119,39.335704,-84.504781,220,11596.62714878229
30119,39.334599,-84.509538,221,12027.372226246844
30119,39.333038,-84.517336,222,12725.983020315005
30119,39.333114,-84.51845,223,12822.998061465689
30119,39.333488,-84.519242,224,12903.411447480905
30119,39.333772,-84.519611,225,12948.480774433689
30119,39.33494,-84.517515,226,13172.281174740772
30119,39.334947,-84.517175,227,13201.786788836314
30119,39.335287,-84.516997,228,13242.787107209566
30119,39.336065,-84.516086,229,13360.256335796948
30119,39.337877,-84.514489,230,13605.543855544962
30119,39.33962,-84.513159,231,13831.869617024873
30119,39.340856,-84.512708,232,13975.379275439604
30119,39.342071,-84.51258,233,14111.561057983117
30119,39.342185,-84.512474,234,14127.268474049433
30119,39.342281,-84.512572,235,14140.953192349098
30119,39.34444,-84.512369,236,14382.778396140056
30119,39.344562,-84.512254,237,14399.66753008423
30119,39.344551,-84.512373,238,14410.062402533214
30119,39.345078,-84.512348,239,14468.973843224776
30119,39.345162,-84.512461,240,14482.543017856266
30119,39.345571,-84.514295,241,14648.052268976375
30119,39.345846,-84.515523,242,14758.907652960654
30119,39.346234,-84.517207,243,14911.267939599336
30119,39.346492,-84.518947,244,15064.916470553786
30119,39.347524,-84.522914,245,15427.794214730468
30119,39.34881,-84.529005,246,15975.268847885267
30119,39.349853,-84.53324,247,16360.610117401548
30119,39.351039,-84.538326,248,16821.1791020561
30119,39.35138,-84.541582,249,17106.12086059037
30119,39.351541,-84.544312,250,17343.566588417598
30119,39.351029,-84.544381,251,17401.071819304056
30119,39.350921,-84.543297,252,17495.854908064324
30119,39.351402,-84.543233,253,17549.87109386996
30119,39.351379,-84.542437,254,17618.953352755303
30119,39.351577,-84.542414,255,17641.160797735647
30119,39.351978,-84.542404,256,17685.963079076802
30119,39.353019,-84.542358,257,17802.316869798193
30119,39.353296,-84.542356,258,17833.259768083542
30119,39.353921,-84.542303,259,17903.226821266628
30119,39.355,-84.542219,260,18023.976967017268
30119,39.355772,-84.542203,261,18110.224759728953
30119,39.355961,-84.54223,262,18131.46653925562
30119,39.35621,-84.542206,263,18159.358963784125
30119,39.356572,-84.542128,264,18200.358190674317
30119,39.357608,-84.54203,265,18316.396717957636
30119,39.359245,-84.541792,266,18500.41969249537
30119,39.363026,-84.54348,267,18947.422773636044
30119,39.368984,-84.546377,268,19658.787258812685
30119,39.370274,-84.547261,269,19822.002133710193
30119,39.372893,-84.54837,270,20129.951656878202
30119,39.375962,-84.548994,271,20477.014552802022
30119,39.377619,-84.549487,272,20666.978959374777
30119,39.377779,-84.549448,273,20685.168617001
30119,39.378421,-84.549618,274,20758.381383909324
30119,39.378401,-84.548719,275,20836.349519045467
30119,39.37831,-84.548692,276,20846.780623244176
30119,39.378282,-84.547519,277,20948.51878096378
30119,39.379197,-84.547646,278,21051.319680620145
30119,39.379222,-84.549749,279,21233.652401973424
30119,39.380062,-84.549792,280,21327.55788974865
30119,39.381552,-84.549601,281,21494.818620396938
30119,39.38197,-84.54957,282,21541.58822820442
30119,39.38234,-84.54953,283,21583.06396976329
30119,39.38283,-84.54948,284,21637.970359049767
30119,39.38334,-84.5494,285,21695.360034449885
30119,39.38368,-84.54938,286,21733.37900957972
30119,39.384,-84.54935,287,21769.218825152493
30119,39.38433,-84.54933,288,21806.121957240888
30119,39.38461,-84.54933,289,21837.399133063158
30119,39.38496,-84.54935,290,21876.534022008746
30119,39.38527,-84.54937,291,21911.205692970292
30119,39.38594,-84.54942,292,21986.172889603495
30119,39.38644,-84.54945,293,22042.08548461813
30119,39.38696,-84.54942,294,22100.229837066363
30119,39.38749,-84.54932,295,22160.06425050382
30119,39.38811,-84.54914,296,22231.056604432713
30119,39.38855,-84.54895,297,22282.892319725037
30119,39.389,-84.54872,298,22336.968332895933
30119,39.38946,-84.54844,299,22393.795672218115
30119,39.389525,-84.548757,300,22422.215804111864
30119,39.389525,-84.548757,301,22422.215804111864
30119,39.38952,-84.54945,302,22482.286321066145
30119,39.38956,-84.54996,303,22526.717337180395
30119,39.38959,-84.55048,304,22571.91424076074
30119,39.38963,-84.55099,305,22616.345141824168
30119,39.38968,-84.55201,306,22704.93254436654
30119,39.389792,-84.552971,307,22789.16379488389
30119,39.389792,-84.552971,308,22789.16379488389
30119,39.389768,-84.553151,309,22804.99435246933
30119,39.388779,-84.553267,310,22915.92574363523
30119,39.388075,-84.553336,311,22994.79211978068
30119,39.387096,-84.553451,312,23104.603212113638
30119,39.386983,-84.553538,313,23119.30685924798
30119,39.386856,-84.553477,314,23134.4465496377
30119,39.383581,-84.553823,315,23501.502753932815
30119,39.383281,-84.553783,316,23535.192692817014
30119,39.382859,-84.553601,317,23584.90162937423
30119,39.382574,-84.553542,318,23617.14533051516
30119,39.382265,-84.553594,319,23651.954802252927
30119,39.382332,-84.554929,320,23767.92297856658
30119,39.382369,-84.556108,321,23870.209576199548
30119,39.382516,-84.558545,322,24082.10024481038
30119,39.38261,-84.561409,323,24330.589077619887
30119,39.384953,-84.5612,324,24592.933494377638
30119,39.384938,-84.562169,325,24676.945210980466
30119,39.385097,-84.56508,326,24929.900219788964
30119,39.385682,-84.565019,327,24995.459170794547
30119,39.387041,-84.564842,328,25148.034866047903
30119,39.386732,-84.558513,329,25697.715567757386
30119,39.3867,-84.557877,330,25752.960063302493
30119,39.386852,-84.55736,331,25800.88243928818
30119,39.388618,-84.558979,332,26042.97277392329
30119,39.389259,-84.559476,333,26126.534250264696
30119,39.389822,-84.559743,334,26193.54575704168
30119,39.390137,-84.559848,335,26229.88995026136
30119,39.390325,-84.560321,336,26275.953026474584
30119,39.390394,-84.560432,337,26288.280567265596
30119,39.390444,-84.56045,338,26294.079497380597
30119,39.390447,-84.560522,339,26300.329118303664
30119,39.390564,-84.560687,340,26319.70265438667
30119,39.391639,-84.561683,341,26467.593325370563
30119,39.392172,-84.562141,342,26539.15086164715
30119,39.392244,-84.56214,343,26547.193871335
30119,39.392315,-84.562264,344,26560.550729395345
30119,39.392777,-84.562676,345,26623.306983183014
30119,39.393439,-84.563057,346,26704.291873658214
30119,39.393753,-84.563195,347,26741.349499104588
30119,39.39390134299206,-84.56501861971283,348,26900.270110997873
30119,39.393923,-84.566554,349,27033.364070357537
30119,39.39393,-84.56655,350,27034.219388237296
30119,39.39444,-84.56631,351,27094.86577202882
30119,39.394841,-84.565973,352,27148.339373252016
30119,39.394841,-84.565973,353,27148.339373252016
30119,39.3955,-84.56579,354,27223.639821367073
30119,39.39586,-84.56561,355,27266.772324495934
30119,39.3964,-84.56534,356,27331.471046090483
30119,39.39672,-84.56518,357,27369.81101051622
30119,39.39704,-84.56502,358,27408.15096099202
30119,39.39755,-84.56477,359,27469.099841835858
30119,39.39826,-84.56441,360,27554.324187650083
30119,39.39877,-84.56416,361,27615.27298872404
30119,39.3995,-84.5638,362,27702.579992645104
30119,39.39921,-84.563227,363,27761.869908380035
30119,39.39921,-84.563227,364,27761.869908380035
30119,39.39904,-84.56227,365,27846.953702423816
30119,39.398588,-84.560761,366,27987.138728141657
30119,39.399399,-84.560307,367,28085.904776586667
30119,39.400135,-84.559992,368,28172.531569866875
30119,39.400342,-84.560722,369,28239.888760935864
30119,39.400342,-84.560722,370,28239.888760935864
30120,39.400342,-84.560722,0,0
30120,39.40055,-84.56151,1,72.1344847929717
30120,39.40068,-84.56195,2,112.9374083578704
30120,39.40094,-84.56282,3,193.73367826811142
30120,39.40065,-84.56326,4,243.7670520179405
30120,39.40029,-84.56338,5,285.30264589982465
30120,39.40003,-84.56352,6,316.7775386559231
30120,39.399666,-84.563779,7,363.22106616064127
30120,39.399666,-84.563779,8,363.22106616064127
30120,39.398813,-84.564142,9,463.5616652315088
30120,39.39877,-84.56416,10,468.6118055375192
30120,39.39826,-84.56441,11,529.5606066114726
30120,39.39765,-84.56472,12,602.8038841842126
30120,39.39721,-84.56494,13,655.5212827223454
30120,39.39672,-84.56518,14,714.0739932726925
30120,39.3964,-84.56534,15,752.4139576984287
30120,39.39589,-84.56559,16,813.3629141985343
30120,39.3955,-84.56579,17,860.2482643271176
30120,39.395172,-84.566064,18,903.9091672325912
30120,39.395172,-84.566064,19,903.9091672325912
30120,39.39444,-84.56631,20,988.4085129154643
30120,39.39393,-84.56655,21,1049.0548967069878
30120,39.39378938266438,-84.56498638161469,22,1185.481600251508
30120,39.393704,-84.563289,23,1332.9038432970938
30120,39.393191,-84.563002,24,1395.3729218150463
30120,39.392675,-84.562693,25,1458.9293049118378
30120,39.391935,-84.562015,26,1560.348298770886
30120,39.391626,-84.561672,27,1605.9022743984335
30120,39.391009,-84.561163,28,1687.7333112861922
30120,39.390375,-84.560589,29,1774.2813823970146
30120,39.390278,-84.560359,30,1796.971011146384
30120,39.390167,-84.560072,31,1824.7657287147017
30120,39.389946,-84.559826,32,1857.3855024908687
30120,39.38955,-84.559752,33,1902.0822561769728
30120,39.389287,-84.559673,34,1932.2474508501691
30120,39.388696,-84.559072,35,2016.3415951684003
30120,39.386915,-84.55752,36,2256.498394719679
30120,39.386826,-84.557638,37,2270.762052949759
30120,39.386756,-84.558164,38,2317.021537835932
30120,39.387088,-84.564569,39,2873.4423593614797
30120,39.387084,-84.564904,40,2902.483282913775
30120,39.386206,-84.564975,41,3000.7501123840057
30120,39.385687,-84.565083,42,3059.4741711004176
30120,39.385425,-84.56506,43,3088.807789461706
30120,39.38511,-84.565089,44,3124.0834383712195
30120,39.38494,-84.562218,45,3373.670289160527
30120,39.38496,-84.561677,46,3420.6184958236213
30120,39.384967,-84.561218,47,3460.413290874227
30120,39.382646,-84.561443,48,3720.4065351877907
30120,39.382575,-84.559935,49,3851.3681975172544
30120,39.382468,-84.558198,50,4002.4146068090727
30120,39.382407,-84.557095,51,4098.271567757006
30120,39.382371,-84.556103,52,4184.358089394653
30120,39.382238,-84.553516,53,4409.107323457846
30120,39.382639,-84.553496,54,4453.933960230036
30120,39.382935,-84.553574,55,4487.682459715421
30120,39.38335,-84.553738,56,4536.1703136587785
30120,39.383699,-84.553772,57,4575.266065137947
30120,39.384704,-84.553665,58,4687.910538743676
30120,39.384784,-84.553629,59,4697.3760135801485
30120,39.384952,-84.553654,60,4716.2669052150595
30120,39.386946,-84.553458,61,4939.650642712618
30120,39.389739,-84.553143,62,5252.831025576123
30120,39.389638,-84.552627,63,5298.9575677756275
30120,39.389678,-84.552221,64,5334.431147874802
30120,39.38968,-84.55201,65,5352.721464268682
30120,39.38963,-84.55099,66,5441.308866811053
30120,39.38959,-84.55048,67,5485.73976787448
30120,39.38956,-84.54996,68,5530.936671454823
30120,39.38952,-84.54945,69,5575.3676875690735
30120,39.389418,-84.549059,70,5611.122822029759
30120,39.389418,-84.549059,71,5611.122822029759
30120,39.38946,-84.54844,72,5664.981386572137
30120,39.389,-84.54872,73,5721.808725894321
30120,39.38855,-84.54895,74,5775.8847390652145
30120,39.38824,-84.54909,75,5812.57781368127
30120,39.38773,-84.54927,76,5871.644887287033
30120,39.38709,-84.5494,77,5944.018202566749
30120,39.38644,-84.54945,78,6016.755157846339
30120,39.38617,-84.54943,79,6046.965070505604
30120,39.3855,-84.54939,80,6121.887147663407
30120,39.38502,-84.54935,81,6175.6171541629965
30120,39.38461,-84.54933,82,6221.448676815035
30120,39.38433,-84.54933,83,6252.725852637303
30120,39.384,-84.54935,84,6289.6289847257
30120,39.38368,-84.54938,85,6325.468800298473
30120,39.38334,-84.5494,86,6363.487775428309
30120,39.38305,-84.54944,87,6396.067036258007
30120,39.38247,-84.54952,88,6461.225556989018
30120,39.382158,-84.549719,89,6500.11293581365
30120,39.379904,-84.549867,90,6752.220708562514
30120,39.379659,-84.549893,91,6779.680875152792
30120,39.378659,-84.549875,92,6891.395887498693
30120,39.377449,-84.549515,93,7030.11426939143
30120,39.375174,-84.549016,94,7287.897261309324
30120,39.373789,-84.548726,95,7444.637332920324
30120,39.373308,-84.548667,96,7498.61005442282
30120,39.372412,-84.548554,97,7599.175491797174
30120,39.37162,-84.548222,98,7692.210230331909
30120,39.36931,-84.547095,99,7968.129080024832
30120,39.366756,-84.545632,100,8280.352612785158
30120,39.362869,-84.543623,101,8748.191281596512
30120,39.360096,-84.542117,102,9084.353025004004
30120,39.358163,-84.542005,103,9300.498072604849
30120,39.355857,-84.542434,104,9560.763534959466
30120,39.351394,-84.542477,105,10059.318865777415
30120,39.351535,-84.544338,106,10221.483673246346
30120,39.351029,-84.544381,107,10278.129352534339
30120,39.350642,-84.544402,108,10321.397579051969
30120,39.350584,-84.543356,109,10412.34566081545
30120,39.351397,-84.543254,110,10503.591892398743
30120,39.351318,-84.541913,111,10620.226843796116
30120,39.347351,-84.523196,112,12302.96306656601
30120,39.347106,-84.521492,113,12453.271650787901
30120,39.346802,-84.520002,114,12586.89451285143
30120,39.345676,-84.515328,115,13011.366457199794
30120,39.345092,-84.512414,116,13272.40505666905
30120,39.34452,-84.512469,117,13336.481385938549
30120,39.342197,-84.512632,118,13596.370058787083
30120,39.340779,-84.512708,119,13754.912829588498
30120,39.33972,-84.513175,120,13879.957957534298
30120,39.339115,-84.513588,121,13956.451167234358
30120,39.337675,-84.514711,122,14144.512045400159
30120,39.336551,-84.51559,123,14291.414094616495
30120,39.335697,-84.516469,124,14413.54400053345
30120,39.33527,-84.517032,125,14481.813177818924
30120,39.33521,-84.517323,126,14507.932185628139
30120,39.334957,-84.517459,127,14538.55845030402
30120,39.333713,-84.519658,128,14774.574329994273
30120,39.33334,-84.519029,129,14843.231206230266
30120,39.333041,-84.518055,130,14934.090520456879
30120,39.33313,-84.516811,131,15042.46830823617
30120,39.333695,-84.513944,132,15299.072291655999
30120,39.335277,-84.505742,133,16032.233373884883
30120,39.335808,-84.50361,134,16226.467660660373
30120,39.33579,-84.50248,135,16324.517576910725
30120,39.33576,-84.50211,136,16356.790197629827
30120,39.33564,-84.50158,137,16404.68309139822
30120,39.33559,-84.50121,138,16437.26371813541
30120,39.33543,-84.50059,139,16493.94225367333
30120,39.33524,-84.49981,140,16564.860097301083
30120,39.33512,-84.49937,141,16605.316896742625
30120,39.33501,-84.49893,142,16645.417472615703
30120,39.33482,-84.49817,143,16714.682304130693
30120,39.33465,-84.49754,144,16772.5425872517
30120,39.3345,-84.49692,145,16828.87981781127
30120,39.334217,-84.495818,146,16929.57480219271
30120,39.334036,-84.49556,147,16959.738360490534
30120,39.334036,-84.49556,148,16959.738360490534
30120,39.33393,-84.49471,149,17034.424780769106
30120,39.33372,-84.49391,150,17107.68669805397
30120,39.33351,-84.4931,151,17181.77130095779
30120,39.33327,-84.49221,152,17263.506689393198
30120,39.33308,-84.49138,153,17338.577686011937
30120,39.33291,-84.49072,154,17398.90444314498
30120,39.33278,-84.49019,155,17447.124615811128
30120,39.33261,-84.4895,156,17509.92744953792
30120,39.3324,-84.4887,157,17583.191213190494
30120,39.3322,-84.48789,158,17656.93154100247
30120,39.33209,-84.48747,159,17695.386347232532
30120,39.33198,-84.48703,160,17735.48925429628
30120,39.331746,-84.486494,161,17788.835931368976
30120,39.331746,-84.486494,162,17788.835931368976
30120,39.331546,-84.485362,163,17889.556689462996
30120,39.33151,-84.48516,164,17907.537613992426
30120,39.33137,-84.48461,165,17957.75310735728
30120,39.3312,-84.48395,166,18018.081841407562
30120,39.33106,-84.48339,167,18069.12279344011
30120,39.33091,-84.48278,168,18124.63618506264
30120,39.33082,-84.48238,169,18160.767525363906
30120,39.33078,-84.48198,170,18195.758305950298
30120,39.3308,-84.48156,171,18232.266248066786
30120,39.33088,-84.48088,172,18291.936651518256
30120,39.33093,-84.48042,173,18332.235590963177
30120,39.33101,-84.47973,174,18392.763951220764
30120,39.33111,-84.47877,175,18476.80013519858
30120,39.33116,-84.47831,176,18517.099075764567
30120,39.33122,-84.47785,177,18557.567990683325
30120,39.33127,-84.47739,178,18597.866926205643
30120,39.33132,-84.47692,179,18639.025270287155
30120,39.3314,-84.47613,180,18708.14647684113
30120,39.33148,-84.47544,181,18768.674839628562
30120,39.33153,-84.47498,182,18808.97377802389
30120,39.33157,-84.47456,183,18845.686264086413
30120,39.33162,-84.47407,184,18888.564421828447
30120,39.331538,-84.473507,185,18938.262367783493
30120,39.331538,-84.473507,186,18938.262367783493
30120,39.33176,-84.47277,187,19006.846445515803
30120,39.33187,-84.47184,188,19088.464376029333
30120,39.33192,-84.47134,189,19132.202892815698
30120,39.33198,-84.47087,190,19173.527688415317
30120,39.33208,-84.46989,191,19259.284000186744
30120,39.33213,-84.46943,192,19299.582944640657
30120,39.33224,-84.46851,193,19380.34326265637
30120,39.33236,-84.4674,194,19477.57628516217
30120,39.33243,-84.46674,195,19535.36989468979
30120,39.33252,-84.466,196,19600.35536512412
30120,39.33253,-84.464774,197,19706.729937467062
30120,39.33253,-84.464774,198,19706.729937467062
30120,39.33272,-84.46414,199,19765.689799009157
30120,39.33278,-84.46369,200,19805.30335885843
30120,39.3328,-84.46329,201,19840.079491592638
30120,39.33259,-84.46306,202,19870.87920285141
30120,39.33232,-84.46309,203,19901.15548882984
30120,39.33157,-84.46316,204,19985.16473621856
30120,39.33095,-84.46321,205,20054.566374311635
30120,39.33043,-84.46324,206,20112.718652841955
30120,39.32954,-84.46331,207,20212.33407678095
30120,39.328644,-84.463388,208,20312.663003113572
30120,39.32805,-84.46344,209,20379.177407148312
30120,39.32762,-84.46347,210,20427.287129160675
30120,39.32721,-84.46351,211,20473.223296501663
30120,39.32673,-84.46355,212,20526.96070059205
30120,39.32599,-84.46361,213,20609.79664828769
30120,39.325094,-84.463689,214,20710.131448895565
30120,39.32485,-84.46371,215,20737.451757044902
30120,39.324517,-84.463856,216,20776.752086592536
30120,39.324517,-84.463856,217,20776.752086592536
30120,39.32415,-84.46377,218,20818.426563108038
30120,39.323254,-84.463848,219,20918.75546390243
30120,39.323,-84.46387,220,20947.196263194703
30120,39.32235,-84.46389,221,21019.83443097192
30120,39.32182,-84.46393,222,21079.147213373362
30120,39.32125,-84.46398,223,21142.97474575788
30120,39.32092,-84.464,224,21179.882879082234
30120,39.32025,-84.46406,225,21254.91554099063
30120,39.31998,-84.46408,226,21285.129584700622
30120,39.31933,-84.46414,227,21357.933412668615
30120,39.31877,-84.46418,228,21420.592319846306
30120,39.31795,-84.46424,229,21512.34981051515
30120,39.31744,-84.46431,230,21569.649440645866
30120,39.3171,-84.46433,231,21607.67355330783
30120,39.31677,-84.46436,232,21644.63264972804
30120,39.3165,-84.46438,233,21674.846686427616
30120,39.315603,-84.464444,234,21775.212465556426
30120,39.3151,-84.46448,235,21831.493921767236
30120,39.31482,-84.4645,236,21862.82336749093
30120,39.31398,-84.46457,237,21956.863772258104
30120,39.31365,-84.46461,238,21993.894119371165
30120,39.31307,-84.46464,239,22058.743434534197
30120,39.31223,-84.46471,240,22152.78383198814
30120,39.311333,-84.464779,241,22253.174536022205
30120,39.31119,-84.46479,242,22269.178850755707
30120,39.31037,-84.46486,243,22360.989641331307
30120,39.31,-84.46489,244,22402.407583223136
30120,39.30926,-84.46495,245,22485.24346473974
30120,39.30888,-84.465,246,22527.91788553168
30120,39.30841,-84.46503,247,22580.490313525082
30120,39.30784,-84.46508,248,22644.317810704415
30120,39.30757,-84.4651,249,22674.531831755543
30120,39.307252,-84.465235,250,22711.94075969385
30120,39.307252,-84.465235,251,22711.94075969385
30120,39.30681,-84.46518,252,22761.550725666737
30120,39.30642,-84.46519,253,22805.129754783142
30120,39.30605,-84.46522,254,22846.54768797213
30120,39.30547,-84.46526,255,22911.437607529926
30120,39.30501,-84.4653,256,22962.94545066139
30120,39.30461,-84.46533,257,23007.70881483787
30120,39.30408,-84.46538,258,23067.078665619247
30120,39.30319,-84.46546,259,23166.75065493874
30120,39.30291,-84.46548,260,23198.080076804865
30120,39.30286,-84.46501,261,23239.25575020769
30120,39.30283,-84.46463,262,23272.408841496588
30120,39.30277,-84.46401,263,23326.639549418982
30120,39.30272,-84.46351,264,23370.396701535727
30120,39.30266,-84.46294,265,23420.323827771084
30120,39.3026,-84.46239,266,23468.53134895297
30120,39.30253,-84.46185,267,23516.050588527236
30120,39.30248,-84.46129,268,23564.977879205715
30120,39.30239,-84.46049,269,23635.141312938842
30120,39.30233,-84.46007,270,23672.20813419402
30120,39.30227,-84.45956,271,23716.980450544448
30120,39.30222,-84.45915,272,23753.003979696274
30120,39.30214,-84.45846,273,23813.558949394912
30120,39.30203,-84.45754,274,23894.354922614024
30120,39.3019,-84.456391,275,23995.14028131541
30120,39.3019,-84.45639,276,23995.22708165263
30120,39.3018,-84.45559,277,24065.560423377377
30120,39.30167,-84.454441,278,24166.346416470904
30120,39.30166,-84.45435,279,24174.32391567677
30120,39.30158,-84.45366,280,24234.87981784438
30120,39.30152,-84.45308,281,24285.66880569204
30120,39.301387,-84.451932,282,24386.41858541517
30120,39.30136,-84.4517,283,24406.781226864827
30120,39.30129,-84.4511,284,24459.446157799164
30120,39.30121,-84.45038,285,24522.579393359367
30120,39.30112,-84.44961,286,24590.16912320609
30120,39.30104,-84.4489,287,24652.443497304088
30120,39.300908,-84.447752,288,24753.17820053412
30120,39.3009,-84.44768,289,24759.49158481033
30120,39.300735,-84.447157,290,24808.4894295345
30120,39.300735,-84.447157,291,24808.4894295345
30120,39.30042,-84.447,292,24846.228467620524
30120,39.29975,-84.44706,293,24921.263260291344
30120,39.29922,-84.4471,294,24980.57769564323
30120,39.29859,-84.44717,295,25051.224423052903
30120,39.298,-84.44722,296,25117.28320051548
30120,39.2973,-84.44728,297,25195.661907536967
30120,39.296883,-84.447426,298,25243.94315960008
30120,39.296883,-84.447426,299,25243.94315960008
30120,39.29661,-84.44735,300,25275.148661618325
30120,39.29629,-84.44738,301,25310.99445059839
30120,39.29591,-84.44741,302,25353.528636745516
30120,39.2954,-84.44745,303,25410.612596447205
30120,39.29503,-84.44749,304,25452.095344053
30120,39.29437,-84.44755,305,25526.015630944825
30120,39.29374,-84.44761,306,25596.59298033725
30120,39.29304,-84.44767,307,25674.97166779981
30120,39.29268,-84.4477,308,25715.27582933177
30120,39.29238,-84.44772,309,25748.837376834905
30120,39.29199,-84.44776,310,25792.54712009759
30120,39.29169,-84.44779,311,25826.16475948648
30120,39.2914,-84.44782,312,25858.668651353124
30120,39.29101,-84.44786,313,25902.37839257305
30120,39.29044,-84.44791,314,25966.20769863967
30120,39.289544,-84.447984,315,26066.516537203548
30120,39.28947,-84.44799,316,26074.800357403383
30120,39.28875,-84.44806,317,26155.469417436707
30120,39.287854,-84.448144,318,26255.837590211744
30120,39.28779,-84.44815,319,26263.006745240586
30120,39.28752,-84.44818,320,26293.283908794147
30120,39.28717,-84.44822,321,26332.54049932558
30120,39.28632,-84.448321,322,26427.90813885238
30120,39.286267,-84.448396,323,26436.709383778772
30120,39.286267,-84.448396,324,26436.709383778772
30120,39.286158,-84.448341,325,26449.789836767697
30120,39.28585,-84.448409,326,26484.702981576505
30120,39.28604,-84.44908,327,26546.70688740853
30120,39.28619,-84.44968,328,26601.42874036628
30120,39.28626,-84.45017,329,26644.683797896014
30120,39.2863,-84.45058,330,26680.559705646134
30120,39.28637,-84.45122,331,26736.672515451784
30120,39.28645,-84.452,332,26804.97966290702
30120,39.28649,-84.4525,333,26848.61918552174
30120,39.28654,-84.45299,334,26891.526206984407
30120,39.2867,-84.45379,335,26963.24545268716
30120,39.28676,-84.45431,336,27008.88659956864
30120,39.28682,-84.45483,337,27054.5276707278
30120,39.2869,-84.45551,338,27114.23751909452
30120,39.28695,-84.45596,339,27153.70347053391
30120,39.287033,-84.456379,340,27191.243897020933
30120,39.28706,-84.45686,341,27233.112589271193
30120,39.2871,-84.45734,342,27275.024531170646
30120,39.28714,-84.45784,343,27318.663284959373
30120,39.28718,-84.4584,344,27367.486619810552
30120,39.28723,-84.45909,345,27427.65120227247
30120,39.28726,-84.45959,346,27471.18953799035
30120,39.28737,-84.46056,347,27556.295038139608
30120,39.28746,-84.46132,348,27623.03831961071
30120,39.286224,-84.461211,349,27761.447710449065
30120,39.284571,-84.461053,350,27946.62913691525
30120,39.283875,-84.461184,351,28025.21346727708
30120,39.283683,-84.461806,352,28083.321008108003
30120,39.283817,-84.463523,353,28233.144530224377
30120,39.287479,-84.463051,354,28644.3078564765
30120,39.28733,-84.461649,355,28767.15922746049
30122,39.510372,-84.730304,0,0
30122,39.510333,-84.730682,1,32.9867573605322
30122,39.509092,-84.730736,2,171.65188708670826
30122,39.507241,-84.73072,3,378.36359242435344
30122,39.507225,-84.730891,4,393.26371826626433
30122,39.50727,-84.734421,5,698.6719883088386
30122,39.507281,-84.73484,6,734.9387778946112
30122,39.507291,-84.736369,7,867.2108282097349
30122,39.507318,-84.738523,8,1053.5681040886686
30122,39.507316,-84.739491,9,1137.3055304849213
30122,39.507402,-84.742326,10,1382.7351719067972
30122,39.507374,-84.7425,11,1398.1083437064729
30122,39.507424,-84.745687,12,1673.8548315754392
30122,39.507444,-84.747071,13,1793.5974664765151
30122,39.507502,-84.748632,14,1928.7853820499085
30122,39.507506,-84.74927,15,1983.9765964530459
30122,39.50753,-84.749637,16,2015.8363764434157
30122,39.507964,-84.750776,17,2125.6382589039736
30122,39.50796,-84.751033,18,2147.874002488569
30122,39.50795,-84.752655,19,2288.186038056091
30122,39.506268,-84.752706,20,2476.0659565513743
30122,39.504919,-84.752727,21,2626.719071405338
30122,39.504911,-84.752147,22,2676.9008349380156
30122,39.504915,-84.749471,23,2908.3934206286804
30122,39.504228,-84.749449,24,2985.1343482233888
30122,39.504214,-84.748937,25,3029.4539567666243
30122,39.504147,-84.7486,26,3059.551914607665
30122,39.504135,-84.748436,27,3073.802380273813
30122,39.504125,-84.747191,28,3181.5108234590166
30122,39.504116,-84.746965,29,3201.0875063704534
30122,39.504038,-84.746643,30,3230.2732693297344
30122,39.504063,-84.74579,31,3304.117779854758
30122,39.504009,-84.745699,32,3314.034243975159
30122,39.50219400000001,-84.74577381349182,33,3516.819828431999
30122,39.500594,-84.74579,34,3695.498387260801
30122,39.500577,-84.744284,35,3825.8007439450403
30122,39.500076,-84.744268,36,3881.764997486972
30122,39.499998,-84.744045,37,3902.93273677579
30122,39.49997613931839,-84.7432610638237,38,3970.7980312543796
30122,39.499988,-84.743184,39,3977.5954177804583
30123,39.506238,-84.728929,0,0
30123,39.506102,-84.72966,1,65.03556734564579
30123,39.506123,-84.729832,2,80.09862102149503
30123,39.506152,-84.729998,3,94.8195886101754
30123,39.506214,-84.730223,4,115.47863364132728
30123,39.506251,-84.730572,5,145.95127924143776
30123,39.506247,-84.730674,6,154.78636694857755
30123,39.507245,-84.730658,7,266.2448150169885
30123,39.50909,-84.730593,8,472.35858991279974
30123,39.510367,-84.730599,9,614.9662223052309
30123,39.510367,-84.731087,10,657.1794566448377
30123,39.510392,-84.733726,11,885.4761250404988
30123,39.510454,-84.734477,12,950.8070729298313
30123,39.510462,-84.734673,13,967.7849724352446
30123,39.51067,-84.734708,14,991.2093347025759
30123,39.511463,-84.734697,15,1079.7707537606725
30123,39.511468,-84.735001,16,1106.0728724375388
30123,39.511505,-84.735101,17,1115.6591093740633
30123,39.511472,-84.735195,18,1124.5862953518674
30123,39.511502,-84.739257,19,1475.9664588385804
30123,39.51058,-84.739296,20,1578.983065674556
30123,39.509971,-84.7393,21,1646.9920408364742
30123,39.508424,-84.739316,22,1819.753779107385
30123,39.507199,-84.739343,23,1956.5716047635638
30123,39.505419,-84.739413,24,2155.439514505696
30123,39.504935,-84.73937,25,2209.61649023676
30123,39.503656,-84.7394,26,2352.4682218601265
30123,39.503403,-84.739442,27,2380.9538472239797
30123,39.50303,-84.739401,28,2422.75814708883
30123,39.501085,-84.739449,29,2639.999362990575
30123,39.501019,-84.739523,30,2649.7618951825616
30123,39.500944,-84.739457,31,2659.898442952443
30123,39.500562,-84.739461,32,2702.558447489676
30123,39.500551,-84.739694,33,2722.753535947821
30123,39.500605,-84.741918,34,2915.2540903495046
30123,39.500633,-84.744262,35,3118.0650814577084
30123,39.500098,-84.744281,36,3177.8316339021044
30123,39.500044,-84.744103,37,3194.369666106046
30123,39.499992,-84.74389,38,3213.6903960600102
30123,39.499988,-84.743315,39,3263.4378939010094
30123,39.499958,-84.742997,40,3291.1525654692505
30609,39.29364,-84.522649,0,0
30609,39.293512,-84.522787,1,18.653208665463556
30609,39.29259,-84.522626,2,122.5926830292657
30609,39.292496,-84.523828,3,227.45698032918455
30609,39.29397,-84.524096,4,393.75085578303145
30609,39.294598,-84.524123,5,463.9430712916731
30609,39.295643,-84.524048,6,580.8600713473243
30609,39.29916,-84.523828,7,974.2035163599755
30609,39.301624,-84.523697,8,1249.6886649144171
30609,39.303034,-84.523587,9,1407.4871255869457
30609,39.303099,-84.523501,10,1417.900258022385
30609,39.303357,-84.523566,11,1447.2680503375002
30609,39.304274,-84.52349,12,1549.917164933258
30609,39.3045,-84.523479,13,1575.181400520725
30609,39.304726,-84.523469,14,1600.4425056987843
30609,39.307586,-84.523227,15,1920.6193396417532
30609,39.310482,-84.522889,16,2245.4553118809145
30609,39.312935,-84.522771,17,2519.6685359260027
30609,39.315864,-84.522562,18,2847.3662570143047
30609,39.317918,-84.52238,19,3077.359316159323
30609,39.318184,-84.522302,20,3107.8349584779985
30609,39.318438,-84.522345,21,3136.4533099645096
30609,39.319862,-84.522242,22,3295.777778829896
30609,39.323022,-84.522023,23,3649.289330597788
30609,39.325236,-84.521834,24,3897.1561882488204
30609,39.326222,-84.521839,25,4007.302172691717
30609,39.327466,-84.521689,26,4146.876298573317
30609,39.328305,-84.52177,27,4240.863302429364
30609,39.329951,-84.522227,28,4428.962406260192
30609,39.330684,-84.522421,29,4512.556915858004
30609,39.33123,-84.522475,30,4573.729647597969
30609,39.331793,-84.522346,31,4637.6097408591195
30609,39.332632,-84.5217,32,4746.811183795764
30609,39.335194,-84.526341,33,5240.780292144273
30609,39.335378,-84.526655,34,5274.904395548218
30609,39.336796,-84.52955,35,5571.821840497724
30609,39.338431,-84.53235,36,5875.717161530084
30609,39.339357,-84.533723,37,6033.465640322059
30609,39.339475,-84.533733,38,6046.675573920454
30609,39.339471,-84.533908,39,6061.862147742201
30609,39.340919,-84.53545,40,6271.753016277375
30609,39.34357,-84.537805,41,6631.505199866228
30609,39.344103,-84.538287,42,6704.25669171734
30609,39.346312,-84.540048,43,6994.462472146039
30609,39.348019,-84.54152,44,7223.9382225466
30609,39.349106,-84.542164,45,7357.592568267268
30609,39.350309,-84.542443,46,7494.135418291617
30609,39.351441,-84.542429,47,7620.591816501496
30609,39.351461,-84.542875,48,7659.336375124135
30609,39.351535,-84.544353,49,7787.784368039524
30609,39.351029,-84.544381,50,7844.35929621732
30609,39.350922,-84.543323,51,7936.891767581612
30609,39.351276,-84.543283,52,7976.5873194739925
30609,39.35137,-84.544329,53,8067.909094414258
30609,39.351552,-84.544315,54,8088.275650966588
30609,39.351637,-84.545303,55,8174.485601687615
30609,39.35169,-84.54623,56,8255.098282865054
30609,39.35178,-84.547386,57,8355.85606424188
30609,39.35178,-84.54739,58,8356.202966718525
30609,39.351873,-84.548546,59,8456.99442447925
30609,39.35191,-84.54901,60,8497.446655021107
30609,39.35199,-84.54994,61,8578.59457721582
30609,39.35203,-84.55056,62,8632.549374745397
30609,39.3521,-84.55148,63,8712.718406508491
30609,39.35215,-84.55207,64,8764.189843976275
30609,39.35222,-84.55309,65,8852.993666115073
30609,39.35226,-84.55355,66,8893.136263209119
30609,39.35228,-84.55392,67,8925.301878825887
30609,39.35231,-84.5543,68,8958.42697060646
30609,39.35237,-84.55508,69,9026.40285910393
30609,39.35241,-84.55554,70,9066.545247126256
30609,39.35244,-84.55589,71,9097.082966465403
30609,39.352531,-84.557046,72,9197.849372170054
30609,39.35255,-84.55728,73,9218.253318854624
30609,39.3526,-84.55771,74,9255.96025468599
30609,39.35269,-84.55882,75,9352.746409438965
30609,39.35317,-84.55878,76,9406.475767630434
30609,39.35347,-84.55875,77,9440.087397575096
30609,39.35401,-84.5587,78,9500.562471375455
30609,39.354515,-84.558567,79,9558.139382425532
30609,39.354515,-84.558567,80,9558.139382425532
30609,39.3552,-84.5586,81,9634.709201898764
30609,39.35586,-84.55855,82,9708.560354881734
30609,39.35623,-84.55852,83,9749.972139588854
30609,39.356927,-84.558367,84,9828.95133233498
30609,39.356927,-84.558367,85,9828.95133233498
30609,39.3572,-84.55845,86,9860.284057282437
30609,39.358096,-84.558372,87,9960.597958997401
30609,39.35869,-84.55832,88,10027.102405896172
30609,39.3593,-84.55827,89,10095.378859897917
30609,39.359765,-84.55816,90,10148.189194065038
30609,39.359765,-84.55816,91,10148.189194065038
30609,39.360663,-84.558142,92,10248.510383784951
30609,39.36077,-84.55814,93,10260.463833554642
30609,39.36164,-84.55807,94,10357.834584249835
30609,39.36219,-84.55803,95,10419.368920535391
30609,39.363087,-84.557967,96,10519.715089006955
30609,39.36348,-84.55794,97,10563.676654407924
30609,39.36403,-84.5579,98,10625.210996013848
30609,39.3648,-84.55786,99,10711.292024805412
30609,39.365697,-84.557791,100,10811.667869459925
30609,39.36597,-84.55777,101,10842.217040488946
30609,39.3663,-84.55773,102,10879.241759103974
30609,39.36718,-84.55766,103,10977.72741282876
30609,39.36807,-84.5576,104,11077.27892611035
30609,39.36896,-84.55755,105,11176.78890194643
30609,39.36971,-84.55751,106,11260.637766312344
30609,39.370607,-84.557457,107,11360.940511824721
30609,39.37073,-84.55745,108,11374.69335710133
30609,39.37161,-84.55739,109,11473.129398085552
30609,39.3718,-84.557299,110,11495.771947725554
30609,39.3718,-84.557299,111,11495.771947725554
30609,39.37255,-84.55733,112,11579.592183618273
30609,39.37334,-84.55728,113,11667.94384079263
30609,39.373612,-84.561924,114,12071.708580998944
30609,39.376028,-84.561826,115,12341.714456612664
30609,39.37655,-84.5618,116,12400.066485353842
30609,39.37707,-84.56177,117,12458.209757553594
30609,39.377867,-84.561707,118,12547.403682386366
30609,39.378087,-84.56171,119,12571.979516359259
30609,39.37812,-84.561569,120,12584.746630031093
30609,39.37812,-84.561569,121,12584.746630031093
30609,39.378155,-84.561681,122,12595.213548885518
30609,39.37961,-84.56162,123,12757.826094438335
30609,39.38034,-84.56157,124,12839.483742742594
30609,39.381237,-84.56152,125,12939.774235654235
30609,39.38159,-84.5615,126,12979.243176928567
30609,39.382453,-84.561447,127,13075.751522258237
30609,39.38262,-84.56145,128,13094.407588517088
30609,39.383336,-84.561418,129,13174.434395392886
30609,39.38494,-84.561239,130,13354.27522788737
30609,39.384971,-84.561699,131,13394.299102131567
30609,39.384945,-84.562142,132,13432.808944662584
30609,39.385101,-84.56507,133,13687.210742589732
30609,39.385682,-84.565019,134,13752.25970179594
30609,39.386547,-84.564921,135,13849.25419689053
30609,39.387084,-84.564884,136,13909.323587666917
30609,39.386695,-84.558119,137,14497.319760471913
30609,39.3869,-84.55743,138,14561.282058333756
30609,39.38747,-84.55794,139,14638.794492241766
30609,39.388209,-84.558601,140,14739.277876095452
30609,39.38833,-84.55871,141,14755.768669550993
30609,39.38875,-84.55909,142,14813.09154734178
30609,39.38909,-84.55939,143,14859.119383114414
30609,39.38936,-84.55952,144,14891.315244074369
30609,39.389636,-84.559642,145,14923.908221873795
30609,39.39013,-84.55969,146,14979.245832943967
30609,39.39043,-84.55966,147,15012.857288540174
30609,39.39091,-84.55962,148,15066.58642287215
30609,39.39135,-84.55957,149,15115.926182372628
30609,39.39176,-84.55954,150,15161.79793324133
30609,39.39231,-84.55949,151,15223.386929203052
30609,39.39263,-84.55946,152,15259.226158121137
30609,39.39295,-84.55943,153,15295.065387638873
30609,39.3935,-84.55938,154,15356.654387617631
30609,39.39401,-84.55933,155,15413.787230487524
30609,39.3945,-84.55929,156,15468.63112173255
30609,39.39491,-84.55924,157,15514.633701536894
30609,39.39532,-84.5592,158,15560.56274368788
30609,39.39562,-84.55918,159,15594.118289427195
30609,39.39589,-84.55922,160,15624.476551727623
30609,39.39625,-84.55933,161,15665.80408169938
30609,39.39652,-84.55943,162,15697.184311037068
30609,39.39685,-84.55951,163,15734.692507465743
30609,39.39719,-84.55949,164,15772.710866831483
30609,39.39746,-84.55941,165,15803.657213032908
30609,39.39786,-84.55928,166,15849.736790158398
30609,39.39816,-84.55913,167,15885.680742311904
30609,39.39883,-84.55881,168,15965.494561798723
30609,39.39935,-84.55857,169,16027.191623530925
30609,39.39961,-84.55844,170,16058.342995002768
30609,39.40008,-84.55821,171,16114.499803253206
30609,39.40047,-84.55801,172,16161.385272677053
30609,39.40082,-84.55784,173,16203.164996078183
30609,39.401042,-84.558186,174,16242.075873479887
30609,39.401042,-84.558186,175,16242.075873479887
30609,39.4011,-84.55858,176,16276.830063094108
30609,39.4012,-84.55894,177,16309.96788014183
30609,39.40133,-84.55937,178,16349.96193887849
30609,39.4007,-84.55969,179,16425.601557748898
30609,39.40039,-84.55985,180,16462.902330176006
30609,39.4001,-84.56,181,16497.80701581135
30609,39.400342,-84.560722,182,16565.967366597793
30609,39.400342,-84.560722,183,16565.967366597793
30609,39.40055,-84.56151,184,16638.101851390766
30609,39.401004,-84.563092,185,16784.280123599805
30609,39.400327,-84.563426,186,16865.25250195769
30609,39.400421,-84.563761,187,16896.124879827035
30609,39.400654,-84.564213,188,16943.154374033267
30609,39.40082,-84.564484,189,16973.077393414624
30609,39.40095,-84.564633,190,16992.509344006947
30609,39.40121,-84.56502,191,17036.874399916618
30609,39.40147,-84.5654,192,17080.782547118673
30609,39.40184,-84.56596,193,17144.526460135556
30609,39.40202,-84.56622,194,17174.72475079937
30609,39.40228,-84.56665,195,17221.969280206846
30609,39.40249,-84.56698,196,17258.956697518614
30609,39.40275,-84.56745,197,17308.9804427765
30609,39.40295,-84.56773,198,17341.963023555498
30609,39.40316,-84.56804,199,17377.62707114822
30609,39.40359,-84.56868,200,17450.995736728342
30609,39.40389,-84.56911,201,17501.110116844367
30609,39.404032,-84.569191,202,17518.455352239704
30609,39.404032,-84.569191,203,17518.455352239704
30609,39.40423,-84.5696,204,17560.232598665778
30609,39.40445,-84.56994,205,17598.59891863191
30609,39.4048,-84.57045,206,17657.604084939816
30609,39.40502,-84.57078,207,17695.30878455348
30609,39.40522,-84.57108,208,17729.585707653532
30609,39.4054,-84.57134,209,17759.782937851476
30609,39.40563,-84.57169,210,17799.53084613351
30609,39.40591,-84.5721,211,17846.864363467896
30609,39.40632,-84.5727,212,17916.150681473602
30609,39.40651,-84.57298,213,17948.385946571147
30609,39.40689,-84.573366,214,18002.42710256857
30609,39.40689,-84.573366,215,18002.42710256857
30609,39.40708,-84.57383,216,18047.891544399907
30609,39.40738,-84.57421,217,18094.87207359617
30609,39.408044,-84.574993,218,18195.39272943339
30609,39.40838,-84.57539,219,18246.304216981047
30609,39.409033,-84.576188,220,18346.810638616622
30609,39.40964,-84.57693,221,18440.249243151306
30609,39.41017,-84.57756,222,18520.77655761083
30609,39.410825,-84.578356,223,18621.324702297847
30609,39.41105,-84.57863,224,18655.897602331013
30609,39.411709,-84.57942,225,18756.41580620449
30609,39.41181,-84.57954,226,18771.758011070862
30609,39.412092,-84.579733,227,18807.420888120967
30609,39.412092,-84.579733,228,18807.420888120967
30609,39.41233,-84.58016,229,18852.979121888635
30609,39.412991,-84.580947,230,18953.483395578958
30609,39.41327,-84.58128,231,18995.952904871934
30609,39.41372,-84.58175,232,19060.643195824523
30609,39.41392,-84.58199,233,19091.163174725956
30609,39.41417,-84.5823,234,19129.908594525044
30609,39.41444,-84.58263,235,19171.466331459786
30609,39.414565,-84.582655,236,19185.59565252587
30609,39.414565,-84.582655,237,19185.59565252587
30609,39.4147,-84.58304,238,19222.202872439884
30609,39.415352,-84.58384,239,19322.742107705995
30609,39.41545,-84.58396,240,19337.839133399902
30609,39.416107,-84.584753,241,19438.367524200818
30609,39.41637,-84.58507,242,19478.583196016032
30609,39.41701,-84.58585,243,19576.955998781777
30609,39.41762,-84.58658,244,19669.921155630218
30609,39.41789,-84.58692,245,19712.078383433607
30609,39.41832,-84.58743,246,19777.34085922876
30609,39.41867,-84.58786,247,19831.34265939542
30609,39.41905,-84.58832,248,19889.56475709861
30609,39.4193,-84.58863,249,19928.30841678476
30609,39.419668,-84.58905,250,19983.2045869715
30609,39.420043,-84.58935,251,20032.499407998166
30609,39.419884,-84.589247,252,20052.375002209148
30609,39.42034,-84.58986,253,20125.958998441358
30609,39.42074,-84.59035,254,20187.5889258609
30609,39.4212,-84.59089,255,20257.07644965319
30609,39.42153,-84.5913,256,20308.26516164269
30609,39.42185,-84.59168,257,20356.858396382497
30609,39.422507,-84.592474,258,20457.44046759278
30609,39.422768287825534,-84.59274781349183,259,20495.049430420248
30609,39.42309828778628,-84.59309416931154,260,20542.577816625755
30609,39.423337580990456,-84.59340099140167,261,20580.27256910934
30609,39.42356,-84.59367,262,20614.33542551076
30609,39.424022,-84.594172,263,20681.819805191975
30609,39.42462124204107,-84.59489730059434,264,20773.6231994102
30609,39.4247325861602,-84.59501800000001,265,20789.87123882586
30609,39.42502,-84.5954,266,20835.976227745574
30609,39.42528,-84.59569,267,20874.375318939736
30609,39.42553,-84.59596,268,20910.800712430715
30609,39.42593,-84.59634,269,20966.296301868613
30609,39.42667,-84.597,270,21066.79804268753
30609,39.42667,-84.597,271,21066.79804268753
30609,39.42713,-84.59741,272,21129.25855509884
30609,39.42741,-84.59774,273,21171.62925456119
30609,39.42814,-84.59841,274,21271.71331291894
30609,39.42868,-84.59889,275,21344.971655484478
30609,39.429235,-84.599268,276,21415.078730886114
30609,39.429779,-84.599775,277,21490.05049031633
30609,39.429951,-84.599623,278,21513.34081934972
30609,39.430258,-84.599596,279,21547.711000263498
30609,39.430827,-84.599573,280,21611.296957520455
30609,39.431318,-84.599589,281,21666.15695623439
30609,39.43131,-84.599371,282,21685.061025889434
30609,39.431322,-84.59903,283,21714.628508058835
30609,39.431534,-84.598799,284,21745.629736797076
30609,39.43174,-84.59845,285,21783.620216144624
30609,39.431745,-84.598353,286,21792.040760112024
30609,39.431774,-84.59823,287,21803.176370097382
30609,39.431824,-84.598146,288,21812.348578733192
30609,39.431841,-84.598083,289,21818.126470334562
30609,39.431908,-84.59795,290,21831.864040970362
30609,39.432054,-84.598067,291,21851.064098409042
30609,39.431947,-84.598315,292,21875.646304797738
30609,39.431751,-84.598505,293,21903.034711512424
30609,39.431559,-84.598813,294,21937.264191719263
30609,39.431386,-84.599053,295,21965.64648057645
30609,39.431385,-84.599646,296,22017.011618463865
30609,39.43111,-84.599671,297,22047.80411471536
30609,39.430513,-84.599662,298,22114.490876035743
30609,39.429932,-84.599712,299,22179.53031401694
30609,39.429795,-84.599868,300,22199.944930425776
30609,39.42963,-84.60016,301,22231.24041022616
30609,39.42968,-84.60057,302,22267.19142868944
30609,39.42982,-84.601,303,22307.587722009073
30609,39.42995,-84.60143,304,22347.56481820892
30609,39.43008,-84.60198,305,22397.369665594542
30609,39.43018,-84.60254,306,22447.14628582138
30609,39.43025,-84.60306,307,22492.862208109218
30609,39.43029,-84.60396,308,22570.94791505814
30609,39.43029,-84.60433,309,22602.997186815588
30609,39.43027,-84.60474,310,22638.581417125857
30609,39.43021,-84.60518,311,22677.27876621688
30609,39.43011,-84.60572,312,22725.36847942611
30609,39.43003,-84.60615,313,22763.671788199474
30609,39.42994,-84.6066,314,22803.926053884417
30609,39.42986,-84.60698,315,22838.032877645965
30609,39.42973,-84.60773,316,22904.600692377204
30609,39.42966,-84.60817,317,22943.507148100613
30609,39.42963,-84.60856,318,22977.454687958765
30609,39.42964,-84.60896,319,23012.120632057697
30609,39.42965,-84.60935,320,23045.92081347575
30609,39.42966,-84.60982,321,23086.647405343465
30609,39.42965,-84.61031,322,23129.105735598845
30609,39.42962,-84.61098,323,23187.237530369315
30609,39.4296,-84.61148,324,23230.604886402605
30609,39.42956,-84.61215,325,23288.811687004076
30609,39.42953,-84.61293,326,23356.457918893357
30609,39.42951,-84.61335,327,23392.906597547997
30609,39.42948,-84.61389,328,23439.800938535667
30609,39.42944,-84.61451,329,23493.690461558737
30609,39.42942,-84.61512,330,23546.575446447554
30609,39.42943,-84.6156,331,23588.167687985693
30609,39.42944,-84.61601,332,23623.699112259772
30609,39.42948,-84.61645,333,23662.07248266943
30609,39.42952,-84.61688,334,23699.58564212204
30609,39.42958,-84.6173,335,23736.577664114197
30609,39.42964,-84.61769,336,23771.017285391103
30609,39.42978,-84.61862,337,23853.07615736159
30609,39.42986,-84.61923,338,23906.663524080657
30609,39.4299,-84.61963,339,23941.597643209323
30609,39.42995,-84.62018,340,23989.563768469317
30609,39.42999,-84.62066,341,24031.379712523445
30609,39.43007,-84.62156,342,24109.8460890274
30609,39.43011,-84.62203,343,24150.800760314116
30609,39.43014,-84.62246,344,24188.19668967329
30609,39.430245,-84.623615,345,24288.924686248723
30609,39.43025,-84.62367,346,24293.721249318907
30609,39.43031,-84.62436,347,24353.861546483236
30609,39.43036,-84.62497,348,24406.992156301767
30609,39.43042,-84.62575,349,24474.88474865502
30609,39.4305,-84.62668,350,24555.932164342303
30609,39.43055,-84.62739,351,24617.682801863084
30609,39.43059,-84.62809,352,24678.47850450496
30609,39.43064,-84.62873,353,24734.19335418086
30609,39.43066,-84.62917,354,24772.369768555483
30609,39.430729,-84.63033,355,24873.139175039436
30609,39.43073,-84.63035,356,24874.87508464874
30609,39.43078,-84.63108,357,24938.350577377274
30609,39.430845,-84.63224,358,25039.08633680685
30609,39.43086,-84.63251,359,25062.532377728927
30609,39.43091,-84.63335,360,25135.503068041486
30609,39.43094,-84.63378,361,25172.8979220882
30609,39.431,-84.6345,362,25235.619627768
30609,39.43107,-84.63507,363,25285.60520317297
30609,39.43114,-84.6356,364,25332.171901739224
30609,39.4312,-84.63611,365,25376.85065043683
30609,39.43131,-84.63686,366,25442.962858348805
30609,39.43137,-84.63726,367,25478.25060718132
30609,39.43145,-84.63762,368,25510.686547813297
30609,39.43156,-84.63803,369,25548.263333727755
30609,39.43171,-84.63858,370,25598.760817544488
30609,39.4318,-84.63892,371,25629.877643359694
30609,39.43189,-84.63925,372,25660.176015655285
30609,39.43204,-84.63967,373,25700.225850571165
30609,39.43221,-84.6401,374,25742.02993833411
30609,39.43235,-84.64042,375,25773.852439086455
30609,39.43253,-84.6408,376,25812.41936848523
30609,39.43286,-84.64148,377,25881.897342063337
30609,39.43304,-84.64178,378,25914.750108890432
30609,39.43323,-84.64207,379,25947.63165028249
30609,39.43345,-84.64239,380,25984.670826436002
30609,39.43389,-84.64302,381,26058.103093527323
30609,39.43409,-84.64337,382,26095.75776194729
30609,39.43428,-84.64376,383,26135.648285056668
30609,39.43448,-84.64421,384,26180.569920773465
30609,39.43472,-84.64473,385,26232.97995014592
30609,39.43504,-84.64545,386,26304.854054580293
30609,39.43551,-84.64644,387,26405.388569935934
30609,39.43585,-84.64708,388,26472.577404362146
30609,39.43603,-84.64739,389,26506.118155138007
30609,39.43636,-84.64798,390,26569.12143006687
30609,39.43654,-84.64835,391,26606.949903005327
30609,39.43674,-84.64889,392,26658.777752227692
30609,39.4369,-84.64941,393,26707.22848746243
30609,39.43706,-84.64996,394,26758.10309380998
30609,39.43723,-84.65056,395,26813.426220845104
30609,39.43747,-84.65137,396,26888.5227176997
30609,39.437789,-84.652457,397,26989.17782279177
30609,39.43779,-84.65246,398,26989.46062296371
30609,39.43791,-84.6529,399,27029.85449058728
30609,39.43813,-84.65367,400,27100.921916844607
30609,39.43839,-84.65457,401,27184.0982468176
30609,39.43864,-84.65544,402,27264.449795619126
30609,39.43875,-84.65584,403,27301.204741209483
30609,39.439,-84.65671,404,27381.555766543755
30609,39.43916,-84.65727,405,27433.240177749634
30609,39.43933,-84.65788,406,27489.375403883798
30609,39.43949,-84.65839,407,27537.020026412934
30609,39.43972,-84.65922,408,27613.35083144523
30609,39.44002,-84.66029,409,27711.884726060216
30609,39.44022,-84.66096,410,27774.05774794623
30609,39.44039,-84.66149,411,27823.727558670005
30609,39.44061,-84.66216,412,27886.737169220163
30609,39.4408,-84.66271,413,27938.879782544533
30609,39.44102,-84.66326,414,27992.473231714954
30609,39.44117,-84.66361,415,28027.10431918087
30609,39.44146,-84.66416,416,28084.702279145775
30609,39.44169,-84.66459,417,28129.93980758407
30609,39.44187,-84.66494,418,28166.309792858858
30609,39.44204,-84.66543,419,28212.79634056277
30609,39.44215,-84.66588,420,28253.655537501778
30609,39.44219,-84.66623,421,28284.291806452045
30609,39.44221,-84.66667,422,28322.45968016898
30609,39.4422,-84.66733,423,28379.624225251002
30609,39.442182,-84.668493,424,28480.355799209356
30609,39.44218,-84.66862,425,28491.35578988923
30609,39.44217,-84.66903,426,28526.877798641326
30609,39.44216,-84.66973,427,28587.50539312831
30609,39.44215,-84.67058,428,28661.12051939382
30609,39.44215,-84.67104,429,28700.954671860123
30609,39.44214,-84.67197,430,28781.4966012002
30609,39.44213,-84.67267,431,28842.123951658734
30609,39.44213,-84.67309,432,28878.494161134775
30609,39.44214,-84.67357,433,28920.075084712465
30609,39.44216,-84.67398,434,28955.649471436438
30609,39.44219,-84.67442,435,28993.898522493404
30609,39.44225,-84.67494,436,29039.423986971444
30609,39.44232,-84.67534,437,29074.93336040322
30609,39.44242,-84.67586,438,29121.327115109412
30609,39.44255,-84.67644,439,29173.608525455154
30609,39.44267,-84.67685,440,29211.55757711563
30609,39.44284,-84.67739,441,29262.02594849049
30609,39.44309,-84.67806,442,29326.41264868601
30609,39.443488,-84.679103,443,29427.075078342765
30609,39.44364,-84.6795,444,29465.415428567205
30609,39.44383,-84.67999,445,29512.85607839928
30609,39.44408,-84.68061,446,29573.369553878507
30609,39.44424,-84.68092,447,29605.616736011423
30609,39.44442,-84.68128,448,29642.709583549433
30609,39.4446,-84.6816,449,29676.94296284005
30609,39.44481,-84.68194,450,29714.583691011903
30609,39.4452,-84.68251,451,29780.4107310128
30609,39.44537,-84.68283,452,29814.00013575606
30609,39.44537,-84.68331,453,29855.56349699807
30609,39.44577,-84.68357,454,29905.588339248443
30609,39.4462,-84.68383,455,29958.626501206643
30609,39.44665,-84.68415,456,30016.01530219577
30609,39.44729,-84.68459,457,30097.01109966418
30609,39.448083,-84.685137,458,30197.443564899197
30609,39.448876,-84.685684,459,30297.875689738026
30609,39.449458,-84.685954,460,30366.950299376615
30609,39.449458,-84.685954,461,30366.950299376615
30609,39.450235,-84.686538,462,30467.38388960715
30609,39.451012,-84.687122,463,30567.817103894307
30609,39.451789,-84.687706,464,30668.249942245813
30609,39.4519,-84.68779,465,30682.622432168
30609,39.45231,-84.68807,466,30734.433070286068
30609,39.4529,-84.68848,467,30809.278188141066
30609,39.45364,-84.68894,468,30901.017494827403
30609,39.4539,-84.68912,469,30933.972127297413
30609,39.45453,-84.68957,470,31014.39741831213
30609,39.45499,-84.6899,471,31073.180517435754
30609,39.45526,-84.69012,472,31108.84602930122
30609,39.45562,-84.69037,473,31154.50672006707
30609,39.4561,-84.6907,474,31215.251266195606
30609,39.4564,-84.69091,475,31253.37031814598
30609,39.45674,-84.69114,476,31296.245836552105
30609,39.45722,-84.69147,477,31356.990093326214
30609,39.45749,-84.69166,478,31391.33845074857
30609,39.45773,-84.69182,479,31421.50932758531
30609,39.45801,-84.69201,480,31456.842066051584
30609,39.45834,-84.69225,481,31499.149826963818
30609,39.45858,-84.69242,482,31529.72773369451
30609,39.45882,-84.69261,483,31561.175607265523
30609,39.45908,-84.69285,484,31596.88031254726
30609,39.4593,-84.69306,485,31627.444595753674
30609,39.45952,-84.69327,486,31658.008834736218
30609,39.46024,-84.693965,487,31758.436284774878
30609,39.46037,-84.69409,488,31776.5437868803
30609,39.46095,-84.69465,489,31857.450460433083
30609,39.46138,-84.69506,490,31917.165567120122
30609,39.46164,-84.69531,491,31953.380281824197
30609,39.46218,-84.69582,492,32028.120467275163
30609,39.46262,-84.69624,493,32089.247742205414
30609,39.46291,-84.69652,494,32129.700512460488
30609,39.46334,-84.69694,495,32189.93339362577
30609,39.46369,-84.69727,496,32238.347207575258
30609,39.46391,-84.69748,497,32268.910563248966
30609,39.46421,-84.69778,498,32311.300522340185
30609,39.464933,-84.69847,499,32411.735290874658
30609,39.46551,-84.69902,500,32491.854119708434
30609,39.46608,-84.69958,501,32571.866700104893
30609,39.46652,-84.69999,502,32632.481550966313
30609,39.46695,-84.70041,503,32692.712966749
30609,39.4673,-84.70074,504,32741.125643861793
30609,39.46786,-84.70127,505,32818.687970922496
30609,39.46854,-84.70193,506,32913.71844512799
30609,39.46883,-84.70221,507,32954.16962005491
30609,39.46927,-84.70262,508,33014.78340080184
30609,39.46984,-84.70317,509,33094.272543749925
30609,39.470558,-84.703869,510,33194.72249784013
30609,39.47056,-84.70387,511,33194.962038269136
30609,39.47114,-84.70442,512,33275.34761999684
30609,39.471866,-84.705106,513,33375.84241421549
30609,39.47187,-84.70511,514,33376.407583254615
30609,39.4723,-84.70553,515,33436.63682969724
30609,39.473025,-84.706217,516,33537.091995053255
30609,39.47305,-84.70624,517,33540.52096257024
30609,39.4734,-84.70657,518,33588.931721458895
30609,39.47373,-84.7069,519,33635.55762171915
30609,39.47436,-84.70749,520,33722.49271347649
30609,39.47462,-84.70774,521,33758.704312442715
30609,39.47501,-84.70811,522,33812.76412534763
30609,39.47545,-84.70854,523,33874.4048979543
30609,39.47577,-84.70885,524,33919.09231870881
30609,39.47615,-84.70921,525,33971.73930818433
30609,39.47645,-84.7095,526,34013.601117711965
30609,39.4768,-84.70983,527,34062.010806823164
30609,39.47728,-84.71029,528,34128.78238549746
30609,39.47751,-84.7105,529,34160.24782888338
30609,39.47783,-84.71079,530,34203.91735863876
30609,39.4781,-84.71104,531,34241.029612246195
30609,39.47851,-84.71143,532,34297.91305405676
30609,39.479244,-84.712101,533,34398.36924365387
30609,39.47955,-84.71238,534,34440.21189025932
30609,39.48024,-84.71301,535,34534.6067499429
30609,39.48058,-84.71333,536,34581.60299898608
30609,39.48102,-84.71373,537,34641.709676480496
30609,39.48154,-84.71421,538,34713.10896181896
30609,39.48221,-84.71482,539,34804.67976086722
30609,39.482945,-84.715489,540,34905.124922281975
30609,39.4831,-84.71563,541,34926.30310583949
30609,39.48339,-84.7159,542,34966.23796103624
30609,39.4837,-84.71618,543,35008.49470884499
30609,39.484434,-84.716851,544,35108.94764964445
30609,39.48452,-84.71693,545,35120.7364230212
30609,39.48477,-84.71716,546,35155.02359158017
30609,39.48516,-84.71752,547,35208.57181383704
30609,39.48551,-84.71785,548,35256.97878713275
30609,39.48581,-84.71812,549,35297.82391989149
30609,39.486399,-84.717037,550,35412.32057689863
30609,39.486937,-84.716414,551,35493.04325370404
30609,39.487624,-84.71591,552,35581.294141064274
30609,39.488355,-84.715641,553,35666.18287070409
30609,39.488792,-84.715582,554,35715.25149165314
30609,39.489236,-84.715575,555,35764.8392254686
30609,39.489452,-84.715573,556,35788.961808957596
30609,39.489589,-84.715609,557,35804.575295352704
30609,39.490082,-84.715808,558,35862.261429149716
30609,39.490327,-84.715848,559,35889.840034673005
30609,39.490602,-84.715824,560,35920.62098915698
30609,39.491072,-84.715674,561,35974.68956249172
30609,39.491148,-84.715709,562,35983.70105738082
30609,39.491373,-84.716529,563,36058.97216943243
30609,39.491417,-84.71675,564,36078.71611931308
30609,39.491528,-84.718359,565,36218.49039734479
30609,39.491553,-84.718848,566,36260.8944796374
30609,39.491533,-84.719282,567,36298.51386061182
30609,39.491561,-84.71949,568,36316.781223817896
30609,39.491499,-84.719899,569,36352.84197427174
30609,39.491417,-84.720114,570,36373.57710042778
30609,39.491268,-84.720355,571,36400.25539083361
30609,39.49109,-84.720521,572,36424.77996279663
30609,39.490916,-84.720548,573,36444.3513399551
30609,39.49075,-84.720553,574,36462.89442361491
30609,39.490506,-84.720521,575,36490.283425981506
30609,39.490373,-84.720548,576,36505.318811054414
30609,39.4902,-84.720623,577,36525.69941588644
30609,39.490022,-84.720736,578,36547.85219542356
30609,39.48986,-84.720956,579,36574.114028773314
30609,39.48957,-84.72151,580,36631.96584742084
30609,39.48983,-84.72175,581,36667.66360084567
30609,39.49023,-84.72212,582,36722.62185548896
30609,39.49045,-84.72233,583,36753.17990138413
30609,39.491066,-84.722798,584,36833.00557271917
30609,39.491066,-84.722798,585,36833.00557271917
30609,39.49133,-84.72313,586,36874.169182398015
30609,39.49199,-84.72372,587,36963.82765447811
30609,39.49239,-84.72407,588,37017.79540234785
30609,39.49278,-84.72442,589,37070.8423829613
30609,39.4934,-84.725,590,37156.35488168341
30609,39.49378,-84.72534,591,37207.99075490949
30609,39.49409,-84.72561,592,37249.75473177132
30609,39.49469,-84.72614,593,37330.94884615624
30609,39.49523,-84.72658,594,37402.26419600011
30609,39.495994,-84.727193,595,37502.724638936495
30609,39.49604,-84.72723,596,37508.77748039564
30609,39.49657,-84.72765,597,37578.229693319845
30609,39.49696,-84.72796,598,37629.37867064616
30609,39.49743,-84.72834,599,37691.31223115375
30609,39.49797,-84.72876,600,37761.71805318507
30609,39.49822,-84.72896,601,37794.56393185575
30609,39.49884,-84.72944,602,37875.30084613914
30609,39.4993,-84.72979,603,37934.93125049016
30609,39.49991,-84.73025,604,38013.825281365636
30609,39.50041,-84.73056,605,38075.769038122904
30609,39.5004,-84.73095,606,38109.52838241278
30609,39.50041,-84.7317,607,38174.42422232801
30609,39.50043,-84.73255,608,38247.99575526247
30609,39.500448,-84.733073,609,38293.287591143366
30609,39.500659,-84.733083,610,38316.86642928125
30609,39.502917,-84.732991,611,38569.14920922029
30609,39.503645,-84.733024,612,38650.4971256591
30609,39.505478,-84.733005,613,38855.19998168821
30609,39.506812,-84.732968,614,39004.20589350047
30609,39.50706,-84.732901,615,39032.500736525806
30609,39.507126,-84.73295,616,39041.003113550505
30609,39.507241,-84.732976,617,39054.0409543414
30609,39.507248,-84.733996,618,39142.280645595005
30609,39.50728,-84.736062,619,39321.03751930909
30609,39.507313,-84.738424,620,39525.39686528214
30609,39.507318,-84.738523,621,39533.97907955487
30609,39.507311,-84.738596,622,39540.34216929479
30609,39.507329,-84.739306,623,39601.793817440426
30609,39.507369,-84.741984,624,39833.497389238735
30609,39.507402,-84.742326,625,39863.31066530769
30609,39.507364,-84.742469,626,39876.38846224009
30609,39.507189,-84.742483,627,39895.96841518589
30609,39.502533,-84.7426,628,40416.00807278457
30609,39.500814,-84.742649,629,40608.01766302949
30609,39.500591,-84.742688,630,40633.14786836512
30609,39.500615,-84.744281,631,40770.98936699151
30609,39.500113,-84.744288,632,40827.05144055812
30609,39.500023,-84.744104,633,40845.8772121239
30609,39.499993,-84.743632,634,40886.84894041261
30610,39.499993,-84.743632,0,0
30610,39.500029,-84.743429,1,18.016567070748017
30610,39.500035,-84.742891,2,64.56587013528895
30610,39.500076,-84.742681,3,83.30183258413814
30610,39.500161,-84.742587,4,95.80116874304257
30610,39.500254,-84.742633,5,106.92297000859948
30610,39.50061,-84.742624,6,146.68554098759756
30610,39.501199,-84.742618,7,212.46192591537897
30610,39.504024,-84.742529,8,528.0270271692157
30610,39.507358,-84.742456,9,900.3924178725154
30610,39.507335,-84.741937,10,945.3618417964824
30610,39.507275,-84.741834,11,956.5100253041232
30610,39.507335,-84.741725,12,968.0772439273258
30610,39.507256,-84.738269,13,1267.1693396338444
30610,39.507219,-84.738139,14,1279.1500905571038
30610,39.507264,-84.738033,15,1289.6063945476496
30610,39.507261,-84.736165,16,1451.1992294912448
30610,39.507224,-84.733006,17,1724.502811739792
30610,39.507025,-84.733027,18,1746.7998275877055
30610,39.506889,-84.733053,19,1762.1529689741883
30610,39.506743,-84.733032,20,1778.5580921310116
30610,39.502302,-84.733092,21,2274.5241586955844
30610,39.50199,-84.733178,22,2310.15158502966
30610,39.501578,-84.733121,23,2356.4242829732393
30610,39.500446,-84.733141,24,2482.8497240777674
30610,39.50041,-84.73056,25,2706.180809575502
30610,39.49999,-84.73031,26,2757.830357037932
30610,39.49948,-84.72993,27,2823.591467755283
30610,39.49905,-84.7296,28,2879.4574374584804
30610,39.49834,-84.72905,29,2971.928508825766
30610,39.49797,-84.72876,30,3020.2689348676126
30610,39.49766,-84.72852,31,3060.637536988574
30610,39.49696,-84.72796,32,3152.6063741830712
30610,39.49657,-84.72765,33,3203.755351509387
30610,39.49613,-84.72731,34,3261.0244524752993
30610,39.495369,-84.726692,35,3361.4301638335955
30610,39.49523,-84.72658,36,3379.7292997380177
30610,39.49469,-84.72614,37,3451.0446495818883
30610,39.49431,-84.72581,38,3502.19224220714
30610,39.49378,-84.72534,39,3574.0035667819893
30610,39.4934,-84.725,40,3625.6394400080753
30610,39.49281,-84.72447,41,3705.915083257623
30610,39.49257,-84.72429,42,3736.9135672523835
30610,39.49225,-84.72401,43,3780.0877055317255
30610,39.49177,-84.7236,44,3844.3675077144117
30610,39.4913,-84.72318,45,3908.2077845338276
30610,39.491012,-84.722984,46,3944.567548858567
30610,39.490852,-84.722796,47,3968.73128913691
30610,39.490401,-84.72239,48,4030.1382133306292
30610,39.48997,-84.72199,49,4089.422527374649
30610,39.489516,-84.721558,50,4152.413364725944
30610,39.48904,-84.72114,51,4216.709013207545
30610,39.48859,-84.72071,52,4279.238115733974
30610,39.48834,-84.72044,53,4315.642882059408
30610,39.48804,-84.72016,54,4356.988446596406
30610,39.48763,-84.71978,55,4413.359266028438
30610,39.486894,-84.719113,56,4513.793231805606
30610,39.486158,-84.718445,57,4614.277407881261
30610,39.48613,-84.71842,58,4618.079735465704
30610,39.48581,-84.71812,59,4662.250008027982
30610,39.486347,-84.717168,60,4764.147040358298
30610,39.486784,-84.716555,61,4836.226711757946
30610,39.487364,-84.716073,62,4913.266014160302
30610,39.487807,-84.71581,63,4967.721933769527
30610,39.488446,-84.715616,64,5041.030703629241
30610,39.48904,-84.71559,65,5107.404239865997
30610,39.489541,-84.7156,66,5163.360481455448
30610,39.489992,-84.715788,67,5216.288240315896
30610,39.490413,-84.715832,68,5263.457621376272
30610,39.490775,-84.715778,69,5304.153366530842
30610,39.491075,-84.715638,70,5339.778951419845
30610,39.491373,-84.716529,71,5423.7518270542005
30610,39.49144,-84.716979,72,5463.401881468648
30610,39.491553,-84.718744,73,5616.644119994869
30610,39.491561,-84.71949,74,5681.19994468919
30610,39.491512,-84.719849,75,5712.741655588738
30610,39.491373,-84.720193,76,5746.311653292653
30610,39.491201,-84.720396,77,5772.340204659659
30610,39.490961,-84.72053,78,5801.542684930408
30610,39.490678,-84.720531,79,5833.14680518677
30610,39.490414,-84.720516,80,5862.657540340965
30610,39.490181,-84.720601,81,5889.697312082276
30610,39.489959,-84.72079,82,5919.397301482072
30610,39.489634,-84.721412,83,5984.3128101261655
30610,39.489456,-84.721531,84,6006.699603907943
30610,39.48551,-84.71785,85,6550.43599156492
30610,39.48525,-84.71761,86,6586.134712616028
30610,39.48477,-84.71716,87,6652.390528830892
30610,39.48452,-84.71693,88,6686.677697389864
30610,39.483786,-84.716259,89,6787.130584315968
30610,39.4837,-84.71618,90,6798.919411866302
30610,39.48339,-84.7159,91,6841.176159675054
30610,39.4831,-84.71563,92,6881.111014871802
30610,39.48243,-84.71502,93,6972.681308854501
30610,39.48176,-84.7144,94,7064.753593363682
30610,39.48122,-84.71391,95,7138.475283252604
30610,39.48075,-84.71348,96,7202.8162898617065
30610,39.48024,-84.71301,97,7272.804148633812
30610,39.47963,-84.71246,98,7355.908373070113
30610,39.478897,-84.711786,99,7456.4236607886205
30610,39.47851,-84.71143,100,7509.500166158145
30610,39.47829,-84.71121,101,7540.583066141344
30610,39.47783,-84.71079,102,7603.513692784377
30610,39.47751,-84.7105,103,7647.183222539759
30610,39.47728,-84.71029,104,7678.648665925674
30610,39.4768,-84.70983,105,7745.420244599971
30610,39.47645,-84.7095,106,7793.829933711167
30610,39.47621,-84.70926,107,7827.739033386773
30610,39.47592,-84.70899,108,7867.675713592868
30610,39.47565,-84.70872,109,7905.823594174348
30610,39.47501,-84.70811,110,7994.681658276994
30610,39.47478,-84.70789,111,8026.65533753173
30610,39.47436,-84.70749,112,8084.952666897113
30610,39.47373,-84.7069,113,8171.887758654451
30610,39.4734,-84.70657,114,8218.513658914702
30610,39.47305,-84.70624,115,8266.924417803357
30610,39.472325,-84.705553,116,8367.379566899168
30610,39.4723,-84.70553,117,8370.808550135544
30610,39.47187,-84.70511,118,8431.037796578174
30610,39.47129,-84.70456,119,8511.422995864674
30610,39.470564,-84.703874,120,8611.91816621291
30610,39.47056,-84.70387,121,8612.483340326502
30610,39.469842,-84.703171,122,8712.933293205135
30610,39.46984,-84.70317,123,8713.172834216055
30610,39.46932,-84.70267,124,8785.598388293978
30610,39.46883,-84.70221,125,8853.273279671379
30610,39.46854,-84.70193,126,8893.724454598301
30610,39.46786,-84.70127,127,8988.754928803795
30610,39.4673,-84.70074,128,9066.317255864496
30610,39.46695,-84.70041,129,9114.72993297729
30610,39.46668,-84.70015,130,9152.356102361986
30610,39.46623,-84.69972,131,9214.894373341027
30610,39.465512,-84.699021,132,9315.34724587517
30610,39.46551,-84.69902,133,9315.586790357263
30610,39.464787,-84.69833,134,9416.021178000876
30610,39.46421,-84.69778,135,9496.140387201282
30610,39.46392,-84.6975,136,9536.592806462333
30610,39.46369,-84.69727,137,9569.09183226243
30610,39.4634,-84.69699,138,9609.544392286414
30610,39.46291,-84.69652,139,9677.734813615458
30610,39.46262,-84.69624,140,9718.187583870531
30610,39.46233,-84.69597,141,9758.127746774046
30610,39.46174,-84.69541,142,9839.930527910847
30610,39.46147,-84.69515,143,9877.557999395449
30610,39.46114,-84.69484,144,9923.147656420751
30610,39.460422,-84.694141,145,10023.603961805373
30610,39.46037,-84.69409,146,10030.899023787531
30610,39.45966,-84.69341,147,10129.654921217283
30610,39.4594,-84.69316,148,10165.870111525594
30610,39.45915,-84.69291,149,10201.196243301767
30610,39.45885,-84.69264,150,10242.048104654154
30610,39.45858,-84.69242,151,10277.712950538637
30610,39.45834,-84.69225,152,10308.290857269332
30610,39.45801,-84.69201,153,10350.598618181566
30610,39.45773,-84.69182,154,10385.931356647841
30610,39.45749,-84.69166,155,10416.10223348458
30610,39.45722,-84.69147,156,10450.450590906936
30610,39.45674,-84.69114,157,10511.194847681047
30610,39.4564,-84.69091,158,10554.070366087173
30610,39.4561,-84.6907,159,10592.189418037544
30610,39.45585,-84.69053,160,10623.751163022796
30610,39.45547,-84.69026,161,10672.201547427625
30610,39.45514,-84.69003,162,10714.091453136278
30610,39.45474,-84.6898,163,10763.00067246169
30610,39.4545,-84.68964,164,10793.171917743108
30610,39.45423,-84.68945,165,10827.520722214153
30610,39.45387,-84.68921,166,10872.777695834595
30610,39.45361,-84.68902,167,10906.150479333211
30610,39.45306,-84.68865,168,10975.426261121438
30610,39.45248,-84.68819,169,11051.465314952797
30610,39.4519,-84.68779,170,11124.917089675708
30610,39.451097,-84.687268,171,11225.341535455636
30610,39.450295,-84.686745,172,11325.70561479563
30610,39.449492,-84.686223,173,11426.130693695892
30610,39.449201,-84.686034,174,11462.51737097972
30610,39.449201,-84.686034,175,11462.51737097972
30610,39.448425,-84.685448,176,11562.942325026164
30610,39.447649,-84.684861,177,11663.411432677824
30610,39.44729,-84.68459,178,11709.866821217574
30610,39.44665,-84.68415,179,11790.862618685984
30610,39.4462,-84.68383,180,11848.251419675113
30610,39.44577,-84.68357,181,11901.289581633311
30610,39.44537,-84.68331,182,11951.314423883683
30610,39.44539,-84.6829,183,11986.886649944263
30610,39.4452,-84.68251,184,12026.77019974828
30610,39.44493,-84.68212,185,12072.043854097794
30610,39.44466,-84.6817,186,12119.287028526804
30610,39.44442,-84.68128,187,12164.465527587674
30610,39.44424,-84.68092,188,12201.558375125682
30610,39.44408,-84.68061,189,12233.8055572586
30610,39.44383,-84.67999,190,12294.319032737825
30610,39.44364,-84.6795,191,12341.7596825699
30610,39.443242,-84.678457,192,12442.421873235906
30610,39.44309,-84.67806,193,12480.762461778042
30610,39.44284,-84.67739,194,12545.149161973564
30610,39.44267,-84.67685,195,12595.617533348424
30610,39.44255,-84.67644,196,12633.566585008897
30610,39.44242,-84.67586,197,12685.84799535464
30610,39.44232,-84.67534,198,12732.24175006083
30610,39.44225,-84.67494,199,12767.751123492606
30610,39.44219,-84.67442,200,12813.276587970644
30610,39.44216,-84.67398,201,12851.525639027608
30610,39.44214,-84.67357,202,12887.100025751583
30610,39.44213,-84.67309,203,12928.680949329273
30610,39.44213,-84.67267,204,12965.051158805314
30610,39.44214,-84.67221,205,13004.9008747098
30610,39.44215,-84.671047,206,13105.618078277945
30610,39.44215,-84.67104,207,13106.224249948636
30610,39.44215,-84.67058,208,13146.058402414943
30610,39.44216,-84.66973,209,13219.673528680449
30610,39.44217,-84.66903,210,13280.301123167434
30610,39.44218,-84.66862,211,13315.823131919531
30610,39.442199,-84.667457,212,13416.556979427416
30610,39.4422,-84.6674,213,13421.494235619642
30610,39.44221,-84.66694,214,13461.344229736884
30610,39.4422,-84.66637,215,13510.71684569097
30610,39.44217,-84.66598,216,13544.655292506166
30610,39.44209,-84.66559,217,13579.589872148545
30610,39.44198,-84.66521,218,13614.715151952638
30610,39.44181,-84.66481,219,13654.216156355027
30610,39.4416,-84.66442,220,13695.3341660927
30610,39.44131,-84.66389,221,13751.508279937858
30610,39.44109,-84.66344,222,13797.576810043669
30610,39.4408,-84.66271,223,13868.607765972796
30610,39.44061,-84.66216,224,13920.750379297167
30610,39.44039,-84.66149,225,13983.759989847325
30610,39.44022,-84.66096,226,14033.4298005711
30610,39.44002,-84.66029,227,14095.602822457113
30610,39.43972,-84.65922,228,14194.136717072099
30610,39.43949,-84.65839,229,14270.467522104394
30610,39.43933,-84.65788,230,14318.112144633531
30610,39.43916,-84.65727,231,14374.247370767695
30610,39.439,-84.65671,232,14425.931781973575
30610,39.43875,-84.65584,233,14506.282807307849
30610,39.43864,-84.65544,234,14543.037752898206
30610,39.43841,-84.65465,235,14616.117293896341
30610,39.43813,-84.65367,236,14706.566336823336
30610,39.43791,-84.6529,237,14777.633763080665
30610,39.43779,-84.65246,238,14818.027630704235
30610,39.43752,-84.65156,239,14901.601336645828
30610,39.43723,-84.65056,240,14994.064348271451
30610,39.43706,-84.64996,241,15049.387475306574
30610,39.43696,-84.64963,242,15080.071995469354
30610,39.43674,-84.64889,243,15148.708856279523
30610,39.43657,-84.64841,244,15194.410374195399
30610,39.43636,-84.64798,245,15238.421378134186
30610,39.43603,-84.64739,246,15301.42465306305
30610,39.43585,-84.64708,247,15334.965403838913
30610,39.43565,-84.64671,248,15374.027184927249
30610,39.435172,-84.645726,249,15474.59017275214
30610,39.43513,-84.64564,250,15483.392527147395
30610,39.43472,-84.64473,251,15574.543484480038
30610,39.43448,-84.64421,252,15626.953513852495
30610,39.43428,-84.64376,253,15671.875149569292
30610,39.43409,-84.64337,254,15711.76567267867
30610,39.43391,-84.64306,255,15745.307232698608
30610,39.4336,-84.64261,256,15797.439685110809
30610,39.43323,-84.64207,257,15859.850717729563
30610,39.43304,-84.64178,258,15892.732259121622
30610,39.43286,-84.64148,259,15925.585025948718
30610,39.43267,-84.64109,260,15965.476275842362
30610,39.43248,-84.64069,261,16006.103641769409
30610,39.43221,-84.6401,262,16065.43926473875
30610,39.43204,-84.63967,263,16107.243352501697
30610,39.43189,-84.63925,264,16147.293187417576
30610,39.4318,-84.63892,265,16177.591559713166
30610,39.43171,-84.63858,266,16208.708385528373
30610,39.43156,-84.63803,267,16259.205869345105
30610,39.43145,-84.63762,268,16296.782655259563
30610,39.43137,-84.63726,269,16329.218595891543
30610,39.43131,-84.63686,270,16364.506344724059
30610,39.43124,-84.6364,271,16405.108677762266
30610,39.43117,-84.63588,272,16450.821637081957
30610,39.43107,-84.63507,273,16521.862828730682
30610,39.431,-84.6345,274,16571.848404135653
30610,39.43094,-84.63378,275,16634.570109815453
30610,39.43091,-84.63335,276,16671.964963862167
30610,39.43087,-84.63265,277,16732.759898765118
30610,39.430803,-84.63149,278,16833.511905364412
30610,39.43079,-84.63126,279,16853.486294167607
30610,39.43073,-84.63035,280,16932.590802645205
30610,39.43067,-84.62919,281,17033.28830951459
30610,39.43064,-84.62873,282,17073.272274267576
30610,39.43059,-84.62809,283,17128.987123943476
30610,39.43055,-84.62739,284,17189.782826585353
30610,39.43051,-84.62687,285,17235.044341756533
30610,39.43042,-84.62575,286,17332.574234371543
30610,39.43037,-84.62506,287,17392.600109757317
30610,39.43033,-84.62459,288,17433.554439334413
30610,39.43025,-84.62375,289,17506.859332922308
30610,39.43017,-84.62274,290,17594.797862082713
30610,39.43012,-84.62215,291,17646.206366765244
30610,39.43007,-84.62156,292,17697.614954520006
30610,39.42999,-84.62066,293,17776.08133102396
30610,39.42995,-84.62018,294,17817.89727507809
30610,39.4299,-84.61963,295,17865.863400338083
30610,39.42986,-84.61923,296,17900.79751946675
30610,39.42978,-84.61862,297,17954.384886185817
30610,39.42964,-84.61769,298,18036.443758156303
30610,39.42958,-84.6173,299,18070.88337943321
30610,39.42952,-84.61688,300,18107.875401425365
30610,39.42948,-84.61645,301,18145.388560877975
30610,39.42944,-84.61601,302,18183.761931287634
30610,39.42943,-84.6156,303,18219.293355561713
30610,39.42942,-84.61512,304,18260.885597099852
30610,39.42944,-84.61451,305,18313.77058198867
30610,39.42947,-84.61405,306,18353.756132510178
30610,39.42951,-84.61337,307,18412.826515944045
30610,39.42953,-84.61293,308,18451.004473550154
30610,39.42956,-84.61215,309,18518.650705439435
30610,39.4296,-84.61148,310,18576.857506040906
30610,39.42962,-84.61108,311,18611.577268763675
30610,39.42964,-84.61058,312,18654.9446387812
30610,39.42966,-84.61007,313,18699.177098709177
30610,39.42966,-84.60956,314,18743.353141976968
30610,39.42965,-84.60912,315,18781.482200287137
30610,39.42963,-84.60866,316,18821.38989777644
30610,39.42965,-84.60829,317,18853.517016735586
30610,39.42973,-84.60773,318,18902.840300278818
30610,39.42986,-84.60698,319,18969.408115010057
30610,39.42994,-84.6066,320,19003.514938771605
30610,39.43003,-84.60615,321,19043.76920445655
30610,39.43011,-84.60572,322,19082.072513229912
30610,39.43021,-84.60518,323,19130.16222643914
30610,39.43027,-84.60479,324,19164.602203801915
30610,39.43029,-84.60433,325,19204.509796807593
30610,39.43029,-84.60396,326,19236.559068565042
30610,39.43026,-84.60324,327,19299.015237632855
30610,39.43023,-84.60286,328,19332.100903283386
30610,39.43013,-84.60225,329,19386.106766165904
30610,39.43001,-84.60169,330,19436.43182653231
30610,39.42989,-84.60124,331,19477.651110965744
30610,39.42974,-84.60077,332,19521.675533050824
30610,39.42963,-84.60039,333,19556.809798411006
30610,39.42966,-84.6,334,19590.757762468467
30610,39.429869,-84.599657,335,19628.542680925468
30610,39.430036,-84.599603,336,19647.77336115648
30610,39.430776,-84.599567,337,19730.48683257305
30610,39.431252,-84.599543,338,19783.694519219574
30610,39.431303,-84.599326,339,19803.335086056228
30610,39.431276,-84.599076,340,19825.19883966863
30610,39.431495,-84.598802,341,19859.281690466396
30610,39.431737,-84.59841,342,19902.681582690126
30610,39.431777,-84.598253,343,19916.9958235547
30610,39.431785,-84.598138,344,19926.99695774458
30610,39.431785,-84.598138,345,19926.99695774458
30610,39.431847,-84.598055,346,19936.97914740817
30610,39.431925,-84.597965,347,19948.669997992085
30610,39.432037,-84.598078,348,19964.5539739981
30610,39.431949,-84.598273,349,19984.096364368655
30610,39.431795,-84.598435,350,20006.295045514387
30610,39.431595,-84.598749,351,20041.49137517122
30610,39.431389,-84.599042,352,20075.748310928742
30610,39.431072,-84.599066,353,20111.216787539328
30610,39.430678,-84.599063,354,20155.22561629753
30610,39.430529,-84.598964,355,20173.94765246201
30610,39.42998,-84.598459,356,20249.27182812373
30610,39.429231,-84.5978,357,20350.551315357992
30610,39.428951,-84.598399,358,20411.134549262588
30610,39.428751,-84.598761,359,20449.63536898899
30610,39.42868,-84.59889,360,20463.337764359905
30610,39.42814,-84.59841,361,20536.596106925444
30610,39.42763,-84.59793,362,20607.121470338083
30610,39.42717,-84.59753,363,20669.093324813173
30610,39.42677,-84.59728,364,20718.743552306456
30610,39.42628,-84.59686,365,20784.46401473036
30610,39.42593,-84.59656,366,20831.407315730918
30610,39.42557,-84.59621,367,20881.767483686854
30610,39.42523,-84.59587,368,20929.82697965987
30610,39.42487174182366,-84.5954302245369,369,20985.077640520034
30610,39.424669564616195,-84.59520491897965,370,21014.9257126867
30610,39.42444018800583,-84.59491708465576,371,21050.676815935036
30610,39.424151,-84.594592,372,21093.53056849843
30610,39.42358,-84.59387,373,21182.8599536417
30610,39.42332,-84.59346,374,21228.739403096308
30610,39.42309,-84.59318,375,21264.071537134307
30610,39.42285,-84.59289,376,21300.8108901249
30610,39.422197,-84.592092,377,21401.305214134576
30610,39.42204,-84.5919,378,21425.475243607227
30610,39.42153,-84.5913,379,21502.59135084327
30610,39.4212,-84.59089,380,21553.78006283277
30610,39.4208,-84.59042,381,21614.229346524753
30610,39.420621,-84.590227,382,21640.293086779562
30610,39.420482,-84.590169,383,21656.61184083218
30610,39.420446,-84.590006,384,21671.294510640964
30610,39.41972,-84.58912,385,21782.95356446897
30610,39.41944,-84.58879,386,21825.32697331585
30610,39.41905,-84.58832,387,21884.956336173902
30610,39.41867,-84.58786,388,21943.178433877092
30610,39.41832,-84.58743,389,21997.180234043753
30610,39.41797,-84.58701,390,22050.58820502086
30610,39.41762,-84.58658,391,22104.59033625962
30610,39.41706,-84.58591,392,22189.92571811665
30610,39.416406,-84.585113,393,22290.446668649984
30610,39.41637,-84.58507,394,22295.92835156591
30610,39.415712,-84.584279,395,22396.419831372772
30610,39.41553,-84.58406,396,22424.228022173695
30610,39.414881,-84.583256,397,22524.76445026052
30610,39.41486,-84.58323,398,22528.016639816848
30610,39.4146,-84.58298,399,22564.246318307003
30610,39.41437,-84.58272,400,22598.41463844582
30610,39.41413,-84.58242,401,22635.754615565438
30610,39.41386,-84.58208,402,22677.91325573424
30610,39.41364,-84.58182,403,22711.25007613233
30610,39.41343,-84.58156,404,22743.77235112469
30610,39.412739,-84.580816,405,22844.335064660012
30610,39.412635,-84.580704,406,22859.471739853583
30610,39.412635,-84.580704,407,22859.471739853583
30610,39.41233,-84.58016,408,22917.62964284179
30610,39.41181,-84.57954,409,22996.747031893985
30610,39.411151,-84.57875,410,23097.26514903788
30610,39.41105,-84.57863,411,23112.607439792962
30610,39.410395,-84.577834,412,23213.15538795542
30610,39.41017,-84.57756,413,23247.728484953695
30610,39.40964,-84.57693,414,23328.25579941322
30610,39.408986,-84.576132,415,23428.842781127303
30610,39.40855,-84.5756,416,23495.90108762436
30610,39.407888,-84.574814,417,23596.432522748793
30610,39.40738,-84.57421,418,23673.627552260274
30610,39.40708,-84.57383,419,23720.608081456536
30610,39.406388,-84.572865,420,23834.48130670448
30610,39.40668,-84.57322,421,23879.315813492984
30610,39.40632,-84.5727,422,23939.709532126966
30610,39.40608,-84.57234,423,23980.84136934048
30610,39.40563,-84.57169,424,24056.334019775495
30610,39.4054,-84.57134,425,24096.08192805753
30610,39.40522,-84.57108,426,24126.279158255475
30610,39.40502,-84.57078,427,24160.556081355528
30610,39.4048,-84.57045,428,24198.26078096919
30610,39.40445,-84.56994,429,24257.265947277097
30610,39.40423,-84.5696,430,24295.63226724323
30610,39.403952,-84.569417,431,24330.50001876591
30610,39.403952,-84.569417,432,24330.50001876591
30610,39.40359,-84.56868,433,24406.090962431706
30610,39.40316,-84.56804,434,24479.459628011828
30610,39.40295,-84.56773,435,24515.12367560455
30610,39.40275,-84.56745,436,24548.106256383548
30610,39.40251,-84.5671,437,24588.586327782148
30610,39.4022,-84.56669,438,24638.199497786252
30610,39.402,-84.56634,439,24675.869858791117
30610,39.40153,-84.56565,440,24755.44208957246
30610,39.40121,-84.56518,441,24809.633008158075
30610,39.40097,-84.56485,442,24848.831856807003
30610,39.40056,-84.56429,443,24915.560042631816
30610,39.40037,-84.56394,444,24952.57961628352
30610,39.4002,-84.56343,445,25000.684214438614
30610,39.40102,-84.563084,446,25097.062827994534
30610,39.400309,-84.560775,447,25312.350946501872
30610,39.400309,-84.560775,448,25312.350946501872
30610,39.4001,-84.56,449,25383.456678882903
30610,39.40039,-84.55985,450,25418.36136451825
30610,39.4007,-84.55969,451,25455.662136945357
30610,39.40133,-84.55937,452,25531.301755815766
30610,39.4012,-84.55894,453,25571.295814552428
30610,39.401064,-84.558659,454,25599.99785992419
30610,39.401064,-84.558659,455,25599.99785992419
30610,39.40088,-84.55785,456,25673.05842826479
30610,39.40047,-84.55801,457,25720.909594692544
30610,39.40008,-84.55821,458,25767.79506411639
30610,39.3998,-84.55834,459,25801.03906647492
30610,39.39935,-84.55857,460,25855.113122240225
30610,39.39892,-84.55878,461,25906.477588471706
30610,39.39833,-84.55909,462,25977.647790658113
30610,39.39786,-84.55928,463,26032.66973448829
30610,39.39757,-84.55948,464,26069.409295940823
30610,39.39729,-84.55963,465,26103.28009419582
30610,39.39695,-84.55966,466,26141.34780477935
30610,39.39666,-84.5596,467,26174.156221268287
30610,39.39628,-84.55948,468,26217.858673477807
30610,39.39595,-84.55936,469,26256.159550770077
30610,39.39568,-84.55931,470,26286.628945640732
30610,39.39535,-84.55933,471,26323.531490320373
30610,39.39488,-84.55938,472,26376.210188722107
30610,39.39442,-84.55943,473,26427.775729247056
30610,39.39415,-84.55946,474,26458.047261672447
30610,39.39386,-84.55949,475,26490.545152655264
30610,39.39308,-84.55956,476,26577.884025902236
30610,39.39275,-84.55959,477,26614.837417220595
30610,39.39209,-84.55966,478,26688.810236801633
30610,39.39177,-84.55968,479,26724.59701541956
30610,39.39149,-84.55971,480,26755.981588286966
30610,39.39103,-84.55975,481,26807.48152241223
30610,39.39057,-84.5598,482,26859.047056997508
30610,39.39013,-84.55983,483,26908.26484280358
30610,39.389741,-84.559828,484,26951.717415577157
30610,39.389287,-84.559673,485,27004.179718359814
30610,39.38913,-84.55949,486,27027.826205157045
30610,39.38875,-84.55909,487,27082.633322746922
30610,39.38833,-84.55871,488,27139.95620053771
30610,39.387591,-84.558049,489,27240.439510233802
30610,39.38747,-84.55794,490,27256.930378449513
30610,39.3869,-84.55743,491,27334.442812357524
30610,39.386707,-84.558109,492,27397.122936780645
30610,39.386916,-84.561792,493,27717.218031061257
30610,39.387086,-84.564915,494,27988.582877323603
30610,39.386293,-84.564973,495,28077.304727718125
30610,39.385687,-84.565083,496,28145.6640663268
30610,39.385107,-84.565102,497,28210.47185833225
30610,39.384941,-84.562234,498,28459.765784651965
30610,39.384958,-84.561245,499,28545.515450667222
30610,39.383206,-84.56141,500,28741.739548877536
30610,39.38263,-84.56146,501,28806.225790382876
30610,39.382386,-84.561457,502,28833.48234731576
30610,39.380693,-84.56155,503,29022.765779797177
30610,39.38034,-84.56157,504,29062.23471958201
30610,39.37973,-84.56161,505,29130.461172922955
30610,39.378832,-84.561659,506,29230.859551218535
30610,39.37881,-84.56166,507,29233.318525732007
30610,39.378212,-84.561817,508,29301.488852970364
30610,39.378212,-84.561817,509,29301.488852970364
30610,39.377314,-84.56178,510,29401.848579499187
30610,39.37707,-84.56177,511,29429.117668523657
30610,39.37655,-84.5618,512,29487.26094072341
30610,39.375652,-84.561845,513,29587.645228814366
30610,39.37361,-84.561935,514,29815.874240149926
30610,39.37334,-84.55728,515,30220.573239803405
30610,39.37255,-84.55733,516,30308.92489697776
30610,39.3718,-84.557466,517,30393.527703886553
30610,39.3718,-84.557466,518,30393.527703886553
30610,39.370902,-84.557431,519,30493.882729653018
30610,39.37088,-84.55743,520,30496.341720842418
30610,39.369983,-84.557491,521,30596.678637090266
30610,39.36985,-84.5575,522,30611.555590461587
30610,39.36896,-84.55755,523,30711.065570116425
30610,39.36807,-84.5576,524,30810.575545952503
30610,39.36718,-84.55766,525,30910.12705923409
30610,39.3663,-84.55773,526,31008.61271295888
30610,39.36597,-84.55777,527,31045.63743157391
30610,39.365073,-84.557839,528,31146.013277633585
30610,39.3648,-84.55786,529,31176.56244725744
30610,39.36427,-84.55789,530,31235.822031880794
30610,39.36348,-84.55794,531,31324.17364672749
30610,39.362583,-84.558003,532,31424.51981705321
30610,39.36219,-84.55803,533,31468.481380434503
30610,39.36164,-84.55807,534,31530.01571672006
30610,39.36077,-84.55814,535,31627.386467415254
30610,39.359881,-84.558305,536,31727.7156154724
30610,39.359724,-84.558334,537,31745.43231584061
30610,39.359724,-84.558334,538,31745.43231584061
30610,39.3593,-84.55827,539,31793.11830202479
30610,39.35895,-84.5583,540,31832.30070304667
30610,39.358054,-84.558377,541,31932.608799338876
30610,39.3572,-84.55845,542,32028.212700362554
30610,39.356996,-84.55854,543,32052.29951084646
30610,39.356996,-84.55854,544,32052.29951084646
30610,39.35643,-84.5585,545,32115.618303357736
30610,39.35586,-84.55855,546,32179.436290645343
30610,39.35542,-84.55859,547,32228.7077160372
30610,39.354523,-84.55866,548,32329.08871341159
30610,39.35401,-84.5587,549,32386.49706627319
30610,39.35347,-84.55875,550,32446.972140073547
30610,39.35317,-84.55878,551,32480.58377001821
30610,39.35269,-84.55882,552,32534.313128209677
30610,39.35257,-84.55809,553,32599.02447978345
30610,39.35256,-84.55772,554,32631.13151168688
30610,39.35255,-84.55728,555,32669.306108188786
30610,39.352459,-84.556124,556,32770.07245017293
30610,39.35244,-84.55589,557,32790.476459746285
30610,39.35241,-84.55554,558,32821.01417908543
30610,39.35237,-84.55508,559,32861.15656710776
30610,39.35233,-84.55449,560,32912.51839529277
30610,39.35229,-84.55396,561,32958.69880014967
30610,39.35226,-84.5536,562,32990.098824150766
30610,39.35223,-84.55323,563,33022.36130134703
30610,39.35215,-84.552073,564,33123.09858141083
30610,39.35215,-84.55207,565,33123.3587549987
30610,39.3521,-84.55148,566,33174.830192466485
30610,39.35203,-84.55056,567,33254.99922422958
30610,39.35199,-84.54994,568,33308.95402175916
30610,39.35191,-84.54901,569,33390.101943953865
30610,39.351817,-84.547854,570,33490.89327625381
30610,39.35178,-84.54739,571,33531.345632728175
30610,39.35169,-84.546234,572,33632.10341348173
30610,39.35169,-84.54623,573,33632.45031702951
30610,39.3516,-84.5453,574,33713.7296536308
30610,39.351512,-84.544352,575,33796.531701070046
30610,39.351029,-84.544381,576,33850.54386097548
30610,39.351017,-84.544322,577,33855.83341816067
30610,39.350953,-84.54332,578,33943.027541643045
30610,39.349738,-84.543462,579,34079.30706516359
30610,39.349725,-84.542434,580,34168.4760762618
30610,39.348358,-84.541888,581,34328.351548901235
30610,39.346502,-84.540544,582,34566.20018541053
30610,39.345804,-84.53989,583,34662.6212161616
30610,39.343536,-84.538035,584,34962.742816855476
30610,39.34283,-84.53738,585,35059.94039000424
30610,39.339734,-84.534502,586,35486.46966153083
30610,39.338993,-84.533544,587,35603.7609322189
30610,39.336675,-84.529398,588,36046.92426030185
30610,39.335362,-84.526961,589,36304.22716298422
30610,39.33522,-84.526805,590,36325.078032107274
30610,39.335027,-84.526312,591,36372.972393734664
30610,39.333995,-84.524432,592,36572.693857197664
30610,39.332814,-84.522297,593,36800.091501186245
30610,39.332576,-84.521919,594,36842.3077239232
30610,39.332325,-84.522093,595,36874.151786611044
30610,39.332328,-84.52221,596,36884.30746152071
30610,39.332193,-84.522176,597,36899.67392287388
30610,39.332052,-84.522291,598,36918.318674610164
30610,39.331455,-84.522558,599,36988.91703077094
30610,39.330728,-84.522545,600,37070.13724827335
30610,39.329032,-84.522011,601,37265.17767613882
30610,39.327795,-84.521732,602,37405.465779899656
30610,39.323653,-84.52199,603,37868.705820343625
30610,39.318742,-84.522343,604,38418.16311161866
30610,39.318523,-84.522503,605,38446.2921995063
30610,39.318158,-84.522451,606,38487.314867266
30610,39.31047,-84.52304,607,39347.65260336525
30610,39.307343,-84.523472,608,39698.9722085872
30610,39.305461,-84.523639,609,39909.707137840065
30610,39.305093,-84.523768,610,39952.31318910282
30610,39.304794,-84.52368,611,39986.57614132512
30610,39.303873,-84.523761,612,40089.69980919331
30610,39.298851,-84.524023,613,40651.16181594423
30610,39.294955,-84.524264,614,41086.88138040367
30610,39.293863,-84.524268,615,41208.867772723
30610,39.292387,-84.523985,616,41375.5697206946
30610,39.292591,-84.522579,617,41499.724199426855
30610,39.293408,-84.522719,618,41591.79594197517
30610,39.293527,-84.521796,619,41673.009526094844
30610,39.293744,-84.52171,620,41698.37379203586
30610,39.293997,-84.521849,621,41729.10387617923
30610,39.293991,-84.522144,622,41754.71905084265
30610,39.293721,-84.522514,623,41798.77793724934
30610,39.29364,-84.522649,624,41813.58303448377
30611,39.515325,-84.40343,0,0
30611,39.515178,-84.402788,1,57.93539799291776
30611,39.515017,-84.40234,2,100.67524031490953
30611,39.514837,-84.401702,3,159.43675051540274
30611,39.514731,-84.401554,4,176.88122424122375
30611,39.514731,-84.401554,5,176.88122424122375
30611,39.514762,-84.40142,6,188.9838841718351
30611,39.514329,-84.399498,7,362.20874463866994
30611,39.514525,-84.399352,8,387.4914099512389
30611,39.514938,-84.399246,9,434.53884820416664
30611,39.514838,-84.398833,10,471.98589852883936
30611,39.514693,-84.398266,11,523.6600106181397
30611,39.514624,-84.397994,12,548.4295402766923
30611,39.514557,-84.397847,13,563.1902206119488
30611,39.514557,-84.397847,14,563.1902206119488
30611,39.514437,-84.397234,15,617.9082588311167
30611,39.514324,-84.39678,16,659.1769522876349
30611,39.514219,-84.396351,17,698.1129227050743
30611,39.514041,-84.395605,18,765.6672824844579
30611,39.513928,-84.395422,19,785.9212659679984
30611,39.513928,-84.395422,20,785.9212659679984
30611,39.513875,-84.394969,21,825.5697853782988
30611,39.513665,-84.39409,22,905.1773151087059
30611,39.513581,-84.393963,23,919.6302434879826
30611,39.513581,-84.393963,24,919.6302434879826
30611,39.513598,-84.393846,25,929.932409407126
30611,39.513347,-84.392788,26,1025.693894112009
30611,39.513173,-84.392148,27,1084.3947822382966
30611,39.51306,-84.391732,28,1122.5467629147258
30611,39.512835,-84.391739,29,1147.6935929342214
30611,39.512819,-84.391775,30,1151.2856440998698
30611,39.512801,-84.39174,31,1154.9215695368512
30611,39.512739,-84.391736,32,1161.8575515047014
30611,39.51269,-84.390799,33,1243.1344810310036
30611,39.512663,-84.390226,34,1292.8163202850917
30611,39.512664,-84.389962,35,1315.6644370417557
30611,39.512601,-84.389152,36,1386.1183874913065
30611,39.512584,-84.388601,37,1433.8425606719447
30611,39.512521,-84.387639,38,1517.3961479821585
30611,39.51246,-84.386492,39,1616.8975289130865
30611,39.512372,-84.385418,40,1710.3662473475104
30611,39.5124,-84.38502,41,1744.9532863831635
30611,39.51236,-84.3844,42,1798.7975797750844
30611,39.512318,-84.383882,43,1843.8733910910985
30611,39.512254,-84.383789,44,1854.6399277773603
30611,39.512254,-84.383789,45,1854.6399277773603
30611,39.512331,-84.383637,46,1870.3584941095617
30611,39.51362,-84.38354,47,2014.626369362238
30611,39.514516,-84.383463,48,2114.960400836455
30611,39.514619,-84.383419,49,2127.0824880346604
30611,39.51478,-84.383353,50,2145.956495143121
30611,39.51478,-84.383353,51,2145.956495143121
30611,39.515053,-84.383368,52,2176.4871359260706
30611,39.51606,-84.38332,53,2289.0786339295532
30611,39.51642,-84.38328,54,2329.4510922502395
30611,39.51703,-84.38322,55,2397.8055580795376
30611,39.51741,-84.38318,56,2440.4048737769094
30611,39.517583,-84.38309,57,2461.244780362188
30611,39.517583,-84.38309,58,2461.244780362188
30611,39.51817,-84.3831,59,2526.8376134182417
30611,39.519065,-84.382995,60,2627.250402690387
30611,39.51917,-84.382934,61,2640.1152449493447
30611,39.51958,-84.3829,62,2686.020072963833
30611,39.52003,-84.38285,63,2736.4856559409527
30611,39.52027,-84.38232,64,2789.614063718094
30611,39.520492,-84.381751,65,2844.748127332185
30611,39.520591,-84.381351,66,2881.0870598771726
30611,39.520591,-84.381351,67,2881.0870598771726
30611,39.52103,-84.38064,68,2959.7734914800185
30611,39.52118,-84.38025,69,2997.454824076551
30611,39.52128,-84.37982,70,3036.3064062886924
30611,39.521242,-84.379588,71,3056.8266942140053
30611,39.521242,-84.379588,72,3056.8266942140053
30611,39.52134,-84.37868,73,3136.1602258992284
30611,39.52131,-84.37824,74,3174.3831277866325
30611,39.521254,-84.378098,75,3188.1725259029713
30611,39.521254,-84.378098,76,3188.1725259029713
30611,39.52128,-84.3771,77,3274.584033947328
30611,39.52135,-84.37664,78,3315.1516027042967
30611,39.52147,-84.37627,79,3349.8638798782263
30611,39.5216,-84.37594,80,3381.9025362910693
30611,39.52173,-84.37563,81,3412.4086352195163
30611,39.52189,-84.3752,82,3453.690619371883
30611,39.52222,-84.37433,83,3537.5206903526437
30611,39.52245,-84.37365,84,3601.7314084925565
30611,39.52261,-84.372985,85,3661.990022305099
30611,39.52261,-84.372985,86,3661.990022305099
30611,39.52303,-84.371955,87,3762.720030240057
30611,39.52304,-84.37193,88,3765.1548971872835
30611,39.52319,-84.37141,89,3813.172662225184
30611,39.52334,-84.37088,90,3862.002225910085
30611,39.523433,-84.370539,91,3893.2865301149022
30611,39.523491,-84.370312,92,3913.9711631173236
30611,39.523726,-84.369428,93,3994.8481869849693
30611,39.5239,-84.36893,94,4042.1246198516956
30611,39.52404,-84.36849,95,4083.287570471711
30611,39.5242,-84.36806,96,4124.568889762469
30611,39.52438,-84.36766,97,4164.601227249939
30611,39.52452,-84.36735,98,4195.654357828788
30611,39.5247,-84.36702,99,4230.582084054615
30611,39.52491,-84.36672,100,4265.574849816943
30611,39.52512,-84.36643,101,4299.930521851783
30611,39.525387,-84.365864,102,4357.278635149652
30611,39.525387,-84.365864,103,4357.278635149652
30611,39.525721,-84.365592,104,4401.400503841076
30611,39.52631,-84.36494,105,4488.085683339459
30611,39.52651,-84.36465,106,4521.687841637781
30611,39.52673,-84.36425,107,4564.1411438206715
30611,39.52696,-84.36368,108,4619.7572848492855
30611,39.52713,-84.36312,109,4671.804362477134
30611,39.52722,-84.36274,110,4706.189273748866
30611,39.5273,-84.36231,111,4744.455962425623
30611,39.52736,-84.36189,112,4781.411841247963
30611,39.52741,-84.36149,113,4816.471911139273
30611,39.52746,-84.36089,114,4868.689759989935
30611,39.52749,-84.36031,115,4918.9891136974975
30611,39.5275,-84.35988,116,4956.213904186655
30611,39.52749,-84.35921,117,5014.200002896934
30611,39.52746,-84.35879,118,5050.69705494175
30611,39.52743,-84.35841,119,5083.74908281619
30611,39.52737,-84.35788,120,5130.09776871892
30611,39.5273,-84.35738,121,5174.064490775602
30611,39.52712,-84.35642,122,5259.534465843655
30611,39.526942,-84.35594,123,5305.586007989562
30611,39.52662,-84.355967,124,5341.641253320812
30611,39.52632,-84.355874,125,5376.114953337544
30611,39.526014,-84.35575,126,5411.950750842466
30611,39.525738,-84.35568,127,5443.379546234471
30611,39.525497,-84.355635,128,5470.588378630359
30611,39.525271,-84.355675,129,5496.077177928301
30611,39.525081,-84.355734,130,5517.912573404754
30611,39.52488,-84.355976,131,5548.620105275509
30611,39.524717,-84.356256,132,5578.931708228466
30611,39.52448,-84.356507,133,5613.1815025548385
30611,39.523711,-84.356729,134,5701.2288641794785
30611,39.523293,-84.356761,135,5748.0170938163365
30611,39.52291,-84.356492,136,5796.73387393245
30611,39.522608,-84.354934,137,5935.717035543654
30611,39.52235,-84.353728,138,6043.989521931127
30611,39.522042,-84.352923,139,6121.689859460096
30611,39.521935,-84.352914,140,6133.6711693481875
30611,39.52152,-84.35304,141,6181.3071774126565
30611,39.52116,-84.35321,142,6224.138672310664
30611,39.52082,-84.35337,143,6264.5741654850535
30611,39.52048,-84.35353,144,6305.009672240546
30611,39.52013,-84.35366,145,6345.703950772625
30611,39.51961,-84.35383,146,6405.641257905898
30611,39.51906,-84.35398,147,6468.453119279646
30611,39.51851,-84.35407,148,6530.400532863478
30611,39.51798,-84.35413,149,6589.848791128404
30611,39.51743,-84.35419,150,6651.523572175136
30611,39.517214,-84.354267,151,6676.562006571467
30611,39.517214,-84.354267,152,6676.562006571467
30611,39.516316,-84.354301,153,6776.945687654137
30611,39.51581,-84.35432,154,6833.508920510533
30611,39.51527,-84.35436,155,6893.946557589191
30611,39.51486,-84.35439,156,6939.832567302167
30611,39.514603,-84.354497,157,6970.005423160786
30611,39.514603,-84.354497,158,6970.005423160786
30611,39.514193,-84.354434,159,7016.141241685442
30611,39.512808,-84.354585,160,7171.448890094607
30611,39.5123,-84.35461,161,7228.252896126194
30611,39.51172,-84.35466,162,7293.20511654417
30611,39.51128,-84.3547,163,7342.491468369263
30611,39.510613,-84.354769,164,7417.259430644837
30611,39.51048,-84.35425,165,7464.574541746955
30611,39.510373,-84.353929,166,7494.8212030051345
30611,39.510373,-84.353929,167,7494.8212030051345
30611,39.510356,-84.352765,168,7595.5864985644575
30611,39.51034,-84.35165,169,7692.109558298296
30611,39.51031,-84.35126,170,7726.031283014475
30611,39.510166,-84.351085,171,7748.129345744557
30611,39.510166,-84.351085,172,7748.129345744557
30611,39.51028,-84.350484,173,7801.684802915582
30611,39.51022,-84.349438,174,7892.4674973731035
30611,39.51019,-84.34836,175,7985.832417136186
30611,39.51021,-84.34794,176,8022.253578762681
30611,39.510192,-84.347524,177,8058.3160535681
30611,39.510192,-84.347524,178,8058.3160535681
30611,39.510276,-84.346365,179,8159.070028585848
30611,39.51036,-84.345205,180,8259.91024313317
30611,39.51036,-84.3452,181,8260.343012402642
30611,39.510365,-84.344873,182,8288.651642779158
30611,39.510365,-84.344873,183,8288.651642779158
30611,39.5105,-84.344199,184,8348.907701004764
30611,39.510477,-84.342549,185,8491.744826739692
30611,39.51049,-84.34228,186,8515.07314389774
30611,39.51048,-84.34181,187,8555.768926782968
30611,39.51046,-84.34134,188,8596.510743968127
30611,39.51042,-84.34034,189,8683.180418300333
30611,39.51039,-84.33964,190,8743.861237721741
30611,39.51037,-84.33905,191,8794.977343951005
30611,39.51032,-84.33789,192,8895.5362271419
30611,39.5103,-84.33739,193,8938.871364213559
30611,39.510251,-84.336931,194,8978.975654817248
30611,39.510206,-84.3351,195,9137.53810532061
30611,39.510158,-84.334071,196,9226.76509243584
30611,39.510038,-84.333248,197,9299.251511598035
30611,39.509928,-84.333309,198,9312.629108000814
30611,39.509955,-84.3335,199,9329.434340460193
30611,39.509131,-84.333975,200,9430.271740365895
30611,39.510028,-84.333815,201,9531.456014097308
30611,39.510172,-84.333773,202,9547.952329149191
30611,39.510237,-84.335071,203,9660.535923479663
30611,39.510305,-84.336945,204,9822.918276540013
30611,39.509926,-84.336971,205,9865.327815347924
30611,39.50937,-84.33697,206,9927.455795844526
30611,39.50903,-84.33697,207,9965.447689965955
30611,39.50875,-84.33694,208,9996.84270515615
30611,39.50848,-84.33695,209,10027.025154349247
30611,39.50821,-84.33696,210,10057.207603375058
30611,39.50788,-84.33695,211,10094.092248581266
30611,39.507333,-84.336978,212,10155.262537353025
30611,39.50705,-84.33691,213,10187.42833015084
30611,39.50678,-84.3369,214,10217.610783198757
30611,39.50647,-84.33687,215,10252.3476571925
30611,39.5062,-84.33669,216,10286.303412188756
30611,39.50602,-84.33628,217,10327.096435482446
30611,39.50604,-84.33578,218,10370.43437076143
30611,39.506001,-84.335233,219,10417.98316200611
30611,39.50608,-84.33466,220,10468.361863621063
30611,39.50539,-84.33461,221,10545.584732115221
30611,39.50498,-84.33458,222,10591.4722021831
30611,39.50468,-84.33455,223,10625.095027373507
30611,39.50398,-84.3345,224,10703.433598706466
30611,39.50333,-84.33445,225,10776.194302590651
30611,39.50297,-84.33444,226,10816.430493156362
30611,39.5027,-84.33443,227,10846.613068289682
30611,39.50237,-84.33446,228,10883.579041013987
30611,39.50201,-84.33452,229,10924.139841152748
30611,39.50166,-84.33458,230,10963.592687019629
30611,39.50132,-84.33464,231,11001.938127836927
30611,39.50085,-84.33472,232,11054.911174222025
30611,39.500735,-84.33392,233,11125.347182797945
30611,39.500781,-84.33301,234,11204.291152175856
30611,39.500819,-84.332517,235,11247.179680474252
30611,39.500501,-84.332464,236,11283.008514611463
30611,39.500618,-84.33101,237,11409.55555994456
30611,39.500652,-84.330824,238,11426.099362075302
30611,39.501312,-84.330894,239,11500.097592578863
30611,39.501344,-84.330352,240,11547.153072922856
30611,39.501282,-84.32989,241,11587.742780474891
30611,39.501104,-84.329438,242,11631.636478647513
30611,39.500846,-84.329076,243,11674.217958439065
30611,39.500673,-84.328911,244,11698.253952083856
30611,39.500242,-84.328738,245,11748.689729218517
30611,39.499931,-84.328733,246,11783.444292856502
30611,39.49966,-84.32867,247,11814.2136757003
30611,39.49891,-84.32872,248,11898.132144837504
30611,39.49859,-84.32869,249,11933.983889247826
30611,39.498353,-84.328753,250,11961.022598326184
30611,39.498136,-84.328522,251,11992.453304669016
30611,39.49782,-84.3284,252,12029.309631161668
30611,39.49742,-84.32829,253,12075.009797787086
30611,39.49711,-84.3283,254,12109.66076663773
30611,39.49684,-84.32837,255,12140.43382624824
30611,39.49671,-84.328565,256,12162.705197620624
30611,39.496392,-84.32855,257,12198.26299640835
30611,39.49598,-84.328701,258,12246.120899406154
30611,39.495571,-84.328845,259,12293.493344596918
30611,39.495571,-84.328845,260,12293.493344596918
30611,39.495323,-84.329036,261,12325.763960217017
30611,39.494859,-84.32929,262,12382.08290470897
30611,39.494501,-84.329528,263,12427.081401489457
30611,39.494341,-84.329623,264,12446.76123629991
30611,39.49397,-84.32983,265,12491.925404570615
30611,39.493268,-84.330111,266,12574.05432660224
30611,39.49308,-84.32966,267,12618.393289399277
30611,39.49299,-84.32926,268,12654.455089851659
30611,39.49288,-84.32872,269,12702.796009426169
30611,39.4928,-84.32833,270,12737.724802895518
30611,39.49272,-84.32771,271,12792.142643081484
30611,39.49268,-84.32734,272,12824.48700437779
30611,39.49263,-84.3269,273,12862.9891207018
30611,39.4926,-84.32639,274,12907.271329757907
30611,39.49257,-84.32592,275,12948.101219368938
30611,39.49254,-84.32537,276,12995.837475412884
30611,39.49251,-84.32466,277,13057.39993242098
30611,39.49248,-84.32414,278,13102.545729754036
30611,39.49246,-84.3237,279,13140.706101579357
30611,39.49245,-84.3233,280,13175.355857865117
30611,39.49247,-84.32273,281,13224.756690047221
30611,39.4925,-84.32231,282,13261.274246350884
30611,39.49256,-84.32188,283,13299.102302424584
30611,39.49265,-84.32138,284,13343.544848247451
30611,39.49281,-84.32059,285,13414.240675477056
30611,39.49298,-84.3199,286,13476.927938240304
30611,39.49306,-84.31952,287,13511.020896161017
30611,39.49315,-84.31917,288,13542.948859498403
30611,39.493139,-84.31888,289,13568.086862000142
30611,39.491365,-84.319018,290,13766.680620582294
30611,39.49108,-84.319919,291,13850.940777895594
30611,39.4911,-84.320273,292,13881.672005831644
30611,39.491336,-84.320874,293,13940.008410912133
30611,39.491911,-84.320516,294,14011.346709979392
30611,39.49246,-84.320093,295,14082.794401967883
30611,39.492588,-84.319667,296,14122.353669168026
30611,39.492526,-84.318884,297,14190.498735829757
30611,39.491325,-84.318964,298,14324.882015743073
30611,39.491255,-84.317719,299,14432.959420650428
30611,39.493358,-84.317451,300,14669.10051579406
30611,39.493983,-84.317403,301,14739.064270233794
30611,39.494321,-84.317302,302,14777.832898758166
30611,39.494921,-84.317286,303,14844.893831886233
30611,39.495278,-84.317246,304,14884.936606719164
30611,39.495454,-84.317229,305,14904.65861292183
30611,39.495459,-84.316701,306,14950.374393624043
30611,39.495501,-84.316438,307,14973.622663587781
30611,39.495617,-84.316237,308,14995.321686885363
30611,39.495888,-84.316042,309,15029.992434433756
30611,39.496376,-84.315908,310,15085.744174524996
30611,39.496962,-84.315754,311,15152.570034056906
30611,39.497335,-84.315523,312,15198.800262059982
30611,39.4977,-84.31524,313,15246.380059311981
30611,39.497895,-84.315026,314,15274.981731493426
30611,39.498063,-84.315126,315,15295.65489687742
30611,39.498193,-84.315045,316,15311.785698784468
30611,39.498504,-84.315188,317,15348.6775335292
30611,39.498642,-84.315294,318,15366.622234039321
30611,39.498667,-84.315424,319,15378.218216800231
30611,39.498626,-84.315518,320,15387.557097239174
30611,39.498648,-84.315569,321,15392.610579234455
30611,39.498769,-84.315619,322,15406.807665946722
30611,39.498999,-84.315598,323,15432.573157385208
30611,39.499179,-84.315568,324,15452.854178721413
30611,39.499313,-84.315461,325,15470.461591760477
30611,39.499462,-84.315313,326,15491.470738836992
30611,39.499684,-84.315166,327,15519.351824024032
30611,39.499785,-84.315131,328,15531.037695999026
30611,39.50159,-84.315002,329,15733.045889626352
30611,39.501722,-84.314999,330,15747.798483758505
30611,39.501861,-84.315034,331,15763.623765304019
30611,39.501895,-84.314934,332,15773.077661303265
30611,39.501835,-84.313743,333,15876.39881145672
30611,39.50182,-84.313595,334,15889.32018582308
30611,39.501924,-84.313552,335,15901.523280892092
30611,39.502741,-84.313445,336,15993.287658883528
30611,39.503208,-84.313444,337,16045.472658790626
30611,39.503247,-84.313919,338,16086.82234362827
30611,39.50328,-84.314187,339,16110.313546033785
30611,39.503369,-84.314555,340,16143.686488049807
30611,39.50344,-84.314861,341,16171.338546549578
30611,39.503547,-84.315263,342,16208.135104197667
30611,39.503609,-84.315553,343,16234.17783682011
30611,39.503654,-84.316411,344,16308.621750743969
30611,39.503621,-84.316564,345,16322.370148928252
30611,39.50354,-84.31665,346,16334.08977469696
30611,39.503111,-84.316687,347,16382.135029892323
30611,39.498226,-84.317145,348,16929.44458040546
30611,39.496775,-84.317318,349,17092.275940921507
30611,39.495669,-84.317428,350,17216.231568800715
30611,39.495564,-84.3175,351,17229.51777525547
30611,39.495554,-84.317703,352,17247.128239575362
30611,39.495611,-84.31821,353,17291.48207362923
30611,39.495607,-84.318634,354,17328.193044463733
30611,39.495627,-84.31911,355,17369.463770995546
30611,39.495607,-84.31962,356,17413.67401503627
30611,39.495503,-84.320319,357,17475.296339628036
30611,39.495293,-84.320992,358,17538.109949585152
30611,39.495301,-84.3212,359,17556.139950992423
30611,39.495171,-84.321245,360,17571.179985163028
30611,39.494993,-84.321638,361,17610.59181931706
30611,39.494859,-84.321568,362,17626.745392019933
30611,39.49454,-84.32121,363,17673.98215755473
30611,39.494218,-84.321063,364,17712.148098283767
30611,39.49395,-84.321022,365,17742.30505362962
30611,39.493812,-84.321025,366,17757.727874043954
30611,39.493506,-84.321124,367,17792.979352014583
30611,39.493178,-84.321282,368,17832.100831622134
30611,39.492849,-84.321396,369,17870.16635395692
30611,39.492777,-84.32181,370,17906.90197977787
30611,39.492711,-84.322267,371,17947.150133986637
30611,39.492675,-84.3227,372,17984.85413113336
30611,39.492663,-84.323253,373,18032.751167006914
30611,39.492665,-84.32366,374,18067.989559825295
30611,39.492711,-84.324526,375,18143.14292866799
30611,39.492778,-84.325483,376,18226.336367485517
30611,39.492795,-84.325894,377,18261.970848769204
30611,39.492823,-84.326227,378,18290.970779060448
30611,39.492873,-84.326879,379,18347.695734139725
30611,39.492911,-84.327327,380,18386.71454443472
30611,39.49298,-84.32787,381,18434.354550516746
30611,39.493043,-84.328267,382,18469.439538624072
30611,39.493132,-84.328782,383,18515.122774102998
30611,39.493339,-84.329696,384,18597.5659920383
30611,39.493446,-84.330151,385,18638.73318171242
30611,39.493593,-84.330601,386,18681.014058543067
30611,39.493765,-84.331086,387,18727.193409666186
30611,39.493896,-84.331454,388,18762.255453494574
30611,39.49408,-84.331882,389,18804.632114335636
30611,39.494295,-84.332399,390,18855.431852374444
30611,39.494529,-84.33286,391,18903.145701409616
30611,39.494777,-84.333315,392,18951.30854674726
30611,39.495197,-84.334073,393,19031.987069656152
30611,39.495571,-84.33471,394,19101.18088131856
30611,39.495893,-84.335283,395,19162.462477260735
30611,39.496436,-84.336281,396,19268.0391816323
30611,39.496586,-84.336507,397,19293.80233786175
30611,39.49708,-84.337435,398,19391.277279987473
30611,39.497261,-84.337748,399,19425.08991866166
30611,39.497707,-84.338585,400,19513.033670338555
30611,39.498227,-84.33957,401,19616.22023051965
30611,39.498296,-84.339669,402,19627.748346965076
30611,39.498641,-84.340289,403,19693.831154742464
30611,39.498969,-84.340903,404,19758.39556275244
30611,39.499321,-84.341537,405,19825.918512759432
30611,39.499565,-84.341988,406,19873.53835826148
30611,39.499896,-84.342572,407,19936.17873208491
30611,39.50076,-84.344135,408,20102.39454733229
30611,39.501814,-84.346119,409,20310.6422117122
30611,39.501659,-84.346306,410,20334.348868410205
30611,39.501383,-84.346616,411,20375.22953681651
30611,39.501116,-84.346877,412,20412.65352374571
30611,39.500765,-84.347242,413,20463.017934416555
30611,39.500901,-84.34753,414,20492.215237809574
30611,39.500998,-84.347619,415,20505.51311779831
30611,39.50088,-84.348531,416,20585.55415346918
30611,39.500886,-84.348951,417,20621.91775717133
30611,39.500783,-84.349176,418,20644.541203469067
30611,39.500691,-84.34986,419,20704.637676885617
30611,39.500812,-84.350099,420,20729.3528434712
30611,39.500639,-84.350288,421,20754.677847521492
30611,39.500512,-84.351159,422,20831.400125288663
30611,39.500786,-84.351183,423,20862.086853971377
30611,39.50105,-84.351207,424,20891.658857368864
30611,39.501328,-84.351211,425,20922.724058213174
30611,39.501644,-84.351221,426,20958.04399667525
30611,39.502293,-84.3512,427,21030.58498752002
30611,39.502323,-84.35168,428,21072.270292571542
30611,39.502351,-84.352071,429,21106.260736641776
30611,39.502426,-84.352458,430,21140.792902126952
30611,39.502423,-84.353152,431,21200.868421016115
30611,39.502461,-84.35365,432,21244.185251611376
30611,39.502522,-84.353859,433,21263.518211564122
30611,39.502477,-84.354114,434,21286.157116208746
30611,39.502498,-84.354957,435,21359.167009101653
30611,39.502507,-84.355204,436,21380.57155695487
30611,39.502799,-84.355196,437,21413.206307630666
30611,39.503289,-84.355141,438,21468.16437409225
30611,39.503644,-84.35517,439,21507.910603047287
30611,39.504006,-84.355131,440,21548.500275306564
30611,39.504346,-84.355106,441,21586.552672368685
30611,39.504934,-84.35505,442,21652.43300846652
30611,39.505293,-84.355025,443,21692.60516984398
30611,39.505613,-84.354968,444,21728.700032694676
30611,39.506195,-84.354973,445,21793.732820721074
30611,39.507408,-84.354859,446,21929.629387667926
30611,39.508304,-84.354792,447,22029.914213004064
30611,39.508395,-84.35478,448,22040.13525826858
30611,39.509294,-84.3547,449,22140.82586102817
30611,39.510116,-84.354628,450,22232.885465127547
30611,39.510681,-84.354582,451,22296.14272066616
30611,39.51079,-84.35505,452,22338.440523589972
30611,39.510837,-84.355165,453,22349.69448566807
30611,39.510887,-84.355426,454,22372.965128740234
30611,39.510931,-84.356114,455,22432.715330987012
30611,39.510916,-84.356559,456,22471.267257582567
30611,39.51095,-84.357282,457,22533.95923621909
30611,39.510961,-84.357493,458,22552.26290625346
30611,39.510983,-84.358039,459,22599.583849790964
30611,39.511035,-84.358141,460,22610.152559204187
30611,39.511035,-84.358141,461,22610.152559204187
30611,39.510994,-84.358298,462,22624.49258113482
30611,39.511046,-84.359327,463,22713.743068545045
30611,39.511106,-84.360468,464,22812.72501250187
30611,39.511137,-84.361159,465,22872.631820768485
30611,39.511213,-84.361575,466,22909.624769161794
30611,39.511213,-84.361575,467,22909.624769161794
30611,39.511183,-84.362166,468,22960.885852758187
30611,39.511279,-84.363902,469,23111.51964274292
30611,39.511346,-84.364629,470,23174.885327332744
30611,39.511342,-84.365394,471,23241.09752684954
30611,39.511373,-84.366075,472,23300.139638781424
30611,39.511442,-84.366373,473,23327.059104521726
30611,39.511412,-84.366984,474,23380.047039216664
30611,39.511432,-84.367411,475,23417.07119076197
30611,39.511496,-84.367697,476,23442.83658547838
30611,39.51148,-84.368432,477,23506.47545724216
30611,39.511568,-84.370024,478,23644.612057551898
30611,39.511604,-84.371187,479,23745.34872193343
30611,39.511639,-84.371717,480,23791.38593510219
30611,39.511643,-84.372003,481,23816.142874960704
30611,39.511705,-84.37221,482,23835.351150450017
30611,39.511705,-84.37221,483,23835.351150450017
30611,39.511678,-84.372568,484,23866.482030584502
30611,39.511781,-84.374545,485,24037.974577583624
30611,39.511827,-84.374751,486,24056.529544690984
30611,39.511827,-84.374751,487,24056.529544690984
30611,39.511797,-84.374997,488,24078.082608013137
30611,39.511865,-84.375926,489,24158.84379579225
30611,39.511951,-84.376663,490,24223.349169932342
30611,39.511939,-84.377004,491,24252.89233047574
30611,39.511989,-84.377844,492,24325.806536825028
30611,39.512059,-84.378988,493,24425.12503467485
30611,39.512119,-84.380166,494,24527.297589024343
30611,39.512181,-84.381147,495,24612.482134388454
30611,39.512246,-84.381484,496,24642.538978714216
30611,39.512246,-84.381484,497,24642.538978714216
30611,39.51221,-84.381683,498,24660.2252242428
30611,39.512276,-84.382662,499,24745.274520672952
30611,39.512362,-84.383415,500,24811.148448917553
30611,39.512357,-84.383937,501,24856.328974355587
30611,39.512405,-84.384805,502,24931.64209798004
30611,39.51247,-84.38517,503,24964.05544371839
30611,39.51247,-84.38517,504,24964.05544371839
30611,39.512451,-84.385511,505,24993.643804305753
30611,39.512508,-84.386583,506,25086.639068373155
30611,39.51261,-84.387453,507,25162.791198159473
30611,39.512721,-84.389678,508,25355.752947771034
30611,39.512788,-84.390083,509,25391.594089033402
30611,39.512905,-84.390753,510,25451.03429466299
30611,39.513102,-84.391699,511,25535.81241688726
30611,39.513388,-84.392787,512,25635.246706106085
30611,39.5145,-84.39198,513,25777.775555422188
30611,39.514568,-84.392225,514,25800.29856872605
30611,39.514621,-84.392247,515,25806.51886448914
30611,39.514588,-84.392288,516,25811.635975955698
30611,39.514763,-84.393093,517,25883.994181636117
30611,39.514859,-84.393223,518,25899.538407476743
30611,39.514933,-84.393755,519,25946.315054631217
30611,39.515186,-84.394677,520,26030.96544600882
30611,39.515287,-84.39527,521,26083.51033294909
30611,39.515455,-84.395685,522,26124.034214070107
30611,39.51558,-84.39644,523,26190.848274932407
30611,39.51574,-84.39708,524,26249.047590308146
30611,39.5159,-84.39768,525,26303.96277374753
30611,39.51603,-84.397928,526,26329.877709062755
30611,39.51604,-84.39824,527,26356.901153267758
30611,39.516205,-84.398837,528,26411.755828329282
30611,39.516304,-84.399086,529,26435.977277752394
30611,39.51652,-84.40007,530,26524.485346083173
30611,39.516817,-84.400736,531,26590.990280917515
30611,39.516945,-84.400696,532,26605.704632524918
30611,39.516903,-84.400929,533,26626.406861044605
30611,39.51719,-84.40146,534,26682.44080408342
30611,39.516617,-84.401898,535,26756.84089954355
30611,39.51641,-84.402,536,26781.59607634932
30611,39.51574,-84.40227,537,26860.016575482914
30611,39.515069,-84.402548,538,26938.752544922547
30611,39.514756,-84.402673,539,26975.358692676822
30611,39.514405,-84.402871,540,27018.155688913503
30611,39.514528,-84.403402,541,27066.119806502757
30611,39.514679,-84.40381,542,27105.252002640045
30611,39.515043,-84.404548,543,27180.968244364485
30611,39.515761,-84.403893,544,27279.194968159114
30611,39.51538872320006,-84.40349240740967,545,27333.341786816
30611,39.515325,-84.40343,546,27336.10892232305
30613,39.515325,-84.40343,0,0
30613,39.51557,-84.40353,1,28.709019416075478
30613,39.51578,-84.4039,2,68.40495734385766
30613,39.515044,-84.404567,3,168.873907153257
30613,39.51504,-84.40457,4,169.39075949224545
30613,39.51476,-84.40481,5,206.94169717378767
30613,39.51444,-84.40508,6,249.65307215507832
30613,39.51381,-84.40561,7,333.66731506655157
30613,39.51355,-84.40583,8,368.40002429749774
30613,39.51325,-84.40607,9,407.8321524685651
30613,39.512505,-84.406721,10,508.34402986170335
30613,39.51205,-84.40712,11,569.7990490840067
30613,39.5118,-84.40741,12,607.3502676925251
30613,39.51116,-84.40746,13,678.9873275611635
30613,39.510263,-84.407524,14,779.3607395749375
30613,39.51004,-84.40754,15,804.314645325546
30613,39.50967,-84.40757,16,845.7356436764526
30613,39.50925,-84.4076,17,892.7333848349994
30613,39.50861,-84.40765,18,964.3704372937102
30613,39.50815,-84.40769,19,1015.8820020792688
30613,39.5077,-84.40772,20,1066.226815023472
30613,39.50687,-84.40779,21,1159.1591360760076
30613,39.507227,-84.413259,22,1634.1741006390685
30613,39.506574,-84.414048,23,1734.104079459944
30613,39.505431,-84.415067,24,1889.3027704227366
30613,39.503885,-84.416323,25,2093.394050535767
30613,39.50333,-84.416676,26,2162.521040103325
30613,39.502042,-84.41725,27,2314.7600333959554
30613,39.500641,-84.417737,28,2476.865648091095
30613,39.500092,-84.417744,29,2538.206623826205
30613,39.49925,-84.417715,30,2632.3140299567367
30613,39.497832,-84.418087,31,2793.981653000791
30613,39.49668,-84.418329,32,2924.3842683124403
30613,39.492363,-84.418806,33,3408.4722676267615
30613,39.491477,-84.418897,34,3507.774966258249
30613,39.489789,-84.419076,35,3697.004919071405
30613,39.489104,-84.419154,36,3773.834901680151
30613,39.488155,-84.419197,37,3879.928701234955
30613,39.48803,-84.41921,38,3893.939789464554
30613,39.48714,-84.41931,39,3993.752536863007
30613,39.48677,-84.419433,40,4036.440794379949
30613,39.48609,-84.41944,41,4112.417220899075
30613,39.48549,-84.4195,42,4179.6540630330655
30613,39.4852,-84.41953,43,4212.158672501436
30613,39.48444,-84.4196,44,4297.286779155887
30613,39.483988,-84.419719,45,4348.827344869682
30613,39.48361,-84.41969,46,4391.134507009805
30613,39.48318,-84.41974,47,4439.371511622843
30613,39.48274,-84.41979,48,4488.721373444666
30613,39.482387,-84.419833,49,4528.3361238860625
30613,39.482337,-84.419929,50,4538.350578245279
30613,39.482294,-84.419839,51,4547.504683513208
30613,39.48179,-84.41988,52,4603.926576212407
30613,39.481059,-84.419975,53,4686.011709600595
30613,39.480922,-84.419433,54,4735.371686904303
30613,39.481096,-84.41681,55,4963.3038578647975
30613,39.481364,-84.416836,56,4993.331180932611
30613,39.481824,-84.41667,57,5046.6973563560905
30613,39.482618,-84.416372,58,5139.084372904303
30613,39.482959,-84.416274,59,5178.116645496487
30613,39.484481,-84.416322,60,5348.215970729256
30613,39.484866,-84.416061,61,5396.804895098556
30613,39.48492,-84.415585,62,5438.454511176584
30613,39.484739,-84.415284,63,5471.440147421028
30613,39.484358,-84.415236,64,5514.210584766311
30613,39.482748,-84.415779,65,5700.133153568927
30613,39.48113,-84.415892,66,5881.172189678459
30613,39.479619,-84.416132,67,6051.265889251581
30613,39.478095,-84.41613,68,6221.538047288259
30613,39.476348,-84.416361,69,6417.747346729536
30613,39.474971,-84.416815,70,6576.538337093482
30613,39.473041,-84.41796,71,6813.872109330733
30613,39.471614,-84.418794,72,6988.899455312329
30613,39.470349,-84.419101,73,7132.71204953061
30613,39.4686,-84.41942,74,7330.064648530499
30613,39.46807,-84.41947,75,7389.437797016786
30613,39.46754,-84.41951,76,7448.754080261891
30613,39.46682,-84.41958,77,7529.425245461173
30613,39.4661,-84.41964,78,7610.035960371332
30613,39.46521,-84.41971,79,7709.657149472834
30613,39.46485,-84.41974,80,7749.962504443804
30613,39.46431,-84.41979,81,7810.449989929567
30613,39.463414,-84.41987,82,7910.796364336507
30613,39.46341,-84.41987,83,7911.243270200825
30613,39.462514,-84.41995,84,8011.589640322243
30613,39.46251,-84.41995,85,8012.036546140444
30613,39.45976,-84.420191,86,8319.992368218846
30613,39.455723,-84.420558,87,8772.150436773583
30613,39.453388,-84.420737,88,9033.491752894792
30613,39.450818,-84.421013,89,9321.621859708626
30613,39.44979,-84.421143,90,9437.027158651887
30613,39.449113,-84.42141,91,9516.122628422878
30613,39.448578,-84.421685,92,9580.467797674793
30613,39.448022,-84.422251,93,9659.604261596083
30613,39.446296,-84.424231,94,9917.68088850916
30613,39.44577,-84.42482,95,9995.506578695931
30613,39.443497,-84.427625,96,10346.979161082243
30613,39.44342,-84.42771,97,10358.302879627208
30613,39.44298,-84.42823,98,10424.979404377942
30613,39.44271,-84.42854,99,10465.366743905586
30613,39.4425,-84.42876,100,10495.594014304244
30613,39.44211,-84.42922,101,10554.640741261715
30613,39.44187,-84.42951,102,10591.384652683086
30613,39.441629,-84.429921,103,10636.023902967188
30613,39.441629,-84.429921,104,10636.023902967188
30613,39.44133,-84.43015,105,10674.876030783884
30613,39.44075,-84.43083,106,10762.450180550682
30613,39.440091,-84.431621,107,10863.030746477802
30613,39.44005,-84.43167,108,10869.275901153695
30613,39.4398,-84.43194,109,10905.707365853212
30613,39.43943,-84.43237,110,10961.35350282014
30613,39.43913,-84.43273,111,11007.136201274552
30613,39.43882,-84.43309,112,11053.743108696264
30613,39.43817,-84.43386,113,11152.351232301467
30613,39.43765,-84.43448,114,11231.472787730663
30613,39.43733,-84.43486,115,11280.07269312395
30613,39.43692,-84.43533,116,11341.36057284327
30613,39.43669,-84.4356,117,11376.109052361036
30613,39.43647,-84.43588,118,11410.642655171334
30613,39.43613,-84.4363,119,11463.244179441277
30613,39.43589,-84.43659,120,11499.98917624917
30613,39.43566,-84.43689,121,11536.537979876392
30613,39.43542,-84.4372,122,11574.48885909675
30613,39.4352,-84.43751,123,11610.895410586509
30613,39.43493,-84.43791,124,11656.83964084754
30613,39.43464,-84.43834,125,11706.21143670599
30613,39.43443,-84.43867,126,11743.195902812951
30613,39.43423,-84.43898,127,11778.133017002601
30613,39.43375,-84.43975,128,11863.72601747379
30613,39.43349,-84.44015,129,11908.94496370886
30613,39.43329,-84.44046,130,11943.882278780105
30613,39.43309,-84.44079,131,11980.168603152808
30613,39.43268,-84.44143,132,12052.090462121878
30613,39.43234,-84.44196,133,12111.68425736373
30613,39.43186,-84.44271,134,12195.934751205245
30613,39.43165,-84.44303,135,12232.254257563713
30613,39.43124,-84.44369,136,12305.52098509215
30613,39.43106,-84.44396,137,12336.369590942415
30613,39.43073,-84.44449,138,12395.258152245811
30613,39.43049,-84.44486,139,12437.050580473659
30613,39.43025,-84.44524,140,12479.51129080801
30613,39.42992,-84.44578,141,12539.07822650749
30613,39.42972,-84.44612,142,12576.05187230855
30613,39.42941,-84.44668,143,12635.664163014075
30613,39.4291,-84.44728,144,12698.129808785781
30613,39.42893,-84.44764,145,12734.648476873486
30613,39.42876,-84.44801,146,12771.909941822656
30613,39.42862,-84.44833,147,12803.74311551863
30613,39.42849,-84.44864,148,12834.277662783867
30613,39.42834,-84.44901,149,12870.451443453223
30613,39.42814,-84.44951,150,12919.195845602704
30613,39.42795,-84.45002,151,12968.217944046406
30613,39.42775,-84.45053,152,13017.734120639921
30613,39.42759,-84.45093,153,13056.729807510723
30613,39.42746,-84.45125,154,13088.029445674652
30613,39.427519,-84.451349,155,13098.847286098795
30613,39.427519,-84.451349,156,13098.847286098795
30613,39.42723,-84.45179,157,13148.871974467416
30613,39.42707,-84.45215,158,13184.822743439716
30613,39.42685,-84.45264,159,13233.8797197746
30613,39.42647,-84.45351,160,13320.393145009588
30613,39.42625,-84.45401,161,13370.202083323786
30613,39.42609,-84.45439,162,13407.66653290365
30613,39.42589,-84.45487,163,13454.878343820334
30613,39.42573,-84.45525,164,13492.342894195757
30613,39.42552,-84.45574,165,13540.85024688453
30613,39.425091,-84.456762,166,13641.54049712132
30613,39.42505,-84.45686,167,13651.188468342465
30613,39.4249,-84.45721,168,13685.836744365442
30613,39.424464,-84.458226,169,13786.446852448447
30613,39.4242,-84.45884,170,13847.27649295918
30613,39.423766,-84.459858,171,13947.930967743043
30613,39.42371,-84.45999,172,13960.96768162603
30613,39.4235,-84.46045,173,14007.21769028464
30613,39.42316,-84.46114,174,14078.050539181228
30613,39.42248,-84.46053,175,14170.597896485742
30613,39.42223,-84.46032,176,14203.932285952444
30613,39.42184,-84.45998,177,14256.52824546694
30613,39.42156,-84.45982,178,14290.744332534337
30613,39.42129,-84.45972,179,14322.128519015765
30613,39.420889,-84.459639,180,14367.474564209388
30613,39.420939,-84.459037,181,14419.93656524932
30613,39.421103,-84.458593,182,14462.549502918288
30613,39.42111,-84.45781,183,14530.401494862303
30613,39.421085,-84.45684,184,14614.499175826199
30613,39.421277,-84.456634,185,14642.405066229527
30613,39.422777,-84.456508,186,14810.340599356976
30613,39.422942,-84.456649,187,14832.455583358265
30613,39.422973,-84.457145,188,14875.572576235838
30613,39.422997,-84.457402,189,14898.002068589323
30613,39.422943,-84.457525,190,14910.248842466814
30613,39.422989,-84.457788,191,14933.609661972903
30613,39.42331,-84.458041,192,14975.641359361704
30613,39.423192,-84.458438,193,15012.48017743282
30613,39.423048,-84.458825,194,15049.67241047721
30613,39.422933,-84.459073,195,15074.70902311192
30613,39.422608,-84.459445,196,15123.261234623042
30613,39.42244,-84.459819,197,15160.710673648067
30613,39.422318,-84.460048,198,15184.783468193173
30613,39.42223,-84.46032,199,15210.320299090063
30613,39.42248,-84.46053,200,15243.654688556764
30613,39.423123,-84.46119,201,15335.474064408538
30613,39.42296,-84.46151,202,15368.646594849375
30613,39.42279,-84.46182,203,15401.54360788976
30613,39.42255,-84.46226,204,15448.15313290597
30613,39.42232,-84.46267,205,15491.997637422446
30613,39.422,-84.46323,206,15552.26851551897
30613,39.42174,-84.4637,207,15602.29104052274
30613,39.42155,-84.46405,208,15639.308730581095
30613,39.42119,-84.46468,209,15707.113822430265
30613,39.420665,-84.465623,210,15807.695969181863
30613,39.42021,-84.46644,211,15894.84868178354
30613,39.42004,-84.46674,212,15927.042678340647
30613,39.41981,-84.46716,213,15971.592933675052
30613,39.41959,-84.46755,214,16013.37943938531
30613,39.4194,-84.46789,215,16049.691171231076
30613,39.41915,-84.46834,216,16097.655034540518
30613,39.41893,-84.46874,217,16140.14556298813
30613,39.41874,-84.46912,218,16179.322096023348
30613,39.41858,-84.46947,219,16214.52602130142
30613,39.41837,-84.46996,220,16263.036150858446
30613,39.41813,-84.47057,221,16322.30568699141
30613,39.41773,-84.47161,222,16422.895829518027
30613,39.41746,-84.47231,223,16490.63912612233
30613,39.41729,-84.47273,224,16531.690923199894
30613,39.4171,-84.47324,225,16580.717512291285
30613,39.41697,-84.47358,226,16613.564888317134
30613,39.416981,-84.473794,227,16632.149471440185
30613,39.416981,-84.473794,228,16632.149471440185
30613,39.4167,-84.47426,229,16683.297225813418
30613,39.41655,-84.47464,230,16720.24457003832
30613,39.41642,-84.47499,231,16753.871509263976
30613,39.41616,-84.47565,232,16818.01672633735
30613,39.41595,-84.47621,233,16871.916883967082
30613,39.41572,-84.47679,234,16928.363964826312
30613,39.4154,-84.47758,235,17005.593785260167
30613,39.41526,-84.47797,236,17042.83300551029
30613,39.41512,-84.47836,237,17080.07226539251
30613,39.41497,-84.4788,238,17121.720676850655
30613,39.414926,-84.479303,239,17165.584737432622
30613,39.414926,-84.479303,240,17165.584737432622
30613,39.41468,-84.47982,241,17218.143280855104
30613,39.41455,-84.48032,242,17263.840444553964
30613,39.414271,-84.481425,243,17364.540469480537
30613,39.41427,-84.48143,244,17364.98792067228
30613,39.41411,-84.48205,245,17421.61010762997
30613,39.413822,-84.483151,246,17522.29766299544
30613,39.41382,-84.48316,247,17523.10894484575
30613,39.4137,-84.48364,248,17566.81102142907
30613,39.41347,-84.4845,249,17645.640849320378
30613,39.41325,-84.48531,250,17720.011309892314
30613,39.41301,-84.48606,251,17790.317215118816
30613,39.41278,-84.48683,252,17861.81943934163
30613,39.41251,-84.48777,253,17948.6825680038
30613,39.41225,-84.4887,254,18034.34854069936
30613,39.411972,-84.489806,255,18135.098201100005
30613,39.4118,-84.49049,256,18197.40889789202
30613,39.411521,-84.491595,257,18298.110959267626
30613,39.41152,-84.4916,258,18298.55842010245
30613,39.41124,-84.4927,259,18398.883527114554
30613,39.41107,-84.49337,260,18459.971762490426
30613,39.4109,-84.49403,261,18520.237027843992
30613,39.41073,-84.49473,262,18583.801485110416
30613,39.410446,-84.495833,263,18684.514068401128
30613,39.4104,-84.49601,264,18700.690639351193
30613,39.41022,-84.49672,265,18765.421133220618
30613,39.41006,-84.49734,266,18822.04496672558
30613,39.4097,-84.49717,267,18864.875104469884
30613,39.40947,-84.49696,268,18896.36115731122
30613,39.409429,-84.496605,269,18927.46458663001
30613,39.40957,-84.49615,270,18969.924738865724
30613,39.40968,-84.49571,271,19009.986369840986
30613,39.40965,-84.49522,272,19052.58182974359
30613,39.40951,-84.49491,273,19083.6674540386
30613,39.4093,-84.49453,274,19124.100280886803
30613,39.40904,-84.49434,275,19157.488271450376
30613,39.408687,-84.494504,276,19199.406114164198
30613,39.40841,-84.49438,277,19232.163558946944
30613,39.40823,-84.49411,278,19263.015618786758
30613,39.40801,-84.49385,279,19296.358204999975
30613,39.407144,-84.493551,280,19396.512417752012
30613,39.407144,-84.493551,281,19396.512417752012
30613,39.406268,-84.493039,282,19503.963384525763
30613,39.406166,-84.492917,283,19519.50790464566
30613,39.406123,-84.492714,284,19537.744887072742
30613,39.406426,-84.491789,285,19624.76317349124
30613,39.406212,-84.491626,286,19652.53167686708
30613,39.40603,-84.491622,287,19672.866602449267
30613,39.405738,-84.491667,288,19705.71942651552
30613,39.405857,-84.494463,289,19948.39970949058
30613,39.398502,-84.495167,290,20772.31544518746
30613,39.393613,-84.495624,291,21319.91725498697
30613,39.392498,-84.495706,292,21444.680386202603
30613,39.390331,-84.495984,293,21687.95981215689
30613,39.390387,-84.497652,294,21832.684088779424
30613,39.390577,-84.501094,295,22131.802916670775
30613,39.39067,-84.501466,296,22165.681362649924
30613,39.390581,-84.501837,297,22199.342611193075
30613,39.390851,-84.505735,298,22538.575230265575
30613,39.39092,-84.50676,299,22627.75814131456
30613,39.39097,-84.5075,300,22692.145502756302
30613,39.39103,-84.50852,301,22780.814581950326
30613,39.39106,-84.50898,302,22820.82870432567
30613,39.39108,-84.50945,303,22861.63022500533
30613,39.391156,-84.50975,304,22888.985487697755
30613,39.391156,-84.50975,305,22888.985487697755
30613,39.39111,-84.5101,306,22919.756068272385
30613,39.39112,-84.51046,307,22950.981324612352
30613,39.39114,-84.51092,308,22990.91723330766
30613,39.39118,-84.51195,309,23080.31050195609
30613,39.391235,-84.51276,310,23150.79034955692
30613,39.391323,-84.514275,311,23282.478980834985
30613,39.391388,-84.514468,312,23300.71616439062
30613,39.39134,-84.51474,313,23324.895292478228
30613,39.39136,-84.51511,314,23357.044759090244
30613,39.39141,-84.51591,315,23426.61355046999
30613,39.39145,-84.5167,316,23495.236459928572
30613,39.39152,-84.517859,317,23596.002329502582
30613,39.39152,-84.51786,318,23596.089009275143
30613,39.391527,-84.517914,319,23600.834585512308
30613,39.39153,-84.51802,320,23610.028748596105
30613,39.391547,-84.518167,321,23622.911408650423
30613,39.39157,-84.518604,322,23660.877455613674
30613,39.3916,-84.51926,323,23717.837911312836
30613,39.39162,-84.51964,324,23750.85178635752
30613,39.39167,-84.52072,325,23844.631916487266
30613,39.391724,-84.52188,326,23945.36044974717
30613,39.39173,-84.522,327,23955.783498379118
30613,39.391797,-84.523159,328,24056.522685899094
30613,39.39182,-84.52355,329,24090.511297393758
30613,39.39187,-84.52429,330,24154.896154255286
30613,39.391944,-84.525448,331,24255.60950382426
30613,39.39195,-84.52554,332,24263.61201732747
30613,39.39201,-84.52668,333,24362.65209510351
30613,39.39206,-84.52736,334,24421.857119283763
30613,39.3921,-84.52806,335,24482.6958552794
30613,39.39216,-84.52899,336,24563.584168011956
30613,39.3922,-84.52968,337,24623.55826440176
30613,39.392267,-84.530839,338,24724.295575307864
30613,39.39228,-84.53106,339,24743.50617571006
30613,39.39235,-84.532219,340,24844.268606323407
30613,39.39242758878512,-84.53319731779098,341,24929.50774999536
30613,39.39260727912006,-84.53670770465361,342,25234.43624001267
30613,39.39280814153802,-84.53672916232573,343,25256.950799183694
30613,39.39302506834014,-84.53679889976011,344,25281.925406635073
30613,39.39362307927512,-84.53673989116179,345,25348.922532286524
30613,39.39366411905328,-84.53721195994841,346,25390.094906952705
30613,39.39361135361977,-84.53753918944822,347,25419.063351262095
30613,39.393351,-84.538055,348,25472.398190904587
30613,39.39316577725656,-84.53822047053801,349,25497.57346139177
30613,39.39304265697022,-84.5383277588986,350,25514.175522597532
30613,39.392884359139934,-84.53840286075102,351,25533.01844247504
30613,39.39233910830883,-84.53820437728392,352,25596.309288681885
30613,39.39256776240195,-84.53734607039915,353,25674.966436995386
30613,39.39259707697506,-84.53689009486662,354,25714.623937565095
30613,39.39239480616977,-84.5332852059506,355,26027.898059721494
30613,39.39232572340866,-84.53323536441803,356,26036.74202453552
30613,39.391507,-84.533347,357,26128.70957387158
30613,39.391507,-84.533347,358,26128.70957387158
30613,39.39093,-84.53334,359,26193.167334983616
30613,39.39063,-84.53338,360,26226.858294125617
30613,39.39075,-84.53371,361,26258.447482717656
30613,39.39088,-84.53418,362,26301.69725636044
30613,39.39096,-84.53454,363,26334.155898701487
30613,39.39104,-84.53514,364,26386.925002386608
30613,39.3911,-84.53583,365,26447.1071882395
30613,39.39114,-84.53654,366,26508.810438368946
30613,39.39119,-84.53722,367,26568.015299452003
30613,39.39122,-84.53763,368,26603.71075155449
30613,39.39127,-84.538,369,26636.26413192536
30613,39.39135,-84.53837,370,26669.556542794016
30613,39.39149,-84.5388,371,26709.9757593849
30613,39.39162,-84.53913,372,26742.05433826085
30613,39.392092,-84.540119,373,26842.69416723191
30613,39.39216,-84.54026,374,26857.083737591456
30613,39.39245,-84.54089,375,26920.575454945083
30613,39.39268,-84.54138,376,26970.21286676209
30613,39.39284,-84.54175,377,27006.926759087444
30613,39.39298,-84.54214,378,27044.17223567265
30613,39.39308,-84.54252,379,27078.951310679968
30613,39.3932,-84.54308,380,27129.30594595338
30613,39.393316,-84.543332,381,27154.702270783764
30613,39.393316,-84.543332,382,27154.702270783764
30613,39.39335,-84.54371,383,27187.6844699069
30613,39.39348,-84.54409,384,27223.679810552334
30613,39.39376,-84.5447,385,27285.109503754
30613,39.39395,-84.54507,386,27323.565744448366
30613,39.39413,-84.54543,387,27360.685384640357
30613,39.39438,-84.54589,388,27409.362303396178
30613,39.39461,-84.54622,389,27447.80901091738
30613,39.39482,-84.5465,390,27481.561344541602
30613,39.39507,-84.54683,391,27521.535385778105
30613,39.39528,-84.54715,392,27557.860251575272
30613,39.39551,-84.54755,393,27601.010894401523
30613,39.39583,-84.54838,394,27681.338981750097
30613,39.396169,-84.549449,395,27781.429096885102
30613,39.396238,-84.549582,396,27795.295607677373
30613,39.39624,-84.549733,397,27808.384624278668
30613,39.39632,-84.5501,398,27841.42382046872
30613,39.396636,-84.551185,399,27941.866635981754
30613,39.396672,-84.551297,400,27952.373554278995
30613,39.39691,-84.55213,401,28029.30795983177
30613,39.39708,-84.55269,402,28081.424925902593
30613,39.39718,-84.55302,403,28112.129373992266
30613,39.397528,-84.554161,404,28218.383294631298
30613,39.397589,-84.554231,405,28227.50657804838
30613,39.397589,-84.554231,406,28227.50657804838
30613,39.397583,-84.55432,407,28235.24903052946
30613,39.39785,-84.55527,408,28322.818182516654
30613,39.39806,-84.556,409,28390.29359344452
30613,39.39827,-84.55668,410,28453.723618521588
30613,39.3984,-84.55712,411,28494.528021007733
30613,39.39854,-84.55759,412,28538.159771618586
30613,39.39867,-84.558,413,28576.545379846382
30613,39.39892,-84.55878,414,28649.685319700926
30613,39.39902,-84.55911,415,28680.388770666737
30613,39.3991,-84.55945,416,28711.18004003782
30613,39.399343,-84.560261,417,28786.524234932367
30613,39.399413,-84.560278,418,28794.480984168393
30613,39.400104,-84.559995,419,28875.470131898044
30613,39.400342,-84.560722,420,28943.853538103493
30614,39.400342,-84.560722,0,0
30614,39.400552,-84.561507,1,71.96091368034226
30614,39.399777,-84.561942,2,166.38219130310944
30614,39.399292,-84.560355,3,314.20319340891047
30614,39.398887,-84.558995,4,440.4510738201316
30614,39.39864,-84.55822,5,513.0627155545824
30614,39.39852,-84.55785,6,547.8178648736891
30614,39.39839,-84.55742,7,587.8134289755433
30614,39.39819,-84.55672,8,652.4624219696365
30614,39.39798,-84.55604,9,715.89250652117
30614,39.39785,-84.55561,10,755.8884533691453
30614,39.39765,-84.55495,11,817.2966422587482
30614,39.397596,-84.554779,12,833.2972569088894
30614,39.39743,-84.55422,13,885.1716279247746
30614,39.39732,-84.55385,14,919.5121660990633
30614,39.39719,-84.55341,15,960.3173309052968
30614,39.396853,-84.552332,16,1061.0443264849246
30614,39.39684,-84.55229,17,1064.9633683263564
30614,39.39671,-84.55184,18,1106.5799705976658
30614,39.3966,-84.551672,19,1125.6321245074018
30614,39.3966,-84.551672,20,1125.6321245074018
30614,39.3965,-84.5511,21,1176.4496812259358
30614,39.39626,-84.55028,22,1252.4068805687857
30614,39.39613,-84.54985,23,1292.4040463935692
30614,39.39602,-84.54949,24,1325.9374926996118
30614,39.3958,-84.54879,25,1391.3948196279434
30614,39.39569,-84.54841,26,1426.5470450264565
30614,39.39557,-84.54802,27,1462.9094413802752
30614,39.39537,-84.54759,28,1506.361169043284
30614,39.39518,-84.54726,29,1541.9771195315188
30614,39.395009,-84.547151,30,1563.287108289434
30614,39.395009,-84.547151,31,1563.287108289434
30614,39.39488,-84.54683,32,1594.618963292194
30614,39.39468,-84.54657,33,1626.351101114552
30614,39.39446,-84.54628,34,1661.5035707471995
30614,39.39427,-84.546,35,1693.7433473107628
30614,39.394,-84.54552,36,1745.128624939198
30614,39.39381,-84.54512,37,1785.7784888071933
30614,39.39355,-84.54461,38,1838.669493558597
30614,39.39341,-84.54428,39,1871.268004075121
30614,39.39324,-84.54383,40,1914.6485588174705
30614,39.39314,-84.54343,41,1951.073385115955
30614,39.392892,-84.542885,42,2005.835072325478
30614,39.392892,-84.542885,43,2005.835072325478
30614,39.3929,-84.5424,44,2047.8818140498286
30614,39.3928,-84.54205,45,2080.2092903684584
30614,39.39268,-84.54172,46,2111.7973042297294
30614,39.39241,-84.54115,47,2169.680838857712
30614,39.39205,-84.54039,48,2246.8592204799907
30614,39.391581,-84.539399,49,2347.4718446465336
30614,39.39151,-84.53925,50,2362.6275726305817
30614,39.39136,-84.53887,51,2399.5819239426014
30614,39.39124,-84.53852,52,2432.748512737409
30614,39.39114,-84.5381,53,2470.8283259525724
30614,39.39108,-84.53769,54,2506.9926487119874
30614,39.39105,-84.53724,55,2546.141318932648
30614,39.39099,-84.53645,56,2614.9440587199306
30614,39.390912,-84.535292,57,2715.6947386357583
30614,39.39091,-84.53526,58,2718.477424239831
30614,39.39088,-84.5349,59,2749.861030895346
30614,39.39082,-84.53453,60,2782.624893532156
30614,39.39068,-84.53396,61,2834.447723248646
30614,39.39049,-84.53338,62,2889.018028290466
30614,39.39084,-84.53335,63,2928.2018363789925
30614,39.39145,-84.53329,64,2996.541249305319
30614,39.39166,-84.53322,65,3020.7716676251493
30614,39.39166,-84.53322,66,3020.7716676251493
30614,39.39199,-84.53324,67,3057.675703152701
30614,39.39241,-84.5332,68,3104.72055762703
30614,39.392580991881466,-84.5366942809138,69,3408.1934774256365
30614,39.39288120800427,-84.53676938276622,70,3442.3554482453874
30614,39.392998465696095,-84.53681766252849,71,3456.1060948953073
30614,39.393619928172825,-84.5367640183482,72,3525.6829291275044
30614,39.39364924230389,-84.53723072271679,73,3566.2666477347216
30614,39.393608202516965,-84.53753113012645,74,3592.704817216265
30614,39.39347335733278,-84.5378637240443,75,3625.2304449366447
30614,39.393351,-84.538055,76,3646.7170040151605
30614,39.39305709446811,-84.53833042841289,77,3687.309922413586
30614,39.39285189355052,-84.5383679793391,78,3710.462029370869
30614,39.39234768301822,-84.53818558912609,79,3768.961960166773
30614,39.39255874833562,-84.53729509573314,80,3849.6670614777527
30614,39.392576337083256,-84.53684984903667,81,3888.3091958735504
30614,39.39234,-84.532041,82,4305.958048690079
30614,39.39228,-84.53106,83,4391.25188347681
30614,39.392213,-84.529901,84,4491.989141157962
30614,39.3922,-84.52968,85,4511.199794461588
30614,39.39216,-84.52899,86,4571.173890851393
30614,39.3921,-84.52806,87,4652.062203583951
30614,39.39206,-84.52736,88,4712.9009395795865
30614,39.39201,-84.52668,89,4772.105963759841
30614,39.39195,-84.52554,90,4871.1460415358815
30614,39.391876,-84.524382,91,4971.859368102553
30614,39.39187,-84.52429,92,4979.861904433948
30614,39.39182,-84.52355,93,5044.246761295479
30614,39.391753,-84.522391,94,5144.985854592379
30614,39.39173,-84.522,95,5178.97455973773
30614,39.391661,-84.520841,96,5279.7308716362095
30614,39.39166,-84.52083,97,5280.690864454885
30614,39.3916,-84.52021,98,5334.848372401531
30614,39.39157,-84.51975,99,5374.861489049113
30614,39.39151,-84.51909,100,5432.461283319736
30614,39.39146,-84.51831,101,5500.30177658588
30614,39.391363,-84.516721,102,5638.461806499483
30614,39.39135,-84.51649,103,5658.53751451512
30614,39.39131,-84.51589,104,5710.737258904995
30614,39.391257,-84.515138,105,5776.189241052729
30614,39.391195,-84.515002,106,5789.861832306746
30614,39.391238,-84.51477,107,5810.537459405736
30614,39.391208,-84.514081,108,5870.3543511039215
30614,39.39113,-84.51277,109,5984.326457857631
30614,39.3911,-84.51219,110,6034.713014434704
30614,39.39105,-84.51126,111,6115.519760765004
30614,39.39101,-84.51054,112,6178.090071564813
30614,39.390946,-84.50978,113,6244.354820107241
30614,39.390946,-84.50978,114,6244.354820107241
30614,39.39092,-84.509,115,6312.028860807324
30614,39.39088,-84.50831,116,6372.005979779818
30614,39.39083,-84.50761,117,6432.939877685602
30614,39.39077,-84.507,118,6486.239084386724
30614,39.39075,-84.50662,119,6519.254009361204
30614,39.3907,-84.50577,120,6593.145408657446
30614,39.390473,-84.501457,121,6967.867598869728
30614,39.390415,-84.500959,122,7011.519457989314
30614,39.390449,-84.500578,123,7044.763537049029
30614,39.390305,-84.496032,124,7439.156446177334
30614,39.394259,-84.495626,125,7882.2710686674045
30614,39.405845,-84.494464,126,9180.496613113075
30614,39.405712,-84.491682,127,9422.056630254432
30614,39.405819,-84.491648,128,9434.367869816888
30614,39.406108,-84.49161,129,9466.82078244261
30614,39.406413,-84.491709,130,9501.957221244587
30614,39.406152,-84.492698,131,9592.492266535955
30614,39.406161,-84.492874,132,9607.778369678454
30614,39.406235,-84.493032,133,9623.77334877075
30614,39.406765,-84.493284,134,9686.881094918574
30614,39.406928,-84.493348,135,9705.916432792485
30614,39.406988,-84.493304,136,9713.628011262994
30614,39.406988,-84.493304,137,9713.628011262994
30614,39.407072,-84.493431,138,9728.091651467006
30614,39.40801,-84.493833,139,9838.51875491849
30614,39.40809,-84.493873,140,9848.104592918638
30614,39.408223,-84.494082,141,9871.531421139047
30614,39.408434,-84.494431,142,9909.876941491786
30614,39.408712,-84.494528,143,9942.050888429972
30614,39.40946,-84.49409,144,10033.829679044844
30614,39.40959,-84.49466,145,10085.31671577096
30614,39.40966,-84.495,146,10115.801230706114
30614,39.40976,-84.49536,147,10148.938662980883
30614,39.40972,-84.49588,148,10194.2228269957
30614,39.40959,-84.49639,149,10240.744292851086
30614,39.40952,-84.49674,150,10272.06714584122
30614,39.4096,-84.49709,151,10303.687387497726
30614,39.40994,-84.49733,152,10346.991406791343
30614,39.41016,-84.49644,153,10427.939357690204
30614,39.410435,-84.495333,154,10528.670101416297
30614,39.41049,-84.49511,155,10548.948320020218
30614,39.410773,-84.494007,156,10649.625822675604
30614,39.41078,-84.49398,157,10652.092830371186
30614,39.411,-84.49309,158,10733.040307966028
30614,39.41122,-84.4922,159,10813.987663201633
30614,39.41139,-84.49154,160,10874.25284807607
30614,39.41162,-84.49063,161,10957.192260227237
30614,39.41186,-84.48968,162,11043.773417015407
30614,39.41211,-84.48864,163,11138.12591652729
30614,39.41229,-84.48798,164,11198.752053096307
30614,39.41248,-84.48726,165,11264.657184355361
30614,39.41263,-84.48675,166,11311.922745655555
30614,39.412949,-84.485663,167,11412.635160465217
30614,39.41307,-84.48525,168,11450.892262073236
30614,39.41331,-84.48443,169,11526.841017581424
30614,39.41353,-84.48358,170,11604.491498122245
30614,39.413815,-84.482477,171,11705.237194212987
30614,39.41391,-84.48211,172,11738.764242894465
30614,39.414191,-84.481005,173,11839.534015787214
30614,39.41423,-84.48085,174,11853.654707905365
30614,39.41437,-84.4803,175,11903.81624768728
30614,39.41448,-84.47984,176,11945.52929447954
30614,39.41458,-84.47946,177,11980.302037893893
30614,39.41469,-84.47906,178,12017.078325724568
30614,39.41479,-84.47872,179,12048.588225175998
30614,39.41493,-84.4783,180,12088.20193591945
30614,39.41515,-84.47773,181,12143.372560238988
30614,39.4153,-84.47735,182,12180.320322218362
30614,39.41544,-84.47703,183,12212.156719838684
30614,39.41562,-84.47656,184,12257.578481413475
30614,39.41581,-84.47604,185,12307.388209867311
30614,39.41596,-84.47566,186,12344.33578829147
30614,39.41594,-84.47522,187,12382.529324838486
30614,39.416004,-84.474831,188,12416.987996443917
30614,39.416004,-84.474831,189,12416.987996443917
30614,39.41625,-84.47436,190,12466.192622395185
30614,39.41639,-84.47401,191,12500.317035729257
30614,39.41675,-84.47369,192,12549.16803566362
30614,39.41689,-84.47332,193,12584.841458660629
30614,39.41704,-84.47296,194,12620.252890580628
30614,39.41725,-84.47244,195,12671.054454333427
30614,39.41744,-84.47196,196,12717.75125834664
30614,39.41762,-84.47152,197,12760.856738509963
30614,39.41775,-84.47118,198,12793.703970881123
30614,39.41804,-84.47045,199,12864.774704764239
30614,39.41826,-84.46989,200,12919.1695926638
30614,39.41845,-84.46938,201,12968.195767657038
30614,39.41861,-84.46905,202,13001.918201880131
30614,39.41881,-84.46866,203,13042.431125034282
30614,39.41898,-84.46836,204,13074.625399645362
30614,39.41923,-84.46791,205,13122.589339558277
30614,39.41949,-84.46745,206,13171.909840619886
30614,39.420016,-84.466508,207,13272.487681980125
30614,39.42011,-84.46634,208,13290.437574727117
30614,39.42043,-84.46576,209,13352.113038682006
30614,39.42094,-84.46484,210,13450.0993660137
30614,39.42125,-84.46428,211,13509.714820318772
30614,39.42163,-84.4636,212,13582.33736333396
30614,39.42189,-84.46315,213,13630.959481374532
30614,39.42233,-84.46235,214,13715.938787620644
30614,39.42252,-84.46201,215,13752.249817300271
30614,39.42268,-84.46172,216,13783.087058556357
30614,39.42305,-84.46104,217,13855.061521247811
30614,39.423535,-84.459973,218,13962.222435162346
30614,39.424009,-84.458863,219,14072.015526383893
30614,39.424025,-84.458629,220,14092.369557306543
30614,39.4239,-84.458484,221,14111.154398098575
30614,39.423335,-84.458083,222,14183.207247459559
30614,39.422954,-84.457775,223,14233.44701413501
30614,39.422943,-84.457525,224,14255.143956762857
30614,39.422931,-84.456741,225,14323.089631894834
30614,39.422901,-84.456637,226,14332.704183065474
30614,39.422791,-84.45653,227,14348.098467431217
30614,39.42276,-84.456849,228,14375.95555911091
30614,39.422791,-84.457726,229,14452.025359904097
30614,39.422914,-84.457729,230,14465.769374677688
30614,39.42381,-84.45838,231,14580.669568074973
30614,39.42407,-84.4585,232,14611.521612162618
30614,39.424238,-84.458446,233,14630.86496258633
30614,39.42455,-84.45767,234,14706.600671124463
30614,39.4247,-84.45732,235,14741.249056962062
30614,39.42486,-84.45694,236,14778.713918511865
30614,39.42518,-84.4562,237,14852.125206413699
30614,39.42532,-84.45587,238,14884.716638757463
30614,39.42549,-84.45547,239,14924.237617633484
30614,39.42565,-84.45509,240,14961.702255811273
30614,39.4258,-84.45472,241,14997.87680150065
30614,39.42599,-84.45427,242,15042.270798410358
30614,39.42615,-84.4539,243,15078.976158297235
30614,39.42632,-84.45349,244,15119.258882391392
30614,39.42653,-84.45301,245,15167.009454207848
30614,39.42667,-84.45268,246,15199.600557660238
30614,39.4269,-84.45212,247,15254.505432575177
30614,39.42704,-84.45178,248,15287.859181039788
30614,39.42721,-84.45139,249,15326.6220625709
30614,39.427242,-84.451122,250,15350.116238588067
30614,39.427242,-84.451122,251,15350.116238588067
30614,39.42753,-84.4506,252,15405.621666790235
30614,39.42767,-84.45026,253,15438.975256657062
30614,39.42788,-84.44971,254,15492.091480865012
30614,39.42804,-84.44929,255,15532.63497611165
30614,39.42826,-84.44875,256,15585.485347649503
30614,39.4285,-84.44816,257,15643.209940136403
30614,39.42866,-84.44778,258,15680.673742607809
30614,39.42883,-84.44741,259,15717.935260884677
30614,39.42911,-84.44685,260,15775.665067521531
30614,39.42932,-84.44643,261,15818.962346934013
30614,39.42954,-84.44604,262,15860.746371898402
30614,39.42976,-84.44565,263,15902.530335091096
30614,39.42998,-84.44528,264,15942.925780708294
30614,39.43021,-84.44492,265,15983.338112961696
30614,39.43066,-84.4442,266,16063.456862882013
30614,39.43119,-84.44338,267,16155.942331201084
30614,39.43139,-84.44306,268,16191.550471204131
30614,39.43185,-84.44234,269,16272.374373199817
30614,39.43204,-84.44205,270,16305.266365008225
30614,39.43222,-84.44177,271,16336.77686152883
30614,39.43256,-84.44123,272,16397.04083997181
30614,39.43279,-84.44087,273,16437.452526573623
30614,39.43306,-84.44043,274,16486.064615418523
30614,39.43322,-84.44013,275,16517.609705105573
30614,39.43337,-84.43979,276,16551.50001209961
30614,39.43363,-84.43908,277,16619.526508046034
30614,39.43386,-84.43843,278,16681.426484088453
30614,39.434,-84.43802,279,16720.238995526182
30614,39.43415,-84.4376,280,16760.300268798568
30614,39.4343,-84.43717,281,16801.150027300893
30614,39.434663,-84.436106,282,16901.858531801918
30614,39.43476,-84.43582,283,16928.90289727225
30614,39.43495,-84.43528,284,16980.27723373565
30614,39.43508,-84.43495,285,17012.34493242849
30614,39.43522,-84.43465,286,17042.67935003183
30614,39.4354,-84.43431,287,17078.34580647686
30614,39.43564,-84.43399,288,17116.91482256185
30614,39.43589,-84.4337,289,17154.48307211056
30614,39.43619,-84.43343,290,17195.355665628926
30614,39.43647,-84.43323,291,17231.11648617117
30614,39.43677,-84.43306,292,17267.726833624918
30614,39.43727,-84.43287,293,17325.96362908835
30614,39.4379,-84.43264,294,17399.11596397565
30614,39.43831,-84.43248,295,17446.974220095202
30614,39.43861,-84.43236,296,17482.066725813413
30614,39.43895,-84.43219,297,17522.808046736776
30614,39.43929,-84.43198,298,17564.926101881225
30614,39.43963,-84.43171,299,17609.53632066037
30614,39.43993,-84.43143,300,17650.910186443154
30614,39.44015,-84.43119,301,17683.10376015414
30614,39.44035,-84.431,302,17710.85657670814
30614,39.440397,-84.430771,303,17731.378083554388
30614,39.440599,-84.430687,304,17755.09063677192
30614,39.4412,-84.42996,305,17847.150962473468
30614,39.44148,-84.42961,306,17890.716275677176
30614,39.442148,-84.428832,307,17991.276366406568
30614,39.44258,-84.42833,308,18056.243056815943
30614,39.443238,-84.427538,309,18156.79978073419
30614,39.44327,-84.4275,310,18161.659638887435
30614,39.44362,-84.42708,311,18215.071726716815
30614,39.44423,-84.42636,312,18307.45618717309
30614,39.44455,-84.42598,313,18356.05450322534
30614,39.44666428703366,-84.4234836430359,314,18676.307650922015
30614,39.44745063231708,-84.42255157424925,315,18795.62752272121
30614,39.448142944669264,-84.42185804779052,316,18893.56571641461
30614,39.44889525901521,-84.42127452133178,317,18991.64639938421
30614,39.4493744113333,-84.42102994461061,318,19049.219816831042
30614,39.44988640389246,-84.42090411392212,319,19107.45198583113
30614,39.45087262376097,-84.42079119857789,320,19218.0719418501
30614,39.456746434940875,-84.42030787582397,321,19875.665415336043
30614,39.461015950374176,-84.41988621444703,322,20354.079047174095
30614,39.46251,-84.41979,323,20521.211793657454
30614,39.463406,-84.419705,324,20621.58901580375
30614,39.46357,-84.41969,325,20639.958151927378
30614,39.46428,-84.41963,326,20719.453968553706
30614,39.46482,-84.41958,327,20779.941469323992
30614,39.46518,-84.41955,328,20820.246834464477
30614,39.466076,-84.41947,329,20920.59324282214
30614,39.46608,-84.41947,330,20921.04014894006
30614,39.4668,-84.41941,331,21001.650885380128
30614,39.46734,-84.41936,332,21062.138392215125
30614,39.46805,-84.4193,333,21141.634224571484
30614,39.46847,-84.41926,334,21188.687050954257
30614,39.46895,-84.41922,335,21242.427548632662
30614,39.46925,-84.41919,336,21276.046044659706
30614,39.46976,-84.41914,337,21333.19086257031
30614,39.47023,-84.41907,338,21386.05105801468
30614,39.47066,-84.41897,339,21434.867663513527
30614,39.47094,-84.41889,340,21466.908955656356
30614,39.47123,-84.41879,341,21500.446854603517
30614,39.474777,-84.416849,342,21930.909688742253
30614,39.476226,-84.416285,343,22100.00753400387
30614,39.477688,-84.416088,344,22264.24072657645
30614,39.479705,-84.41597,345,22489.825768486076
30614,39.480137,-84.415703,346,22543.34248467817
30614,39.480332,-84.41483,347,22622.006017163934
30614,39.481287,-84.414245,348,22740.117218642084
30614,39.481282,-84.415551,349,22853.19332809236
30614,39.481043,-84.417476,350,23021.98708237441
30614,39.481051,-84.419933,351,23234.717840066252
30614,39.482336,-84.419745,352,23379.206049656354
30614,39.484001,-84.419578,353,23565.791633514957
30614,39.487656,-84.41916,354,23975.752315960715
30614,39.489093,-84.419037,355,24136.65608013516
30614,39.490289,-84.418945,356,24270.51817963032
30614,39.492392,-84.418688,357,24506.530130486117
30614,39.494179,-84.418528,358,24706.665425171876
30614,39.496056,-84.418269,359,24917.571364762927
30614,39.497108,-84.418124,360,25035.77609110833
30614,39.49923,-84.417678,361,25275.98278329746
30614,39.499976,-84.417668,362,25359.335440060808
30614,39.501061,-84.41761,363,25480.66288630193
30614,39.501988,-84.417191,364,25590.399693876556
30614,39.503615,-84.416499,365,25781.792667020425
30614,39.505497,-84.414858,366,26035.53760067034
30614,39.506354,-84.414101,367,26151.55818986545
30614,39.507113,-84.413465,368,26252.658173339663
30614,39.506992,-84.410176,369,26537.638610922113
30614,39.506904,-84.408604,370,26674.049125550966
30614,39.50681,-84.408195,371,26710.97307997025
30614,39.506874,-84.407784,372,26747.256618179814
30614,39.5077,-84.40772,373,26839.7104160511
30614,39.50815,-84.40769,374,26890.055228995305
30614,39.508469,-84.40761,375,26926.362913675333
30614,39.50925,-84.4076,376,27013.627157472994
30614,39.509699,-84.407498,377,27064.564042839178
30614,39.51004,-84.40754,378,27102.83646802691
30614,39.510937,-84.407476,379,27203.20987903499
30614,39.511106,-84.407412,380,27222.8876153639
30614,39.5118,-84.40741,381,27300.427400566048
30614,39.51205,-84.40712,382,27337.978619174566
30614,39.51219,-84.406891,383,27363.22622209439
30614,39.512795,-84.406469,384,27440.057108544137
30614,39.51325,-84.40607,385,27501.5119794719
30614,39.51355,-84.40583,386,27540.94410764297
30614,39.51381,-84.40561,387,27575.676816873915
30614,39.514269,-84.405219,388,27637.117701012918
30614,39.514305,-84.405108,389,27647.531834136145
30614,39.51444,-84.40508,390,27662.808635738747
30614,39.51504,-84.40457,391,27743.070426277438
30614,39.51504,-84.40457,392,27743.070426277438
30614,39.515751,-84.403959,393,27838.49812245862
30614,39.51557,-84.40353,394,27880.774112814022
30614,39.515387,-84.403175,395,27917.67763207373
30614,39.515325,-84.40343,396,27940.806967218767
30615,39.372335,-84.516626,0,0
30615,39.372861,-84.516474,1,60.219195801281856
30615,39.372993,-84.517193,2,124.27903548422353
30615,39.373483,-84.517719,3,195.5257719689925
30615,39.373873,-84.517858,4,240.7286958302289
30615,39.374354,-84.517858,5,294.461037093686
30615,39.37476,-84.517998,6,341.4113304305274
30615,39.375064,-84.518294,7,383.97740479610854
30615,39.374909,-84.518631,8,417.9406558422025
30615,39.374793,-84.519231,9,471.55064252244705
30615,39.37481,-84.520154,10,551.5977204948084
30615,39.374917,-84.521935,11,706.4727589285208
30615,39.374955,-84.523249,12,820.4755223583609
30615,39.374797,-84.52473,13,950.0853376019893
30615,39.374482,-84.525406,14,1018.4464479115749
30615,39.374175,-84.525985,15,1079.2419628878351
30615,39.380937,-84.535455,16,2194.871602459146
30615,39.381182,-84.535477,17,2222.3060906306996
30615,39.381343,-84.535446,18,2240.4905281975703
30615,39.38152,-84.535533,19,2261.6522130646863
30615,39.381544,-84.535769,20,2282.2859428876714
30615,39.381677,-84.536166,21,2319.7716652408135
30615,39.381918,-84.536477,22,2357.8717797411464
30615,39.382643,-84.537105,23,2455.456047399391
30615,39.386971,-84.541246,24,3057.612120424154
30615,39.388613,-84.543135,25,3303.4861668947033
30615,39.390072,-84.544873,26,3525.4244464448643
30615,39.391863,-84.544015,27,3738.8634377670637
30615,39.393193,-84.54305,28,3909.35774908972
30615,39.393436,-84.543942,29,3991.2977335626256
30615,39.39444,-84.545948,30,4198.197459825219
30615,39.39468,-84.546291,31,4238.228908839646
30615,39.395283,-84.547105,32,4335.771113179136
30615,39.395507,-84.547511,33,4378.948836110856
30615,39.395681,-84.547888,34,4416.9675929566465
30615,39.395747,-84.548156,35,4441.337228116917
30615,39.395831,-84.548413,36,4465.507195962874
30615,39.396585,-84.550956,37,4701.45292152148
30615,39.397461,-84.55402,38,4984.459427816057
30615,39.39941,-84.560302,39,5570.809517580713
30615,39.400093,-84.560028,40,5650.7122037092195
30615,39.400342,-84.560722,41,5716.976385850681
30615,39.400538,-84.561502,42,5788.030474411879
30615,39.399777,-84.561954,43,5881.6270325308005
30615,39.398887,-84.558995,44,6156.662693823126
30615,39.39864,-84.55822,45,6229.274335557577
30615,39.39852,-84.55785,46,6264.0294848766835
30615,39.39839,-84.55742,47,6304.025048978538
30615,39.39819,-84.55672,48,6368.674041972631
30615,39.39798,-84.55604,49,6432.104126524165
30615,39.39785,-84.55561,50,6472.10007337214
30615,39.39765,-84.55495,51,6533.508262261743
30615,39.39754,-84.55457,52,6568.659328190637
30615,39.39743,-84.55422,53,6601.387086031868
30615,39.39732,-84.55385,54,6635.727624206157
30615,39.39719,-84.55341,55,6676.532789012391
30615,39.396853,-84.552332,56,6777.259784592018
30615,39.39684,-84.55229,57,6781.17882643345
30615,39.39671,-84.55184,58,6822.79542870476
30615,39.3966,-84.551672,59,6841.847582614496
30615,39.3966,-84.551672,60,6841.847582614496
30615,39.3965,-84.5511,61,6892.665139333029
30615,39.39626,-84.55028,62,6968.622338675879
30615,39.39613,-84.54985,63,7008.6195045006625
30615,39.39602,-84.54949,64,7042.152950806705
30615,39.3958,-84.54879,65,7107.610277735037
30615,39.39569,-84.54841,66,7142.76250313355
30615,39.39557,-84.54802,67,7179.124899487369
30615,39.39537,-84.54759,68,7222.576627150377
30615,39.39518,-84.54726,69,7258.1925776386115
30615,39.395009,-84.547151,70,7279.502566396527
30615,39.395009,-84.547151,71,7279.502566396527
30615,39.39488,-84.54683,72,7310.834421399287
30615,39.39468,-84.54657,73,7342.566559221645
30615,39.39446,-84.54628,74,7377.719028854292
30615,39.39427,-84.546,75,7409.958805417856
30615,39.394,-84.54552,76,7461.344083046291
30615,39.39381,-84.54512,77,7501.993946914286
30615,39.39355,-84.54461,78,7554.88495166569
30615,39.39341,-84.54428,79,7587.483462182214
30615,39.39324,-84.54383,80,7630.864016924563
30615,39.39314,-84.54343,81,7667.2888432230475
30615,39.392892,-84.542885,82,7722.050530432571
30615,39.392892,-84.542885,83,7722.050530432571
30615,39.3929,-84.5424,84,7764.0972721569215
30615,39.3928,-84.54205,85,7796.4247484755515
30615,39.39268,-84.54172,86,7828.012762336823
30615,39.39241,-84.54115,87,7885.8962969648055
30615,39.39205,-84.54039,88,7963.074678587084
30615,39.391581,-84.539399,89,8063.687302753628
30615,39.39151,-84.53925,90,8078.843030737676
30615,39.39136,-84.53887,91,8115.797382049695
30615,39.39124,-84.53852,92,8148.963970844503
30615,39.39114,-84.5381,93,8187.043784059666
30615,39.39108,-84.53769,94,8223.20810681908
30615,39.39105,-84.53724,95,8262.35677703974
30615,39.39099,-84.53645,96,8331.159516827023
30615,39.390912,-84.535292,97,8431.91019674285
30615,39.39091,-84.53526,98,8434.692882346922
30615,39.39088,-84.5349,99,8466.076489002438
30615,39.39082,-84.53453,100,8498.840351639248
30615,39.39068,-84.53396,101,8550.663181355738
30615,39.39049,-84.53338,102,8605.233486397557
30615,39.39084,-84.53335,103,8644.417294486084
30615,39.39145,-84.53329,104,8712.75670741241
30615,39.39166,-84.53322,105,8736.987125732241
30615,39.39166,-84.53322,106,8736.987125732241
30615,39.39199,-84.53324,107,8773.891161259793
30615,39.39241,-84.5332,108,8820.936015734122
30615,39.39258611220487,-84.53668485502608,109,9123.63018610311
30615,39.39272652738083,-84.53673045257933,110,9139.805709647218
30615,39.39287309978975,-84.53674654583342,111,9156.238090023342
30615,39.39301087757342,-84.53680555443175,112,9172.456329756395
30615,39.39362036579016,-84.53674249409858,113,9240.759074222615
30615,39.39364674850849,-84.53710995673362,114,9272.744800852575
30615,39.39363502285711,-84.53736744879905,115,9295.10120517596
30615,39.393570531739414,-84.53759543656531,116,9316.134156812448
30615,39.39345620642967,-84.5378636574668,117,9342.658886703248
30615,39.393351,-84.538055,118,9362.985272320679
30615,39.393060065197126,-84.53832499741736,119,9403.033388004214
30615,39.392851932842355,-84.53837595938865,120,9426.698917430138
30615,39.39235358524443,-84.53820966242972,121,9484.203160330484
30615,39.39255878762761,-84.53733258008185,122,9563.605736827725
30615,39.39257637637521,-84.53688465117636,123,9602.480052968238
30615,39.39234,-84.532041,124,10023.139703698982
30615,39.39228,-84.53106,125,10108.433538485713
30615,39.392213,-84.529901,126,10209.170796166865
30615,39.3922,-84.52968,127,10228.381449470491
30615,39.39216,-84.52899,128,10288.355545860297
30615,39.3921,-84.52806,129,10369.243858592856
30615,39.39206,-84.52736,130,10430.082594588492
30615,39.39201,-84.52668,131,10489.287618768747
30615,39.39195,-84.52554,132,10588.327696544788
30615,39.391876,-84.524382,133,10689.04102311146
30615,39.39187,-84.52429,134,10697.043559442855
30615,39.39182,-84.52355,135,10761.428416304385
30615,39.391753,-84.522391,136,10862.167509601286
30615,39.39173,-84.522,137,10896.156214746636
30615,39.391661,-84.520841,138,10996.912526645116
30615,39.39166,-84.52083,139,10997.87251946379
30615,39.3916,-84.52021,140,11052.030027410436
30615,39.39157,-84.51975,141,11092.043144058016
30615,39.39151,-84.51909,142,11149.64293832864
30615,39.39146,-84.51831,143,11217.483431594785
30615,39.39143,-84.51788,144,11254.906120712376
30615,39.391395,-84.517547,145,11284.03413700479
30615,39.391363,-84.516721,146,11355.721039141472
30615,39.39135,-84.51649,147,11375.796747157108
30615,39.39131,-84.51589,148,11427.996491546983
30615,39.39128,-84.51542,149,11468.873864981642
30615,39.391195,-84.515002,150,11506.32986080564
30615,39.391235,-84.514647,151,11537.424201096688
30615,39.39117,-84.51355,152,11632.789738135205
30615,39.39113,-84.51277,153,11700.548312718405
30615,39.3911,-84.51219,154,11750.934869295477
30615,39.39105,-84.51126,155,11831.741615625777
30615,39.39101,-84.51054,156,11894.311926425586
30615,39.390946,-84.50978,157,11960.576674968013
30615,39.390946,-84.50978,158,11960.576674968013
30615,39.39092,-84.509,159,12028.250715668097
30615,39.39088,-84.50831,160,12088.227834640591
30615,39.39083,-84.50761,161,12149.161732546376
30615,39.39077,-84.507,162,12202.460939247498
30615,39.39075,-84.50662,163,12235.475864221979
30615,39.3907,-84.50577,164,12309.36726351822
30615,39.390458,-84.501116,165,12713.694227645672
30615,39.390415,-84.500959,166,12728.126406187715
30615,39.390445,-84.500768,167,12745.01872766006
30615,39.390267,-84.4959,168,13167.463988711075
30615,39.392593,-84.495688,169,13427.958441582201
30615,39.405821,-84.494445,170,14909.627159299363
30615,39.405706,-84.491645,171,15152.629675950886
30615,39.406047,-84.491591,172,15191.010581480303
30615,39.406273,-84.49167,173,15217.169819981465
30615,39.406424,-84.491717,174,15234.52345764592
30615,39.406145,-84.492733,175,15327.92846180819
30615,39.406222,-84.493009,176,15353.347644464036
30615,39.406882,-84.493333,177,15432.244563318503
30615,39.406988,-84.493304,178,15444.34999459507
30615,39.406988,-84.493304,179,15444.34999459507
30615,39.40701,-84.493399,180,15452.94204732597
30615,39.408024,-84.49385,181,15572.77313479605
30615,39.408096,-84.49387,182,15581.00115038993
30615,39.408213,-84.494077,183,15603.196823468577
30615,39.408402,-84.494321,184,15633.078730847943
30615,39.408648,-84.494453,185,15662.84606500432
30615,39.40904,-84.49434,186,15707.719378735308
30615,39.409448,-84.494106,187,15757.60608270635
30615,39.409507,-84.49429,188,15774.860133163538
30615,39.409718,-84.495145,189,15852.613641021275
30615,39.409756,-84.495537,190,15886.848556604225
30615,39.409703,-84.495848,191,15914.442485882872
30615,39.409598,-84.496358,192,15960.16915223977
30615,39.40953,-84.49677,193,15996.67225899796
30615,39.409592,-84.497042,194,16021.240298087818
30615,39.40994,-84.49733,195,16067.438329403907
30615,39.41016,-84.49644,196,16148.386280302768
30615,39.410435,-84.495333,197,16249.117024028861
30615,39.41049,-84.49511,198,16269.395242632781
30615,39.410773,-84.494007,199,16370.072745288167
30615,39.41078,-84.49398,200,16372.53975298375
30615,39.411,-84.49309,201,16453.487230578594
30615,39.41122,-84.4922,202,16534.434585814197
30615,39.41139,-84.49154,203,16594.699770688636
30615,39.41162,-84.49063,204,16677.639182839805
30615,39.41186,-84.48968,205,16764.220339627977
30615,39.41211,-84.48864,206,16858.57283913986
30615,39.41229,-84.48798,207,16919.198975708874
30615,39.41248,-84.48726,208,16985.104106967927
30615,39.41263,-84.48675,209,17032.369668268122
30615,39.412949,-84.485663,210,17133.082083077785
30615,39.41307,-84.48525,211,17171.339184685803
30615,39.41331,-84.48443,212,17247.28794019399
30615,39.41353,-84.48358,213,17324.93842073481
30615,39.413815,-84.482477,214,17425.68411682555
30615,39.41391,-84.48211,215,17459.211165507026
30615,39.414191,-84.481005,216,17559.980938399774
30615,39.41423,-84.48085,217,17574.101630517926
30615,39.41437,-84.4803,218,17624.26317029984
30615,39.41448,-84.47984,219,17665.9762170921
30615,39.41458,-84.47946,220,17700.74896050645
30615,39.41469,-84.47906,221,17737.525248337126
30615,39.41479,-84.47872,222,17769.035147788556
30615,39.41493,-84.4783,223,17808.648858532008
30615,39.41515,-84.47773,224,17863.819482851544
30615,39.4153,-84.47735,225,17900.76724483092
30615,39.41544,-84.47703,226,17932.603642451242
30615,39.41562,-84.47656,227,17978.025404026033
30615,39.41581,-84.47604,228,18027.835132479868
30615,39.41596,-84.47566,229,18064.782710904026
30615,39.41594,-84.47522,230,18102.976247451043
30615,39.416004,-84.474831,231,18137.43491905647
30615,39.416004,-84.474831,232,18137.43491905647
30615,39.41625,-84.47436,233,18186.63954500774
30615,39.41639,-84.47401,234,18220.763958341813
30615,39.41675,-84.47369,235,18269.614958276175
30615,39.41689,-84.47332,236,18305.288381273185
30615,39.41704,-84.47296,237,18340.699813193183
30615,39.41725,-84.47244,238,18391.50137694598
30615,39.41744,-84.47196,239,18438.198180959193
30615,39.41762,-84.47152,240,18481.303661122518
30615,39.41775,-84.47118,241,18514.15089349368
30615,39.41804,-84.47045,242,18585.221627376795
30615,39.41826,-84.46989,243,18639.616515276357
30615,39.41845,-84.46938,244,18688.642690269597
30615,39.41861,-84.46905,245,18722.365124492688
30615,39.41881,-84.46866,246,18762.87804764684
30615,39.41898,-84.46836,247,18795.072322257918
30615,39.41923,-84.46791,248,18843.036262170834
30615,39.41949,-84.46745,249,18892.35676323244
30615,39.420016,-84.466508,250,18992.93460459268
30615,39.42011,-84.46634,251,19010.884497339674
30615,39.42043,-84.46576,252,19072.559961294563
30615,39.42094,-84.46484,253,19170.546288626254
30615,39.42125,-84.46428,254,19230.161742931326
30615,39.42163,-84.4636,255,19302.784285946516
30615,39.42189,-84.46315,256,19351.40640398709
30615,39.42233,-84.46235,257,19436.3857102332
30615,39.42252,-84.46201,258,19472.69673991283
30615,39.42268,-84.46172,259,19503.533981168915
30615,39.42305,-84.46104,260,19575.50844386037
30615,39.423523,-84.459999,261,19680.04786192017
30615,39.424033,-84.458853,262,19794.53107433062
30615,39.424001,-84.45856,263,19820.16911385675
30615,39.423327,-84.458078,264,19906.2748968199
30615,39.422966,-84.457791,265,19953.656324384538
30615,39.422943,-84.457525,266,19976.847600077213
30615,39.422946,-84.45686,267,20034.46983582401
30615,39.422907,-84.456653,268,20052.927722495606
30615,39.422797,-84.456557,269,20067.767486621888
30615,39.422762,-84.456841,270,20092.68446748944
30615,39.422795,-84.457724,271,20169.284051453145
30615,39.422909,-84.457737,272,20182.069844073205
30615,39.423024,-84.457812,273,20196.46769288648
30615,39.423346,-84.458042,274,20237.592907968818
30615,39.42381,-84.45838,275,20297.1319913646
30615,39.42407,-84.4585,276,20327.984035452246
30615,39.424226,-84.458398,277,20347.52515398568
30615,39.42455,-84.45767,278,20420.251802699593
30615,39.4247,-84.45732,279,20454.90018853719
30615,39.42486,-84.45694,280,20492.36505008699
30615,39.42518,-84.4562,281,20565.776337988827
30615,39.42532,-84.45587,282,20598.367770332592
30615,39.42549,-84.45547,283,20637.888749208614
30615,39.42565,-84.45509,284,20675.353387386403
30615,39.4258,-84.45472,285,20711.52793307578
30615,39.42599,-84.45427,286,20755.92192998549
30615,39.42615,-84.4539,287,20792.627289872366
30615,39.42632,-84.45349,288,20832.910013966524
30615,39.42653,-84.45301,289,20880.66058578298
30615,39.42667,-84.45268,290,20913.25168923537
30615,39.4269,-84.45212,291,20968.15656415031
30615,39.42704,-84.45178,292,21001.510312614922
30615,39.42721,-84.45139,293,21040.273194146033
30615,39.427242,-84.451122,294,21063.7673701632
30615,39.427242,-84.451122,295,21063.7673701632
30615,39.42753,-84.4506,296,21119.27279836537
30615,39.42767,-84.45026,297,21152.6263882322
30615,39.42788,-84.44971,298,21205.74261244015
30615,39.42804,-84.44929,299,21246.28610768679
30615,39.42826,-84.44875,300,21299.13647922464
30615,39.4285,-84.44816,301,21356.86107171154
30615,39.42866,-84.44778,302,21394.32487418295
30615,39.42883,-84.44741,303,21431.586392459816
30615,39.42911,-84.44685,304,21489.316199096673
30615,39.42932,-84.44643,305,21532.613478509153
30615,39.42954,-84.44604,306,21574.39750347354
30615,39.42976,-84.44565,307,21616.181466666236
30615,39.42998,-84.44528,308,21656.57691228343
30615,39.43021,-84.44492,309,21696.98924453683
30615,39.43066,-84.4442,310,21777.107994457147
30615,39.43119,-84.44338,311,21869.593462776218
30615,39.43139,-84.44306,312,21905.201602779263
30615,39.43185,-84.44234,313,21986.02550477495
30615,39.43204,-84.44205,314,22018.91749658336
30615,39.43222,-84.44177,315,22050.427993103964
30615,39.43256,-84.44123,316,22110.691971546945
30615,39.43279,-84.44087,317,22151.103658148757
30615,39.43306,-84.44043,318,22199.715746993657
30615,39.43322,-84.44013,319,22231.260836680707
30615,39.43337,-84.43979,320,22265.151143674742
30615,39.43363,-84.43908,321,22333.177639621168
30615,39.43386,-84.43843,322,22395.077615663587
30615,39.434,-84.43802,323,22433.890127101316
30615,39.43415,-84.4376,324,22473.951400373702
30615,39.4343,-84.43717,325,22514.801158876027
30615,39.434663,-84.436106,326,22615.50966337705
30615,39.43476,-84.43582,327,22642.554028847386
30615,39.43495,-84.43528,328,22693.928365310785
30615,39.43508,-84.43495,329,22725.996064003622
30615,39.43522,-84.43465,330,22756.330481606965
30615,39.4354,-84.43431,331,22791.996938051994
30615,39.43564,-84.43399,332,22830.565954136982
30615,39.43589,-84.4337,333,22868.134203685695
30615,39.43619,-84.43343,334,22909.00679720406
30615,39.43647,-84.43323,335,22944.767617746304
30615,39.43677,-84.43306,336,22981.377965200052
30615,39.43727,-84.43287,337,23039.614760663484
30615,39.4379,-84.43264,338,23112.767095550786
30615,39.43831,-84.43248,339,23160.625351670336
30615,39.43861,-84.43236,340,23195.717857388547
30615,39.43895,-84.43219,341,23236.45917831191
30615,39.43929,-84.43198,342,23278.57723345636
30615,39.43963,-84.43171,343,23323.187452235503
30615,39.43993,-84.43143,344,23364.561318018288
30615,39.44015,-84.43119,345,23396.754891729273
30615,39.440409,-84.430882,346,23436.115614788843
30615,39.440397,-84.430771,347,23445.82457508328
30615,39.440623,-84.430595,348,23475.320648704004
30615,39.4412,-84.42996,349,23560.06634759219
30615,39.44148,-84.42961,350,23603.631660795898
30615,39.442148,-84.428832,351,23704.19175152529
30615,39.44258,-84.42833,352,23769.158441934665
30615,39.443238,-84.427538,353,23869.71516585291
30615,39.44327,-84.4275,354,23874.575024006157
30615,39.44362,-84.42708,355,23927.987111835537
30615,39.44423,-84.42636,356,24020.371572291813
30615,39.44455,-84.42598,357,24068.96988834406
30615,39.44608905039421,-84.42418598014832,358,24300.74230472872
30615,39.446960708479295,-84.42316536903382,359,24432.272908441097
30615,39.44783320436152,-84.4222096560669,360,24560.163503131324
30615,39.44841543400896,-84.42159799468995,361,24644.060764273396
30615,39.44892280736421,-84.42124382537843,362,24708.51677701947
30615,39.449529303631536,-84.42099548675536,363,24779.61081429402
30615,39.45002052332457,-84.4208966230011,364,24835.157069230856
30615,39.45240544054861,-84.42066464019777,365,25102.371712249686
30615,39.46251,-84.41979,366,26233.85661866102
30615,39.463406,-84.419705,367,26334.233840807316
30615,39.46357,-84.41969,368,26352.602976930943
30615,39.46428,-84.41963,369,26432.09879355727
30615,39.46482,-84.41958,370,26492.586294327557
30615,39.46518,-84.41955,371,26532.89165946804
30615,39.466076,-84.41947,372,26633.238067825703
30615,39.46608,-84.41947,373,26633.684973943626
30615,39.4668,-84.41941,374,26714.295710383692
30615,39.46734,-84.41936,375,26774.78321721869
30615,39.46805,-84.4193,376,26854.27904957505
30615,39.46847,-84.41926,377,26901.33187595782
30615,39.46895,-84.41922,378,26955.072373636227
30615,39.46925,-84.41919,379,26988.69086966327
30615,39.46976,-84.41914,380,27045.835687573875
30615,39.47023,-84.41907,381,27098.695883018245
30615,39.47066,-84.41897,382,27147.51248851709
30615,39.47094,-84.41889,383,27179.55378065992
30615,39.47123,-84.41879,384,27213.09167960708
30615,39.472374,-84.41817,385,27351.724586694127
30615,39.474089,-84.417163,386,27562.243607114673
30615,39.475437,-84.416398,387,27726.77495304753
30615,39.476807,-84.416163,388,27881.18759539573
30615,39.479447,-84.41599,389,28176.52722111048
30615,39.479934,-84.415893,390,28231.58267949539
30615,39.480173,-84.415574,391,28270.00000993505
30615,39.480273,-84.415212,392,28303.274603886963
30615,39.480432,-84.414616,393,28357.84974961834
30615,39.480581,-84.414472,394,28378.648338155745
30615,39.481291,-84.414273,395,28459.824364114935
30615,39.4813,-84.415123,396,28533.425057879133
30615,39.481121,-84.416478,397,28652.43464405516
30615,39.481037,-84.418187,398,28800.698711404017
30615,39.480992,-84.419953,399,28953.68292218435
30615,39.482336,-84.419745,400,29104.91925971129
30615,39.484001,-84.419578,401,29291.50484356989
30615,39.486083,-84.41946,402,29524.34358429306
30615,39.487656,-84.41916,403,29701.998105099003
30615,39.489093,-84.419037,404,29862.901869273446
30615,39.490289,-84.418945,405,29996.763968768606
30615,39.492392,-84.418688,406,30232.775919624404
30615,39.492965,-84.418641,407,30296.924418925617
30615,39.49411,-84.418543,408,30425.132367705563
30615,39.496705,-84.418219,409,30716.416381123167
30615,39.49789,-84.417931,410,30851.139099624343
30615,39.499345,-84.417678,411,31015.16994395481
30615,39.501011,-84.417637,412,31201.340554284503
30615,39.502015,-84.417169,413,31320.604233336242
30615,39.503426,-84.41659,414,31486.024722958973
30615,39.505416,-84.414989,415,31748.00784173427
30615,39.507113,-84.413465,416,31978.976890056536
30615,39.506919,-84.408609,417,32399.818029180227
30615,39.50681,-84.408195,418,32437.662637565863
30615,39.506861,-84.407778,419,32474.200940155624
30615,39.5077,-84.40772,420,32568.07543911458
30615,39.50815,-84.40769,421,32618.420252058782
30615,39.508469,-84.40761,422,32654.72793673881
30615,39.50925,-84.4076,423,32741.992180536472
30615,39.509699,-84.407498,424,32792.92906590266
30615,39.51004,-84.40754,425,32831.20149109039
30615,39.510937,-84.407476,426,32931.574902098466
30615,39.511106,-84.407412,427,32951.25263842737
30615,39.5118,-84.40741,428,33028.79242362952
30615,39.51219,-84.406891,429,33091.37161091891
30615,39.512795,-84.406469,430,33168.20249736866
30615,39.51325,-84.40607,431,33229.657368296415
30615,39.51355,-84.40583,432,33269.08949646748
30615,39.51381,-84.40561,433,33303.82220569843
30615,39.514305,-84.405108,434,33374.150558452995
30615,39.51504,-84.40457,435,33468.551491546146
30615,39.51504,-84.40457,436,33468.551491546146
30615,39.515751,-84.403959,437,33563.979187727324
30615,39.51557,-84.40353,438,33606.25517808273
30615,39.515387,-84.403175,439,33643.158697342435
30615,39.515325,-84.40343,440,33666.28803248747
